customerID,MonthlyCharges,predicted_next_bill,bill_drop,bill_drop_label,recommended_offer,email_sent,customer_segment,enterprise_customer
7590-VHVEG,29.85,30.21856641733214,-0.3685664173321399,Normal,No Offer Needed,False,Regular Customer,False
5575-GNVDE,56.95,56.58404141062617,0.3659585893738324,Normal,No Offer Needed,False,Regular Customer,False
3668-QPYBK,53.85,53.76700828008257,0.08299171991743037,Normal,No Offer Needed,False,Regular Customer,False
7795-CFOCW,42.3,42.33962033385598,-0.039620333855985734,Normal,No Offer Needed,False,Regular Customer,False
9237-HQITU,70.7,70.96875218578386,-0.2687521857838533,Normal,No Offer Needed,False,Regular Customer,False
9305-CDSKC,99.65,99.4710799020043,0.1789200979957002,Normal,No Offer Needed,False,Regular Customer,True
1452-KIOVK,89.1,88.76542805682837,0.33457194317162475,Normal,No Offer Needed,False,Regular Customer,True
6713-OKOMC,29.75,30.052282948124663,-0.30228294812466316,Normal,No Offer Needed,False,Regular Customer,False
7892-POOKP,104.8,104.54695593006095,0.25304406993905104,Normal,No Offer Needed,False,Regular Customer,True
6388-TABGU,56.15,55.85424511453223,0.2957548854677654,Normal,No Offer Needed,False,Regular Customer,True
9763-GRSKD,49.95,49.62689471770007,0.3231052822999345,Normal,No Offer Needed,False,Regular Customer,False
7469-LKBCI,18.95,19.927106474770216,-0.977106474770217,Normal,No Offer Needed,False,Regular Customer,False
8091-TTVAX,100.35,100.31111870145119,0.038881298548801624,Normal,No Offer Needed,False,Regular Customer,True
0280-XJGEX,103.7,103.50174305779727,0.1982569422027325,Normal,No Offer Needed,False,Regular Customer,True
5129-JLPIS,105.5,105.4591369696688,0.040863030331195205,Normal,No Offer Needed,False,Regular Customer,True
3655-SNQYZ,113.25,113.25387430541107,-0.0038743054110739195,Normal,No Offer Needed,False,Regular Customer,True
8191-XWSZG,20.65,20.471171485388666,0.17882851461133242,Normal,No Offer Needed,False,Regular Customer,True
9959-WOFKT,106.7,106.89128499973104,-0.19128499973103885,Normal,No Offer Needed,False,Regular Customer,True
4190-MFLUW,55.2,55.04287568320779,0.1571243167922134,Normal,No Offer Needed,False,Regular Customer,False
4183-MYFRB,90.05,89.82501029010636,0.22498970989363443,Normal,No Offer Needed,False,Regular Customer,True
8779-QRDMV,39.65,40.446383391215704,-0.7963833912157057,Normal,No Offer Needed,False,Regular Customer,False
1680-VDCWW,19.8,20.254494192753285,-0.45449419275328395,Normal,No Offer Needed,False,Regular Customer,False
1066-JKSGK,20.15,20.76986306368246,-0.6198630636824625,Normal,No Offer Needed,False,Regular Customer,False
3638-WEABW,59.9,59.65899628684674,0.24100371315326186,Normal,No Offer Needed,False,Regular Customer,True
6322-HRPFA,59.6,59.34155679559887,0.2584432044011322,Normal,No Offer Needed,False,Regular Customer,False
6865-JZNKO,55.3,55.06290945320316,0.2370905467968356,Normal,No Offer Needed,False,Regular Customer,False
6467-CHFZW,99.35,99.29248295723474,0.057517042765255155,Normal,No Offer Needed,False,Regular Customer,True
8665-UTDHZ,30.2,30.72932864965692,-0.5293286496569216,Normal,No Offer Needed,False,Regular Customer,False
5248-YGIJN,90.25,90.17920584953643,0.07079415046356985,Normal,No Offer Needed,False,Regular Customer,True
8773-HHUOZ,64.7,64.5265080757865,0.1734919242135078,Normal,No Offer Needed,False,Regular Customer,False
3841-NFECX,96.35,96.22124767549619,0.12875232450380736,Normal,No Offer Needed,False,Regular Customer,True
4929-XIHVW,95.5,95.28378397506728,0.21621602493272007,Normal,No Offer Needed,False,Regular Customer,True
6827-IEAUQ,66.15,65.23659796730605,0.913402032693952,High Drop,Personalized Retention Offer,True,Outreach Customer,False
7310-EGVHZ,20.2,20.888335373632554,-0.6883353736325546,Normal,No Offer Needed,False,Regular Customer,False
3413-BMNZE,45.25,45.45603748987413,-0.2060374898741273,Normal,No Offer Needed,False,Regular Customer,False
6234-RAAPL,99.9,99.69339548879417,0.206604511205839,Normal,No Offer Needed,False,Regular Customer,True
6047-YHPVI,69.7,70.0521705361975,-0.35217053619749095,Normal,No Offer Needed,False,Regular Customer,False
6572-ADKRS,74.8,74.75437637457881,0.04562362542118592,Normal,No Offer Needed,False,Regular Customer,False
5380-WJKOV,106.35,106.19565285671253,0.1543471432874668,Normal,No Offer Needed,False,Regular Customer,True
8168-UQWWF,97.85,97.54602629229188,0.30397370770810994,Normal,No Offer Needed,False,Regular Customer,True
8865-TNMNX,49.55,49.04046279372423,0.5095372062757662,High Drop,Online Security Add-on,True,Outreach Customer,False
9489-DEDVP,69.2,68.96042382675076,0.2395761732492474,Normal,No Offer Needed,False,Regular Customer,True
9867-JCZSP,20.75,20.74615510097727,0.0038448990227308855,Normal,No Offer Needed,False,Regular Customer,False
4671-VJLCL,79.85,79.57368417279783,0.2763158272021684,Normal,No Offer Needed,False,Regular Customer,True
4080-IIARD,76.2,75.68746782561968,0.5125321743803255,High Drop,Loyalty Discount Offer,True,Outreach Customer,False
3714-NTNFO,84.5,84.59170465619816,-0.0917046561981607,Normal,No Offer Needed,False,Regular Customer,True
5948-UJZLF,49.25,48.996469257077536,0.25353074292246447,Normal,No Offer Needed,False,Regular Customer,False
7760-OYPDY,80.65,80.76938565861258,-0.11938565861257189,Normal,No Offer Needed,False,Regular Customer,True
7639-LIAYI,79.75,80.13775432507526,-0.38775432507526375,Normal,No Offer Needed,False,Regular Customer,True
2954-PIBKO,64.15,63.80518064705334,0.344819352946665,Normal,No Offer Needed,False,Regular Customer,True
8012-SOUDQ,90.25,89.97230952622022,0.27769047377978495,Normal,No Offer Needed,False,Regular Customer,True
9420-LOJKX,99.1,99.20918601214956,-0.10918601214956425,Normal,No Offer Needed,False,Regular Customer,True
6575-SUVOI,69.5,69.25672748619505,0.2432725138049534,Normal,No Offer Needed,False,Regular Customer,False
7495-OOKFY,80.65,80.44084844004973,0.20915155995027135,Normal,No Offer Needed,False,Regular Customer,True
4667-QONEA,74.85,74.47301631171977,0.37698368828021955,Normal,No Offer Needed,False,Regular Customer,True
1658-BYGOY,95.45,95.65039221075592,-0.20039221075592195,Normal,No Offer Needed,False,Regular Customer,True
8769-KKTPH,99.65,99.74139952897455,-0.09139952897454862,Normal,No Offer Needed,False,Regular Customer,True
5067-XJQFU,108.45,108.10327135529,0.346728644709998,Normal,No Offer Needed,False,Regular Customer,True
3957-SQXML,24.95,25.271479875124058,-0.3214798751240586,Normal,No Offer Needed,False,Regular Customer,False
5954-BDFSG,107.5,107.82421892726757,-0.32421892726756596,Normal,No Offer Needed,False,Regular Customer,True
0434-CSFON,100.5,100.25718612947382,0.2428138705261773,Normal,No Offer Needed,False,Regular Customer,True
1215-FIGMP,89.9,89.63234534603997,0.2676546539600366,Normal,No Offer Needed,False,Regular Customer,True
0526-SXDJP,42.1,41.953257975772885,0.14674202422711602,Normal,No Offer Needed,False,Regular Customer,True
0557-ASKVU,54.4,54.055719756822135,0.3442802431778631,Normal,No Offer Needed,False,Regular Customer,False
5698-BQJOH,94.4,94.48816823662929,-0.08816823662928641,Normal,No Offer Needed,False,Regular Customer,True
5122-CYFXA,75.3,75.13949866910347,0.16050133089652263,Normal,No Offer Needed,False,Regular Customer,False
8627-ZYGSZ,78.9,78.65330257752746,0.24669742247255044,Normal,No Offer Needed,False,Regular Customer,False
3410-YOQBQ,79.2,78.73016397677073,0.4698360232292771,High Drop,Online Security Add-on,True,Outreach Customer,False
3170-NMYVV,20.15,20.213853974548183,-0.06385397454818431,Normal,No Offer Needed,False,Regular Customer,False
7410-OIEDU,79.85,79.46830336796785,0.38169663203214554,Normal,No Offer Needed,False,Regular Customer,False
2273-QCKXA,49.05,48.91749369388324,0.13250630611675973,Normal,No Offer Needed,False,Regular Customer,False
0731-EBJQB,20.4,20.37431278820597,0.025687211794028997,Normal,No Offer Needed,False,Regular Customer,True
1891-QRQSA,111.6,111.58095680588522,0.019043194114772177,Normal,No Offer Needed,False,Regular Customer,True
8028-PNXHQ,24.25,24.131168777752904,0.11883122224709552,Normal,No Offer Needed,False,Regular Customer,True
5630-AHZIL,64.5,64.47278850230074,0.02721149769925546,Normal,No Offer Needed,False,Regular Customer,False
2673-CXQEU,110.5,110.39198132782465,0.10801867217534777,Normal,No Offer Needed,False,Regular Customer,True
6416-JNVRK,55.65,55.92039171555735,-0.2703917155573521,Normal,No Offer Needed,False,Regular Customer,False
5590-ZSKRV,54.65,54.09124002077078,0.5587599792292153,High Drop,Loyalty Discount Offer,True,Outreach Customer,False
0191-ZHSKZ,74.75,74.80799638568413,-0.057996385684134566,Normal,No Offer Needed,False,Regular Customer,False
3887-PBQAO,25.9,25.865288214736847,0.034711785263151995,Normal,No Offer Needed,False,Regular Customer,False
5919-TMRGD,79.35,79.37964916764301,-0.029649167643015062,Normal,No Offer Needed,False,Regular Customer,False
8108-UXRQN,50.55,50.96220445468105,-0.4122044546810528,Normal,No Offer Needed,False,Regular Customer,False
9191-MYQKX,75.15,74.88573799111798,0.264262008882028,Normal,No Offer Needed,False,Regular Customer,False
9919-YLNNG,103.8,103.37180575805208,0.4281942419479208,High Drop,Premium Entertainment Bundle,True,Outreach Customer,True
0318-ZOPWS,20.15,20.320789058379113,-0.17078905837911407,Normal,No Offer Needed,False,Regular Customer,False
4445-ZJNMU,99.3,99.11335487672689,0.18664512327310945,Normal,No Offer Needed,False,Regular Customer,True
4808-YNLEU,62.15,61.93770879106119,0.21229120893880804,Normal,No Offer Needed,False,Regular Customer,False
1862-QRWPE,20.65,20.76668228296037,-0.11668228296037242,Normal,No Offer Needed,False,Regular Customer,False
2796-NNUFI,19.95,19.824343381669493,0.12565661833050612,Normal,No Offer Needed,False,Regular Customer,False
3016-KSVCP,33.75,33.70784234464927,0.04215765535072791,Normal,No Offer Needed,False,Regular Customer,False
4767-HZZHQ,82.05,81.46980683159578,0.5801931684042216,High Drop,Premium Entertainment Bundle,True,Outreach Customer,True
2424-WVHPL,74.7,74.81079753087577,-0.1107975308757716,Normal,No Offer Needed,False,Regular Customer,False
7233-PAHHL,84.0,83.59212753797033,0.40787246202967253,Normal,No Offer Needed,False,Regular Customer,True
6067-NGCEU,111.05,110.99902528790312,0.050974712096873986,Normal,No Offer Needed,False,Regular Customer,True
9848-JQJTX,100.9,100.97751305099848,-0.07751305099847627,Normal,No Offer Needed,False,Regular Customer,True
8637-XJIVR,78.95,79.09462141279353,-0.14462141279352636,Normal,No Offer Needed,False,Regular Customer,False
9803-FTJCG,66.85,66.4349228378643,0.4150771621356881,Normal,No Offer Needed,False,Regular Customer,True
0278-YXOOG,21.05,21.62014788716683,-0.5701478871668293,Normal,No Offer Needed,False,Regular Customer,False
3212-KXOCR,21.0,21.378113986852075,-0.37811398685207465,Normal,No Offer Needed,False,Regular Customer,True
4598-XLKNJ,98.5,98.25915891594339,0.24084108405661198,Normal,No Offer Needed,False,Regular Customer,True
6380-ARCEH,20.2,20.6574406286805,-0.4574406286805015,Normal,No Offer Needed,False,Regular Customer,False
3679-XASPY,19.45,19.987012846262964,-0.5370128462629644,Normal,No Offer Needed,False,Regular Customer,False
7123-WQUHX,95.0,94.57678489358975,0.42321510641025384,High Drop,Premium Entertainment Bundle,True,Outreach Customer,True
5386-THSLQ,45.55,45.045734819675275,0.5042651803247225,High Drop,Online Security Add-on,True,Outreach Customer,True
3192-NQECA,110.0,110.05263184509688,-0.05263184509688301,Normal,No Offer Needed,False,Regular Customer,True
6180-YBIQI,24.3,24.701236232829377,-0.40123623282937615,Normal,No Offer Needed,False,Regular Customer,False
6728-DKUCO,104.15,104.05307589420417,0.09692410579583566,Normal,No Offer Needed,False,Regular Customer,True
9750-BOOHV,30.15,30.264455268515835,-0.11445526851583665,Normal,No Offer Needed,False,Regular Customer,False
8597-CWYHH,94.35,94.1265109293703,0.22348907062969658,Normal,No Offer Needed,False,Regular Customer,True
2848-YXSMW,19.4,19.506403117516047,-0.1064031175160487,Normal,No Offer Needed,False,Regular Customer,True
0486-HECZI,96.75,96.71128909049723,0.03871090950276823,Normal,No Offer Needed,False,Regular Customer,True
4549-ZDQYY,57.95,57.819310194770004,0.1306898052299985,Normal,No Offer Needed,False,Regular Customer,True
5712-AHQNN,91.65,91.30411199153471,0.34588800846529466,Normal,No Offer Needed,False,Regular Customer,True
4846-WHAFZ,76.5,76.50691784376951,-0.00691784376951432,Normal,No Offer Needed,False,Regular Customer,False
5256-SKJGO,54.6,54.67829439107708,-0.0782943910770797,Normal,No Offer Needed,False,Regular Customer,True
3071-VBYPO,89.85,89.4912676075346,0.3587323924653987,Normal,No Offer Needed,False,Regular Customer,True
9560-BBZXK,31.05,31.594828730948606,-0.5448287309486055,Normal,No Offer Needed,False,Regular Customer,False
5299-RULOA,100.25,100.13090255137512,0.1190974486248848,Normal,No Offer Needed,False,Regular Customer,True
8402-OOOHJ,20.65,20.82619777011688,-0.17619777011688242,Normal,No Offer Needed,False,Regular Customer,False
9445-ZUEQE,85.2,84.72795090001311,0.47204909998689004,High Drop,Premium Entertainment Bundle,True,Outreach Customer,True
1091-SOZGA,99.8,99.55254559981533,0.24745440018466525,Normal,No Offer Needed,False,Regular Customer,True
2928-HLDBA,20.7,21.011358445431537,-0.31135844543153723,Normal,No Offer Needed,False,Regular Customer,False
0404-SWRVG,74.4,74.5903255836068,-0.19032558360679275,Normal,No Offer Needed,False,Regular Customer,False
6497-TILVL,50.7,50.347333860594745,0.35266613940525815,Normal,No Offer Needed,False,Regular Customer,False
7219-TLZHO,20.85,20.9492564116613,-0.0992564116612975,Normal,No Offer Needed,False,Regular Customer,False
4622-YNKIJ,88.95,89.30385236597401,-0.3538523659740065,Normal,No Offer Needed,False,Regular Customer,True
4412-YLTKF,78.05,77.96198227189969,0.08801772810031139,Normal,No Offer Needed,False,Regular Customer,False
6734-PSBAW,23.55,23.452137872241547,0.09786212775845371,Normal,No Offer Needed,False,Regular Customer,True
3930-ZGWVE,19.75,20.211595593124382,-0.4615955931243825,Normal,No Offer Needed,False,Regular Customer,False
2639-UGMAZ,56.45,56.75530492055783,-0.30530492055783043,Normal,No Offer Needed,False,Regular Customer,True
2876-GZYZC,85.95,86.00421078452534,-0.05421078452533834,Normal,No Offer Needed,False,Regular Customer,True
6207-WIOLX,58.6,58.71572078873789,-0.11572078873788882,Normal,No Offer Needed,False,Regular Customer,False
8587-XYZSF,50.55,50.55568097437858,-0.0056809743785848354,Normal,No Offer Needed,False,Regular Customer,True
3091-FYHKI,35.45,36.484203806041954,-1.0342038060419512,Normal,No Offer Needed,False,Regular Customer,False
2372-HWUHI,44.35,44.87089365209616,-0.5208936520961558,Normal,No Offer Needed,False,Regular Customer,False
7799-LGRDP,25.7,26.149139977365127,-0.4491399773651281,Normal,No Offer Needed,False,Regular Customer,False
7850-VWJUU,75.0,75.00582065301734,-0.005820653017337918,Normal,No Offer Needed,False,Regular Customer,False
3774-VBNXY,20.2,19.892278798198138,0.30772120180186135,Normal,No Offer Needed,False,Regular Customer,True
6217-KDYWC,19.6,19.573036606626722,0.026963393373279132,Normal,No Offer Needed,False,Regular Customer,True
0390-DCFDQ,70.45,70.20900199652131,0.24099800347869405,Normal,No Offer Needed,False,Regular Customer,False
3146-MSEGF,88.05,87.82890505228714,0.22109494771285654,Normal,No Offer Needed,False,Regular Customer,True
4080-OGPJL,71.15,71.37990241160406,-0.22990241160405844,Normal,No Offer Needed,False,Regular Customer,False
1095-WGNGG,101.05,100.9689200892603,0.08107991073970311,Normal,No Offer Needed,False,Regular Customer,True
2636-SJDOU,84.3,84.32814195761979,-0.028141957619794766,Normal,No Offer Needed,False,Regular Customer,True
1131-QQZEB,23.95,23.896463852911758,0.05353614708824139,Normal,No Offer Needed,False,Regular Customer,True
5716-EZXZN,99.05,98.95455540448371,0.09544459551628393,Normal,No Offer Needed,False,Regular Customer,True
6837-BJYDQ,19.6,20.060323717773418,-0.4603237177734165,Normal,No Offer Needed,False,Regular Customer,False
2135-RXIHG,45.65,46.14539268534163,-0.49539268534163483,Normal,No Offer Needed,False,Regular Customer,False
6440-DKQGE,64.5,64.14928262048915,0.35071737951085424,Normal,No Offer Needed,False,Regular Customer,False
3466-BYAVD,69.5,68.70312264118968,0.7968773588103204,High Drop,Loyalty Discount Offer,True,Outreach Customer,False
3780-YVMFA,68.55,68.3961370177025,0.15386298229749684,Normal,No Offer Needed,False,Regular Customer,False
3874-EQOEP,95.0,94.76671924531466,0.23328075468533882,Normal,No Offer Needed,False,Regular Customer,True
1679-JRFBR,108.15,108.01419857921938,0.13580142078062352,Normal,No Offer Needed,False,Regular Customer,True
9073-ZZIAY,86.1,85.98348787608802,0.11651212391197419,Normal,No Offer Needed,False,Regular Customer,True
3077-RSNTJ,19.7,19.790314887105193,-0.09031488710519398,Normal,No Offer Needed,False,Regular Customer,False
6551-GNYDG,80.9,80.71493729296817,0.18506270703183247,Normal,No Offer Needed,False,Regular Customer,True
9167-APMXZ,84.15,83.8402285996755,0.30977140032450734,Normal,No Offer Needed,False,Regular Customer,True
2749-CTKAJ,20.15,20.160232279372856,-0.010232279372857533,Normal,No Offer Needed,False,Regular Customer,False
6371-NZYEG,64.25,63.84806865219246,0.40193134780754036,Normal,No Offer Needed,False,Regular Customer,False
7554-NEWDD,25.7,26.36444700067599,-0.6644470006759917,Normal,No Offer Needed,False,Regular Customer,False
8992-VONJD,56.0,55.90639157624132,0.09360842375868117,Normal,No Offer Needed,False,Regular Customer,False
0867-MKZVY,82.4,82.42538178112409,-0.02538178112408218,Normal,No Offer Needed,False,Regular Customer,True
4482-EWFMI,69.7,69.81272426830213,-0.11272426830213078,Normal,No Offer Needed,False,Regular Customer,False
4648-YPBTM,73.9,73.67451308118625,0.2254869188137576,Normal,No Offer Needed,False,Regular Customer,True
2907-ILJBN,20.6,20.65003514644429,-0.05003514644428719,Normal,No Offer Needed,False,Regular Customer,False
6345-FZOQH,19.9,19.724958739870733,0.1750412601292659,Normal,No Offer Needed,False,Regular Customer,True
3376-BMGFE,70.9,71.00517484399731,-0.10517484399730392,Normal,No Offer Needed,False,Regular Customer,False
5997-OPVFA,89.05,88.77070311649072,0.27929688350927506,Normal,No Offer Needed,False,Regular Customer,True
3445-HXXGF,45.3,45.41955345784497,-0.1195534578449724,Normal,No Offer Needed,False,Regular Customer,True
1159-WFSGR,20.4,20.762931525748684,-0.36293152574868515,Normal,No Offer Needed,False,Regular Customer,False
7654-YWJUF,84.25,83.9432801818647,0.30671981813530635,Normal,No Offer Needed,False,Regular Customer,True
1875-QIVME,104.4,103.94989830614487,0.45010169385513166,High Drop,Premium Entertainment Bundle,True,Outreach Customer,True
6727-IOTLZ,81.95,81.39082886012787,0.5591711398721344,High Drop,Online Security Add-on,True,Outreach Customer,True
0691-JVSYA,94.85,94.78473236394552,0.06526763605447172,Normal,No Offer Needed,False,Regular Customer,True
5918-VUKWP,20.55,20.83045904527983,-0.2804590452798301,Normal,No Offer Needed,False,Regular Customer,False
1744-JHKYS,24.7,24.818870034609475,-0.11887003460947554,Normal,No Offer Needed,False,Regular Customer,False
2656-FMOKZ,74.45,74.18437464171909,0.26562535828091427,Normal,No Offer Needed,False,Regular Customer,False
2070-FNEXE,76.45,76.6025660759718,-0.15256607597179084,Normal,No Offer Needed,False,Regular Customer,False
5947-SGKCL,105.35,104.43663722851389,0.9133627714861063,High Drop,Premium Entertainment Bundle,True,Outreach Customer,True
3712-PKXZA,20.55,20.645949719340678,-0.09594971934067686,Normal,No Offer Needed,False,Regular Customer,True
6317-YPKDH,29.95,30.470698744826183,-0.5206987448261842,Normal,No Offer Needed,False,Regular Customer,False
6582-OIVSP,45.3,45.18510242458913,0.11489757541086476,Normal,No Offer Needed,False,Regular Customer,False
9367-WXLCH,84.5,84.6367942792997,-0.136794279299707,Normal,No Offer Needed,False,Regular Customer,True
5524-KHNJP,74.75,74.65535511144503,0.09464488855496711,Normal,No Offer Needed,False,Regular Customer,False
1918-ZBFQJ,79.25,79.08900079717058,0.16099920282941582,Normal,No Offer Needed,False,Regular Customer,False
1024-GUALD,24.8,25.558802792383673,-0.7588027923836727,Normal,No Offer Needed,False,Regular Customer,False
4827-USJHP,51.8,51.42391865106838,0.3760813489316206,Normal,No Offer Needed,False,Regular Customer,False
8167-GJLRN,30.4,31.090682901973608,-0.6906829019736094,Normal,No Offer Needed,False,Regular Customer,False
0956-SYCWG,19.65,20.299265017884217,-0.6492650178842183,Normal,No Offer Needed,False,Regular Customer,False
8017-UVSZU,56.6,56.26786379566823,0.3321362043317748,Normal,No Offer Needed,False,Regular Customer,False
7100-FQPRV,71.9,71.8729174947157,0.02708250528431222,Normal,No Offer Needed,False,Regular Customer,False
2472-OVKUP,91.0,90.83051179521786,0.16948820478214088,Normal,No Offer Needed,False,Regular Customer,True
2984-RGEYA,19.75,19.62174818421928,0.12825181578072176,Normal,No Offer Needed,False,Regular Customer,True
9680-NIAUV,109.7,109.80908449399296,-0.1090844939929525,Normal,No Offer Needed,False,Regular Customer,True
2146-EGVDT,19.3,19.569909510454192,-0.2699095104541911,Normal,No Offer Needed,False,Regular Customer,True
2604-IJPDU,96.55,96.15130442527445,0.3986955747255507,Normal,No Offer Needed,False,Regular Customer,True
9178-JHUVJ,24.1,24.385420304347253,-0.28542030434725163,Normal,No Offer Needed,False,Regular Customer,False
6168-YBYNP,111.35,111.17075210243891,0.1792478975610834,Normal,No Offer Needed,False,Regular Customer,True
7255-SSFBC,112.25,112.04651743473241,0.203482565267592,Normal,No Offer Needed,False,Regular Customer,True
3645-DEYGF,20.75,21.098880114404647,-0.34888011440464695,Normal,No Offer Needed,False,Regular Customer,False
9323-HGFWY,101.9,101.91106574069701,-0.011065740697006277,Normal,No Offer Needed,False,Regular Customer,True
8544-GOQSH,80.05,79.87904069780228,0.1709593021977156,Normal,No Offer Needed,False,Regular Customer,True
3363-DTIVD,105.55,105.78694312318481,-0.23694312318481536,Normal,No Offer Needed,False,Regular Customer,True
7018-WBJNK,78.3,78.32071014526302,-0.02071014526302406,Normal,No Offer Needed,False,Regular Customer,False
9142-KZXOP,68.85,69.07484583088784,-0.22484583088784404,Normal,No Offer Needed,False,Regular Customer,False
7674-YTAFD,79.95,79.64883891903612,0.3011610809638796,Normal,No Offer Needed,False,Regular Customer,False
6348-SNFUS,55.45,55.60242340374026,-0.15242340374025787,Normal,No Offer Needed,False,Regular Customer,True
1285-OKIPP,79.9,80.34931034560613,-0.44931034560612204,Normal,No Offer Needed,False,Regular Customer,False
7825-ECJRF,106.6,106.55740149117788,0.04259850882210969,Normal,No Offer Needed,False,Regular Customer,True
1347-KTTTA,102.45,102.36653975904677,0.08346024095322946,Normal,No Offer Needed,False,Regular Customer,True
7841-TZDMQ,46.0,46.523354971170825,-0.523354971170825,Normal,No Offer Needed,False,Regular Customer,False
4195-NZGTA,25.25,25.990777955750907,-0.7407779557509073,Normal,No Offer Needed,False,Regular Customer,False
7157-SMCFK,19.75,19.671411850879338,0.07858814912066237,Normal,No Offer Needed,False,Regular Customer,True
4709-LKHYG,20.0,20.233462683664026,-0.23346268366402612,Normal,No Offer Needed,False,Regular Customer,False
2504-DSHIH,86.8,86.83883361779931,-0.03883361779931249,Normal,No Offer Needed,False,Regular Customer,True
0699-NDKJM,58.75,58.53402854200785,0.215971457992147,Normal,No Offer Needed,False,Regular Customer,True
9286-BHDQG,45.25,45.13569542910307,0.1143045708969268,Normal,No Offer Needed,False,Regular Customer,True
0230-WEQUW,56.6,56.4425593595399,0.1574406404601021,Normal,No Offer Needed,False,Regular Customer,True
2040-LDIWQ,84.2,83.70096033813354,0.49903966186646187,High Drop,Online Security Add-on,True,Outreach Customer,True
6496-JDSSB,80.0,79.81735863625939,0.1826413637406148,Normal,No Offer Needed,False,Regular Customer,False
9408-SSNVZ,70.15,70.41826269363683,-0.268262693636828,Normal,No Offer Needed,False,Regular Customer,False
4443-EMBNA,24.75,24.61656667735922,0.13343332264078,Normal,No Offer Needed,False,Regular Customer,True
6469-MRVET,20.2,20.812797353033538,-0.6127973530335389,Normal,No Offer Needed,False,Regular Customer,False
0742-MOABM,50.05,49.924751856291714,0.12524814370828352,Normal,No Offer Needed,False,Regular Customer,False
5961-VUSRV,19.35,19.834051251160716,-0.48405125116071446,Normal,No Offer Needed,False,Regular Customer,False
6778-JFCMK,50.6,50.89273849472158,-0.29273849472157565,Normal,No Offer Needed,False,Regular Customer,False
6341-JVQGF,81.15,80.44599878577431,0.7040012142256984,High Drop,Personalized Retention Offer,True,Outreach Customer,True
2232-DMLXU,55.2,54.97471754821212,0.22528245178788353,Normal,No Offer Needed,False,Regular Customer,False
4811-JBUVU,89.9,90.03399448680027,-0.13399448680026183,Normal,No Offer Needed,False,Regular Customer,True
0945-TSONX,85.3,85.1913538053091,0.1086461946908912,Normal,No Offer Needed,False,Regular Customer,True
2651-ZCBXV,108.0,108.32545891191758,-0.32545891191757903,Normal,No Offer Needed,False,Regular Customer,True
3316-UWXUY,93.5,93.74460494628359,-0.2446049462835873,Normal,No Offer Needed,False,Regular Customer,True
8937-RDTHP,84.6,84.66767530798404,-0.06767530798404664,Normal,No Offer Needed,False,Regular Customer,True
7083-MIOPC,20.25,20.537934401370574,-0.287934401370574,Normal,No Offer Needed,False,Regular Customer,True
1984-GPTEH,25.15,25.451618685328736,-0.30161868532873726,Normal,No Offer Needed,False,Regular Customer,False
1251-KRREG,54.4,54.11310941040144,0.2868905895985563,Normal,No Offer Needed,False,Regular Customer,False
0621-JFHOL,29.6,29.989820393504807,-0.3898203935048059,Normal,No Offer Needed,False,Regular Customer,False
9903-LYSAB,73.15,73.06333472125783,0.08666527874217422,Normal,No Offer Needed,False,Regular Customer,False
0094-OIFMO,95.0,95.03989312985223,-0.03989312985223137,Normal,No Offer Needed,False,Regular Customer,True
9227-UAQFT,19.75,20.28431324449658,-0.5343132444965804,Normal,No Offer Needed,False,Regular Customer,False
7301-ABVAD,86.6,86.35728952615497,0.24271047384502253,Normal,No Offer Needed,False,Regular Customer,True
6614-FHDBO,109.2,109.24200900481848,-0.0420090048184818,Normal,No Offer Needed,False,Regular Customer,True
7576-ASEJU,74.7,74.67117425490729,0.028825745092717625,Normal,No Offer Needed,False,Regular Customer,False
9058-HRZSV,94.4,94.34041902929532,0.05958097070468682,Normal,No Offer Needed,False,Regular Customer,True
4522-AKYLR,54.8,54.54449199702488,0.25550800297511955,Normal,No Offer Needed,False,Regular Customer,False
0221-WMXNQ,75.35,75.58933259626258,-0.23933259626258518,Normal,No Offer Needed,False,Regular Customer,False
0303-UNCIP,65.0,64.55005001802996,0.4499499819700361,High Drop,Online Security Add-on,True,Outreach Customer,False
9947-OTFQU,74.4,74.539830208036,-0.13983020803598833,Normal,No Offer Needed,False,Regular Customer,False
0322-YINQP,48.55,48.701299985685736,-0.1512999856857391,Normal,No Offer Needed,False,Regular Customer,False
0959-WHOKV,99.0,98.93409285554223,0.06590714445776769,Normal,No Offer Needed,False,Regular Customer,True
4075-JFPGR,93.5,93.1187745903954,0.38122540960459617,Normal,No Offer Needed,False,Regular Customer,True
4629-NRXKX,70.4,70.46089680197929,-0.0608968019792826,Normal,No Offer Needed,False,Regular Customer,False
9514-JDSKI,40.2,40.69169613422529,-0.49169613422528613,Normal,No Offer Needed,False,Regular Customer,False
3282-ZISZV,83.7,83.25253387517554,0.4474661248244587,High Drop,Online Security Add-on,True,Outreach Customer,True
3675-YDUPJ,19.85,20.188983176277425,-0.3389831762774236,Normal,No Offer Needed,False,Regular Customer,False
4111-BNXIF,59.55,59.47692980623933,0.07307019376066393,Normal,No Offer Needed,False,Regular Customer,True
7017-VFHAY,115.1,115.01937635724573,0.08062364275426148,Normal,No Offer Needed,False,Regular Customer,True
6655-LHBYW,114.35,114.27333687429903,0.07666312570096068,Normal,No Offer Needed,False,Regular Customer,True
4959-JOSRX,44.6,44.9239755379184,-0.3239755379184004,Normal,No Offer Needed,False,Regular Customer,False
5046-NUHWD,45.0,45.268083955866054,-0.2680839558660537,Normal,No Offer Needed,False,Regular Customer,False
7273-TEFQD,41.15,41.92136893371288,-0.7713689337128784,Normal,No Offer Needed,False,Regular Customer,False
3606-TWKGI,106.9,106.60015032624695,0.2998496737530587,Normal,No Offer Needed,False,Regular Customer,True
7529-ZDFXI,89.85,89.76707051402282,0.08292948597717498,Normal,No Offer Needed,False,Regular Customer,True
7605-BDWDC,49.85,50.269702801440296,-0.4197028014402946,Normal,No Offer Needed,False,Regular Customer,False
1950-KSVVJ,113.3,112.509759352148,0.7902406478520021,High Drop,Premium Entertainment Bundle,True,Outreach Customer,True
0123-CRBRT,88.1,87.44456019554777,0.6554398044522287,High Drop,Personalized Retention Offer,True,Outreach Customer,True
6292-TOSSS,24.9,25.161295145460073,-0.2612951454600747,Normal,No Offer Needed,False,Regular Customer,False
3197-ARFOY,105.0,104.46558105435697,0.5344189456430257,High Drop,Premium Entertainment Bundle,True,Outreach Customer,True
6323-AYBRX,19.35,19.56599309474104,-0.21599309474103734,Normal,No Offer Needed,False,Regular Customer,True
7014-ZZXAW,24.25,24.273434932153986,-0.023434932153985955,Normal,No Offer Needed,False,Regular Customer,True
4385-GZQXV,94.45,94.61612676171312,-0.1661267617131159,Normal,No Offer Needed,False,Regular Customer,True
7633-MVPUY,59.75,59.760272336020265,-0.01027233602026456,Normal,No Offer Needed,False,Regular Customer,True
6366-ZGQGL,24.8,25.634490516283744,-0.8344905162837435,Normal,No Offer Needed,False,Regular Customer,False
4716-HHKQH,107.05,106.68237552623312,0.367624473766881,Normal,No Offer Needed,False,Regular Customer,True
5940-AHUHD,70.6,70.58531493737354,0.014685062626455192,Normal,No Offer Needed,False,Regular Customer,False
6432-TWQLB,85.4,85.11604870880967,0.28395129119033413,Normal,No Offer Needed,False,Regular Customer,True
4484-GLZOU,105.05,104.86402770925626,0.18597229074373445,Normal,No Offer Needed,False,Regular Customer,True
3179-GBRWV,64.95,64.84313821395304,0.10686178604696295,Normal,No Offer Needed,False,Regular Customer,False
8645-KWHJO,55.0,55.320520689069255,-0.3205206890692551,Normal,No Offer Needed,False,Regular Customer,False
4130-MZLCC,50.55,50.41613054277376,0.13386945722623977,Normal,No Offer Needed,False,Regular Customer,False
0314-TKOSI,55.15,54.81374168923732,0.3362583107626804,Normal,No Offer Needed,False,Regular Customer,False
8229-MYEJZ,51.2,51.19460202322591,0.005397976774091262,Normal,No Offer Needed,False,Regular Customer,False
2080-SRCDE,25.4,25.4919530233383,-0.09195302333830213,Normal,No Offer Needed,False,Regular Customer,False
9577-WJVCQ,54.45,53.94234578751992,0.5076542124800838,High Drop,Loyalty Discount Offer,True,Outreach Customer,True
9512-UIBFX,95.15,94.6818477194872,0.4681522805128111,High Drop,Premium Entertainment Bundle,True,Outreach Customer,True
6202-DYYFX,76.0,76.02710835085013,-0.02710835085012775,Normal,No Offer Needed,False,Regular Customer,False
3808-HFKDE,44.35,44.508586570673536,-0.15858657067353477,Normal,No Offer Needed,False,Regular Customer,False
5583-SXDAG,70.0,70.25157723446807,-0.2515772344680727,Normal,No Offer Needed,False,Regular Customer,False
3488-PGMQJ,74.5,74.64611641986843,-0.14611641986843438,Normal,No Offer Needed,False,Regular Customer,False
3580-REOAC,44.85,45.33671944973239,-0.4867194497323908,Normal,No Offer Needed,False,Regular Customer,False
7534-BFESC,76.1,76.27462710316395,-0.17462710316395658,Normal,No Offer Needed,False,Regular Customer,False
3727-OWVYD,61.2,60.625070785460494,0.5749292145395088,High Drop,Personalized Retention Offer,True,Outreach Customer,False
2294-SALNE,86.8,85.86820119142762,0.9317988085723812,High Drop,Premium Entertainment Bundle,True,Outreach Customer,True
4847-TAJYI,89.35,89.42146711768534,-0.0714671176853443,Normal,No Offer Needed,False,Regular Customer,True
1563-IWQEX,19.7,19.95194711470597,-0.2519471147059704,Normal,No Offer Needed,False,Regular Customer,False
8203-XJZRC,20.25,20.706978965964517,-0.4569789659645167,Normal,No Offer Needed,False,Regular Customer,False
6556-DBKZF,76.05,76.01102752769465,0.03897247230534617,Normal,No Offer Needed,False,Regular Customer,True
6851-WEFYX,100.8,100.55640821584029,0.24359178415970462,Normal,No Offer Needed,False,Regular Customer,True
2985-JUUBZ,74.55,74.1920306580518,0.3579693419481913,Normal,No Offer Needed,False,Regular Customer,False
6390-DSAZX,73.6,73.41919212884406,0.18080787115593466,Normal,No Offer Needed,False,Regular Customer,False
0895-LMRSF,64.9,64.99783797505326,-0.09783797505325253,Normal,No Offer Needed,False,Regular Customer,False
8098-LLAZX,95.45,95.49033862997688,-0.04033862997687265,Normal,No Offer Needed,False,Regular Customer,True
8266-VBFQL,90.4,90.30882855346063,0.09117144653937714,Normal,No Offer Needed,False,Regular Customer,True
8181-YHCMF,60.3,60.264826212702616,0.03517378729738141,Normal,No Offer Needed,False,Regular Customer,True
2240-HSJQD,81.85,81.22129907296163,0.6287009270383663,High Drop,Premium Entertainment Bundle,True,Outreach Customer,True
1248-DYXUB,24.8,24.577310912579023,0.22268908742097793,Normal,No Offer Needed,False,Regular Customer,True
0265-EDXBD,74.9,74.96251044290487,-0.06251044290486618,Normal,No Offer Needed,False,Regular Customer,False
4115-BNPJY,75.55,75.08625934077368,0.4637406592263176,High Drop,Online Security Add-on,True,Outreach Customer,False
3167-SNQPL,101.15,100.86201387016257,0.2879861298374351,Normal,No Offer Needed,False,Regular Customer,True
4091-TVOCN,78.75,78.6273738491195,0.12262615088050666,Normal,No Offer Needed,False,Regular Customer,False
1098-TDVUQ,19.25,19.841591641785577,-0.5915916417855769,Normal,No Offer Needed,False,Regular Customer,False
7277-OZCGZ,89.05,89.21280975482921,-0.16280975482921178,Normal,No Offer Needed,False,Regular Customer,True
1557-EMYVT,115.05,115.02464416606622,0.025355833933772942,Normal,No Offer Needed,False,Regular Customer,True
2799-ARNLO,69.35,69.3420170873089,0.00798291269109086,Normal,No Offer Needed,False,Regular Customer,False
7563-BIUPC,80.6,80.81650504066053,-0.216505040660536,Normal,No Offer Needed,False,Regular Customer,True
5027-YOCXN,110.05,109.94966127657695,0.10033872342305017,Normal,No Offer Needed,False,Regular Customer,True
3973-SKMLN,19.9,20.22497410961189,-0.3249741096118903,Normal,No Offer Needed,False,Regular Customer,True
2321-OMBXY,80.3,80.23787237450836,0.06212762549164097,Normal,No Offer Needed,False,Regular Customer,True
2840-XANRC,93.15,93.18069739861873,-0.030697398618727334,Normal,No Offer Needed,False,Regular Customer,True
6745-JEFZB,91.5,91.30906169750288,0.1909383024971163,Normal,No Offer Needed,False,Regular Customer,True
5020-ZSTTY,82.45,82.30948660116331,0.14051339883668845,Normal,No Offer Needed,False,Regular Customer,True
9880-TDQAC,60.0,59.88034271195969,0.11965728804030817,Normal,No Offer Needed,False,Regular Customer,True
8705-WZCYL,44.8,45.14128017922743,-0.34128017922743226,Normal,No Offer Needed,False,Regular Customer,False
7102-JJVTX,48.6,48.27096669552647,0.3290333044735334,Normal,No Offer Needed,False,Regular Customer,False
8626-PTQGE,60.05,60.389991795268514,-0.3399917952685172,Normal,No Offer Needed,False,Regular Customer,True
4983-CLMLV,102.7,102.44501505176211,0.2549849482378903,Normal,No Offer Needed,False,Regular Customer,True
5701-YVSVF,82.9,82.66584623651322,0.23415376348678762,Normal,No Offer Needed,False,Regular Customer,True
5804-LEPIM,70.35,70.62435281753038,-0.2743528175303851,Normal,No Offer Needed,False,Regular Customer,False
5697-GOMBF,35.9,36.0291130474511,-0.1291130474510993,Normal,No Offer Needed,False,Regular Customer,False
2739-CACDQ,82.65,82.40576312372622,0.24423687627378854,Normal,No Offer Needed,False,Regular Customer,True
9385-EHGDO,19.85,19.85356104016686,-0.003561040166857765,Normal,No Offer Needed,False,Regular Customer,False
9498-FIMXL,19.2,19.503540865141478,-0.3035408651414784,Normal,No Offer Needed,False,Regular Customer,False
2379-GYFLQ,94.9,94.59015193598279,0.309848064017217,Normal,No Offer Needed,False,Regular Customer,True
0122-OAHPZ,73.85,73.95987573005156,-0.10987573005157003,Normal,No Offer Needed,False,Regular Customer,False
2868-SNELZ,80.6,80.07572020351347,0.5242797964865247,High Drop,Premium Entertainment Bundle,True,Outreach Customer,True
4322-RCYMT,75.8,75.3168310676932,0.48316893230679625,High Drop,Online Security Add-on,True,Outreach Customer,True
6680-NENYN,104.6,104.74423591600907,-0.14423591600908026,Normal,No Offer Needed,False,Regular Customer,True
2088-IEBAU,88.15,88.1173623865829,0.03263761341710847,Normal,No Offer Needed,False,Regular Customer,True
7982-VCELR,94.8,94.85280250716131,-0.05280250716131718,Normal,No Offer Needed,False,Regular Customer,True
1343-EHPYB,103.4,103.3547786603528,0.04522133964719899,Normal,No Offer Needed,False,Regular Customer,True
6035-BXTTY,54.65,54.34017095744511,0.3098290425548882,Normal,No Offer Needed,False,Regular Customer,False
6885-PKOAM,85.75,85.64224018890661,0.10775981109338773,Normal,No Offer Needed,False,Regular Customer,True
7520-HQWJU,67.45,66.61915743180947,0.8308425681905334,High Drop,Loyalty Discount Offer,True,Outreach Customer,True
9639-BUJXT,20.5,20.30399783311458,0.19600216688542105,Normal,No Offer Needed,False,Regular Customer,True
5924-SNGKP,20.25,20.511351964504346,-0.26135196450434606,Normal,No Offer Needed,False,Regular Customer,False
0021-IKXGC,72.1,72.06746592370368,0.032534076296315106,Normal,No Offer Needed,False,Regular Customer,False
2034-GDRCN,90.4,90.5943900767023,-0.19439007670229103,Normal,No Offer Needed,False,Regular Customer,True
8966-SNIZF,19.45,19.397398077922944,0.05260192207705572,Normal,No Offer Needed,False,Regular Customer,True
6243-OZGFH,44.95,45.46274978896279,-0.5127497889627861,Normal,No Offer Needed,False,Regular Customer,False
4654-DLAMQ,97.0,96.85830759106257,0.14169240893743051,Normal,No Offer Needed,False,Regular Customer,True
0513-RBGPE,62.8,62.62038832303261,0.1796116769673901,Normal,No Offer Needed,False,Regular Customer,False
5160-UXJED,44.6,44.38283138053594,0.2171686194640614,Normal,No Offer Needed,False,Regular Customer,False
4115-NZRKS,89.15,89.20944843903523,-0.05944843903522212,Normal,No Offer Needed,False,Regular Customer,True
0219-YTZUE,84.8,84.13385850098332,0.6661414990166747,High Drop,Premium Entertainment Bundle,True,Outreach Customer,True
0623-IIHUG,41.9,42.514239797147766,-0.6142397971477678,Normal,No Offer Needed,False,Regular Customer,False
4572-DVCGN,80.25,80.45938015264977,-0.2093801526497714,Normal,No Offer Needed,False,Regular Customer,True
3351-NGXYI,54.1,54.165719742415426,-0.06571974241542478,Normal,No Offer Needed,False,Regular Customer,False
8984-EYLLL,105.25,105.43936811945672,-0.1893681194567165,Normal,No Offer Needed,False,Regular Customer,True
9057-MSWCO,30.75,31.440644076014706,-0.6906440760147063,Normal,No Offer Needed,False,Regular Customer,False
9833-TGFHX,97.1,97.11404375109953,-0.014043751099535484,Normal,No Offer Needed,False,Regular Customer,True
9294-TDIPC,20.2,20.506304827472825,-0.3063048274728253,Normal,No Offer Needed,False,Regular Customer,False
5229-DTFYB,98.8,98.8054907875521,-0.005490787552105303,Normal,No Offer Needed,False,Regular Customer,True
0104-PPXDV,50.3,50.06919276866436,0.23080723133563907,Normal,No Offer Needed,False,Regular Customer,True
5176-LMJXE,20.55,20.637991947400682,-0.08799194740068117,Normal,No Offer Needed,False,Regular Customer,False
3583-KRKMD,75.9,75.83368474147613,0.06631525852387199,Normal,No Offer Needed,False,Regular Customer,False
1010-DIAUQ,96.5,96.40462217106497,0.09537782893502822,Normal,No Offer Needed,False,Regular Customer,True
9069-LGEUL,59.95,60.05056144450384,-0.10056144450383897,Normal,No Offer Needed,False,Regular Customer,False
7302-ZHMHP,19.15,19.532542702456187,-0.38254270245618827,Normal,No Offer Needed,False,Regular Customer,False
9571-EDEBV,98.65,98.68106662206752,-0.031066622067513094,Normal,No Offer Needed,False,Regular Customer,True
3520-FJGCV,112.6,112.67721596885966,-0.07721596885966164,Normal,No Offer Needed,False,Regular Customer,True
6563-VRERX,20.6,20.495353069899082,0.10464693010091963,Normal,No Offer Needed,False,Regular Customer,False
0259-GBZSH,85.65,85.68532316031818,-0.035323160318171176,Normal,No Offer Needed,False,Regular Customer,True
6122-EFVKN,35.75,36.053619626868716,-0.30361962686871635,Normal,No Offer Needed,False,Regular Customer,False
2805-EDJPQ,99.75,99.3274172173251,0.422582782674894,High Drop,Premium Entertainment Bundle,True,Outreach Customer,True
6862-CQUMB,96.1,96.22714227278884,-0.12714227278884493,Normal,No Offer Needed,False,Regular Customer,True
7156-MXBJE,85.1,84.70962020235157,0.39037979764842135,Normal,No Offer Needed,False,Regular Customer,True
6158-HDPXZ,25.35,25.78655670916987,-0.4365567091698672,Normal,No Offer Needed,False,Regular Customer,False
9601-BRXPO,104.95,104.48202407880477,0.467975921195233,High Drop,Premium Entertainment Bundle,True,Outreach Customer,True
2863-IMQDR,89.65,89.55187952714861,0.09812047285139158,Normal,No Offer Needed,False,Regular Customer,True
5686-CMAWK,86.75,86.46797142828255,0.2820285717174471,Normal,No Offer Needed,False,Regular Customer,True
5651-CRHKQ,86.2,85.52589192799445,0.6741080720055521,High Drop,Premium Entertainment Bundle,True,Outreach Customer,True
6905-NIQIN,50.65,50.55061046107366,0.09938953892633862,Normal,No Offer Needed,False,Regular Customer,False
8204-YJCLA,64.8,64.73820289803433,0.06179710196566646,Normal,No Offer Needed,False,Regular Customer,True
5167-ZFFMM,90.85,90.90451332689021,-0.05451332689021626,Normal,No Offer Needed,False,Regular Customer,True
6583-SZVGP,108.1,107.96598058090532,0.1340194190946704,Normal,No Offer Needed,False,Regular Customer,True
4895-TMWIR,19.95,20.338067396919087,-0.3880673969190873,Normal,No Offer Needed,False,Regular Customer,False
0533-BNWKF,85.45,85.139798958546,0.3102010414540075,Normal,No Offer Needed,False,Regular Customer,True
1708-PBBOA,54.75,54.85818936889846,-0.10818936889845787,Normal,No Offer Needed,False,Regular Customer,False
8782-LKFPK,90.4,90.038568392664,0.36143160733600155,Normal,No Offer Needed,False,Regular Customer,True
5522-JBWMO,44.0,44.2661070384739,-0.2661070384738977,Normal,No Offer Needed,False,Regular Customer,False
3597-MVHJT,95.6,95.4326904316475,0.16730956835249344,Normal,No Offer Needed,False,Regular Customer,True
9774-NRNAU,84.8,84.09558487133992,0.7044151286600737,High Drop,Loyalty Discount Offer,True,Outreach Customer,True
0224-RLWWD,44.3,44.56059533997447,-0.26059533997447204,Normal,No Offer Needed,False,Regular Customer,False
9967-ATRFS,19.9,20.074351561882327,-0.1743515618823288,Normal,No Offer Needed,False,Regular Customer,False
3951-NJCVI,95.05,94.98131506100822,0.06868493899177963,Normal,No Offer Needed,False,Regular Customer,True
2977-CEBSX,90.05,90.02931941049252,0.020680589507477976,Normal,No Offer Needed,False,Regular Customer,True
0177-PXBAT,109.9,109.50200036588237,0.39799963411763883,Normal,No Offer Needed,False,Regular Customer,True
6599-CEBNN,73.95,74.06172001749161,-0.11172001749160643,Normal,No Offer Needed,False,Regular Customer,False
2519-ERQOJ,54.6,54.85884793739932,-0.25884793739931666,Normal,No Offer Needed,False,Regular Customer,False
5876-QMYLD,20.05,19.960251504881718,0.08974849511828253,Normal,No Offer Needed,False,Regular Customer,False
2277-AXSDC,19.75,20.031522553223752,-0.28152255322375197,Normal,No Offer Needed,False,Regular Customer,False
9442-JTWDL,20.05,20.762860963680495,-0.7128609636804946,Normal,No Offer Needed,False,Regular Customer,False
0979-PHULV,99.45,99.5531225004482,-0.10312250044819393,Normal,No Offer Needed,False,Regular Customer,True
3067-SVMTC,55.9,55.59763917061772,0.30236082938228037,Normal,No Offer Needed,False,Regular Customer,True
5495-GPSRW,19.7,20.18148322466939,-0.48148322466938964,Normal,No Offer Needed,False,Regular Customer,False
7606-BPHHN,19.8,20.134889241332807,-0.3348892413328066,Normal,No Offer Needed,False,Regular Customer,True
4742-DRORA,95.4,94.99415181410446,0.4058481858955503,Normal,No Offer Needed,False,Regular Customer,True
0111-KLBQG,93.95,93.3543918640794,0.5956081359205996,High Drop,Premium Entertainment Bundle,True,Outreach Customer,True
4800-VHZKI,19.9,20.41665605381167,-0.5166560538116727,Normal,No Offer Needed,False,Regular Customer,False
7989-CHGTL,19.6,20.20401887336762,-0.6040188733676182,Normal,No Offer Needed,False,Regular Customer,False
0334-GDDSO,81.35,81.29889448133416,0.05110551866583535,Normal,No Offer Needed,False,Regular Customer,True
4163-NCJAK,24.45,24.28974941121368,0.16025058878631881,Normal,No Offer Needed,False,Regular Customer,False
5233-AOZUF,74.95,74.7734591527423,0.17654084725769792,Normal,No Offer Needed,False,Regular Customer,False
5973-EJGDP,87.35,86.97450632634843,0.3754936736515617,Normal,No Offer Needed,False,Regular Customer,True
1996-DBMUS,70.65,70.49884318911064,0.15115681088936128,Normal,No Offer Needed,False,Regular Customer,False
7916-VCCPB,73.25,72.79306716342776,0.4569328365722356,High Drop,Premium Entertainment Bundle,True,Outreach Customer,False
4686-GEFRM,98.7,98.55973049670246,0.14026950329754584,Normal,No Offer Needed,False,Regular Customer,True
5249-QYHEX,24.8,24.61181907079159,0.18818092920841067,Normal,No Offer Needed,False,Regular Customer,False
0578-SKVMF,83.3,83.27609708890355,0.02390291109644238,Normal,No Offer Needed,False,Regular Customer,True
5564-NEMQO,75.3,75.16825731688878,0.13174268311121295,Normal,No Offer Needed,False,Regular Customer,False
2233-FAGXV,24.3,24.215849769453026,0.08415023054697457,Normal,No Offer Needed,False,Regular Customer,False
5605-IYGFG,69.85,69.8090032391583,0.04099676084169346,Normal,No Offer Needed,False,Regular Customer,False
7663-ZTEGJ,100.55,100.17241887922292,0.37758112077708006,Normal,No Offer Needed,False,Regular Customer,True
3935-TBRZZ,25.7,25.33916764042634,0.36083235957366,Normal,No Offer Needed,False,Regular Customer,False
8111-BKVDS,40.7,40.775547517385604,-0.07554751738560128,Normal,No Offer Needed,False,Regular Customer,False
2055-SIFSS,51.65,51.224524455215025,0.4254755447849732,High Drop,Loyalty Discount Offer,True,Outreach Customer,True
2806-MLNTI,105.1,104.65014290108844,0.4498570989115507,High Drop,Premium Entertainment Bundle,True,Outreach Customer,True
8734-DKSTZ,85.95,85.76413203569525,0.18586796430474806,Normal,No Offer Needed,False,Regular Customer,True
4360-PNRQB,75.6,75.47939565626245,0.12060434373753992,Normal,No Offer Needed,False,Regular Customer,False
6152-ONASV,58.25,57.82314754105765,0.42685245894234924,High Drop,Personalized Retention Offer,True,Outreach Customer,True
9063-ZGTUY,19.4,19.020656821980406,0.3793431780195924,Normal,No Offer Needed,False,Regular Customer,True
7781-HVGMK,65.2,65.25124789342946,-0.05124789342946201,Normal,No Offer Needed,False,Regular Customer,True
2181-UAESM,53.45,53.597685174111405,-0.1476851741114018,Normal,No Offer Needed,False,Regular Customer,False
2957-LOLHO,45.4,45.67347337788783,-0.2734733778878322,Normal,No Offer Needed,False,Regular Customer,False
6048-NJXHX,19.75,20.272828306150092,-0.5228283061500925,Normal,No Offer Needed,False,Regular Customer,False
2320-SLKMB,44.45,44.56618691214093,-0.11618691214092536,Normal,No Offer Needed,False,Regular Customer,False
4980-URKXC,20.85,21.037812385381038,-0.1878123853810365,Normal,No Offer Needed,False,Regular Customer,False
4376-KFVRS,114.05,114.18647926305496,-0.13647926305496583,Normal,No Offer Needed,False,Regular Customer,True
5886-VLQVU,89.85,89.67906465798146,0.170935342018538,Normal,No Offer Needed,False,Regular Customer,True
3577-AMVUX,55.05,54.658067606924575,0.3919323930754217,Normal,No Offer Needed,False,Regular Customer,False
0771-WLCLA,112.95,112.36023779549643,0.5897622045035718,High Drop,Premium Entertainment Bundle,True,Outreach Customer,True
5628-RKIFK,101.55,101.81021452058242,-0.2602145205824229,Normal,No Offer Needed,False,Regular Customer,True
0206-TBWLC,114.65,113.90562133320698,0.7443786667930254,High Drop,Premium Entertainment Bundle,True,Outreach Customer,True
2937-FTHUR,64.8,64.8677737988218,-0.06777379882180412,Normal,No Offer Needed,False,Regular Customer,False
1910-FMXJM,80.4,80.54557816812945,-0.1455781681294468,Normal,No Offer Needed,False,Regular Customer,True
7752-XUSCI,105.9,105.8755359940448,0.0244640059552097,Normal,No Offer Needed,False,Regular Customer,True
4110-PFEUZ,69.55,69.46041701114923,0.08958298885076488,Normal,No Offer Needed,False,Regular Customer,False
0732-OCQOC,25.05,24.959119000447554,0.09088099955244644,Normal,No Offer Needed,False,Regular Customer,True
5168-MSWXT,94.75,94.42573059602307,0.3242694039769276,Normal,No Offer Needed,False,Regular Customer,True
1090-ESELR,105.5,105.69332984103556,-0.19332984103556328,Normal,No Offer Needed,False,Regular Customer,True
8592-PLTMQ,24.7,24.302225510497514,0.39777448950248484,Normal,No Offer Needed,False,Regular Customer,True
5760-WRAHC,69.75,69.34813092322055,0.40186907677944816,Normal,No Offer Needed,False,Regular Customer,False
8847-GEOOQ,60.2,59.90181423520651,0.29818576479349446,Normal,No Offer Needed,False,Regular Customer,True
0256-LTHVJ,81.05,81.1976654468188,-0.1476654468188059,Normal,No Offer Needed,False,Regular Customer,True
4785-FCIFB,24.4,24.10254487368847,0.2974551263115295,Normal,No Offer Needed,False,Regular Customer,True
8313-NDOIA,104.15,103.6976732373771,0.45232676262290283,High Drop,Premium Entertainment Bundle,True,Outreach Customer,True
5149-CUZUJ,92.9,92.18794539723436,0.7120546027656474,High Drop,Premium Entertainment Bundle,True,Outreach Customer,True
0942-KOWSM,80.8,80.3032785792729,0.49672142072709846,High Drop,Online Security Add-on,True,Outreach Customer,True
4237-CLSMM,20.0,20.320656733654676,-0.3206567336546762,Normal,No Offer Needed,False,Regular Customer,False
1452-VOQCH,75.1,75.1193731896476,-0.01937318964760948,Normal,No Offer Needed,False,Regular Customer,False
4719-UMSIY,19.65,19.94985690593781,-0.299856905937812,Normal,No Offer Needed,False,Regular Customer,False
6614-VBEGU,69.45,69.09936912394183,0.350630876058176,Normal,No Offer Needed,False,Regular Customer,False
0880-TKATG,101.15,100.80016485644481,0.34983514355519674,Normal,No Offer Needed,False,Regular Customer,True
3811-VBYBZ,99.8,99.71048659463389,0.0895134053661053,Normal,No Offer Needed,False,Regular Customer,True
1480-BKXGA,116.05,116.06725863238648,-0.017258632386486283,Normal,No Offer Needed,False,Regular Customer,True
2996-XAUVF,40.05,40.20342699282074,-0.1534269928207408,Normal,No Offer Needed,False,Regular Customer,True
9076-AXYIK,102.1,102.26178469430444,-0.1617846943044441,Normal,No Offer Needed,False,Regular Customer,True
5968-XQIVE,89.7,89.43908295330709,0.26091704669291005,Normal,No Offer Needed,False,Regular Customer,True
8896-RAZCR,19.9,19.940917661246715,-0.040917661246716364,Normal,No Offer Needed,False,Regular Customer,False
4640-UHDOS,55.95,56.17917456123279,-0.22917456123278868,Normal,No Offer Needed,False,Regular Customer,False
4933-IKULF,20.65,20.864012621151502,-0.21401262115150388,Normal,No Offer Needed,False,Regular Customer,False
3583-EKAPL,55.0,55.571035666449134,-0.5710356664491343,Normal,No Offer Needed,False,Regular Customer,False
1304-BCCFO,70.05,69.53040475083515,0.5195952491648512,High Drop,Loyalty Discount Offer,True,Outreach Customer,False
4104-PVRPS,53.6,53.28635430865307,0.31364569134693454,Normal,No Offer Needed,False,Regular Customer,False
9399-APLBT,74.7,74.51753572286371,0.18246427713629032,Normal,No Offer Needed,False,Regular Customer,False
2359-KMGLI,80.25,80.23057547188162,0.019424528118378248,Normal,No Offer Needed,False,Regular Customer,True
3780-DDGSE,76.05,75.78621692099242,0.263783079007581,Normal,No Offer Needed,False,Regular Customer,False
4431-EDMIQ,75.7,75.01462522904244,0.6853747709575657,High Drop,Loyalty Discount Offer,True,Outreach Customer,False
0306-JAELE,96.1,96.2725610017824,-0.1725610017824124,Normal,No Offer Needed,False,Regular Customer,True
6227-HWPWX,69.0,69.02637392794134,-0.02637392794133575,Normal,No Offer Needed,False,Regular Customer,False
0486-LGCCH,19.65,20.018625525424973,-0.3686255254249744,Normal,No Offer Needed,False,Regular Customer,False
0447-BEMNG,45.3,45.470139989850665,-0.17013998985066792,Normal,No Offer Needed,False,Regular Customer,False
4612-SSVHJ,81.45,81.67135554739828,-0.22135554739827512,Normal,No Offer Needed,False,Regular Customer,True
5168-MQQCA,108.5,108.11598314827067,0.38401685172932787,Normal,No Offer Needed,False,Regular Customer,True
5949-XIKAE,83.55,83.25232584136495,0.2976741586350471,Normal,No Offer Needed,False,Regular Customer,True
7971-HLVXI,84.5,84.85277870483841,-0.3527787048384141,Normal,No Offer Needed,False,Regular Customer,True
9094-AZPHK,100.15,99.8466197801409,0.30338021985910757,Normal,No Offer Needed,False,Regular Customer,True
3649-JPUGY,88.6,88.37033317689193,0.22966682310806164,Normal,No Offer Needed,False,Regular Customer,True
8372-JUXUI,74.35,74.43477667827338,-0.08477667827338564,Normal,No Offer Needed,False,Regular Customer,False
3552-CTCYF,104.8,104.5636887976247,0.23631120237529046,Normal,No Offer Needed,False,Regular Customer,True
6778-YSNIH,59.0,58.88663323130524,0.11336676869476037,Normal,No Offer Needed,False,Regular Customer,False
0388-EOPEX,74.4,74.5745880186136,-0.17458801861359063,Normal,No Offer Needed,False,Regular Customer,False
5756-OZRIO,64.05,63.72679822615152,0.32320177384847426,Normal,No Offer Needed,False,Regular Customer,True
6579-JPICP,20.4,20.855593977816557,-0.45559397781655875,Normal,No Offer Needed,False,Regular Customer,False
8205-OTCHB,43.75,44.04616386247565,-0.29616386247565174,Normal,No Offer Needed,False,Regular Customer,False
4134-BSXLX,60.9,60.37498005355683,0.525019946443166,High Drop,Loyalty Discount Offer,True,Outreach Customer,False
0505-SPOOW,19.8,19.76420381590471,0.03579618409528962,Normal,No Offer Needed,False,Regular Customer,True
6235-VDHOM,28.45,29.10721866978971,-0.6572186697897102,Normal,No Offer Needed,False,Regular Customer,False
7783-YKGDV,99.7,99.33435905860883,0.3656409413911774,Normal,No Offer Needed,False,Regular Customer,True
4374-YMUSQ,116.25,115.99612773259338,0.2538722674066207,Normal,No Offer Needed,False,Regular Customer,True
4513-CXYIX,80.7,80.93929567144242,-0.23929567144242014,Normal,No Offer Needed,False,Regular Customer,True
3957-HHLMR,65.2,64.92416341548578,0.27583658451422366,Normal,No Offer Needed,False,Regular Customer,True
7803-XOCCZ,84.05,83.56852506760647,0.48147493239352457,High Drop,Premium Entertainment Bundle,True,Outreach Customer,True
5736-YEJAX,79.45,79.20368058936312,0.246319410636886,Normal,No Offer Needed,False,Regular Customer,True
5609-CEBID,94.1,93.87240842352105,0.22759157647894313,Normal,No Offer Needed,False,Regular Customer,True
8981-FJGLA,78.0,77.30942236523936,0.6905776347606434,High Drop,Premium Entertainment Bundle,True,Outreach Customer,False
7218-HKQFK,94.2,94.24818998196174,-0.04818998196174107,Normal,No Offer Needed,False,Regular Customer,True
4636-QRJKY,80.5,80.26233937360568,0.23766062639431595,Normal,No Offer Needed,False,Regular Customer,True
1135-LMECX,19.85,20.22607942443238,-0.37607942443237974,Normal,No Offer Needed,False,Regular Customer,False
4332-MUOEZ,94.3,94.16245272545756,0.13754727454244176,Normal,No Offer Needed,False,Regular Customer,True
8535-SFUTN,106.45,106.55931578206877,-0.10931578206876225,Normal,No Offer Needed,False,Regular Customer,True
5956-VKDTT,74.35,74.32589127929558,0.02410872070441883,Normal,No Offer Needed,False,Regular Customer,False
8677-HDZEE,105.45,105.20607911725986,0.24392088274014156,Normal,No Offer Needed,False,Regular Customer,True
2475-MROZF,95.0,94.63635193963613,0.36364806036387165,Normal,No Offer Needed,False,Regular Customer,True
9412-GHEEC,104.8,104.67092452005805,0.12907547994194601,Normal,No Offer Needed,False,Regular Customer,True
3482-ABPKK,54.3,54.02946225078153,0.2705377492184695,Normal,No Offer Needed,False,Regular Customer,False
6705-LXORM,70.05,70.0479956512386,0.0020043487614032074,Normal,No Offer Needed,False,Regular Customer,False
0257-ZESQC,75.2,75.21470472786207,-0.014704727862067557,Normal,No Offer Needed,False,Regular Customer,False
7531-GQHME,20.05,20.819035372909372,-0.7690353729093715,Normal,No Offer Needed,False,Regular Customer,False
5174-ITUMV,105.4,105.11080470826063,0.2891952917393752,Normal,No Offer Needed,False,Regular Customer,True
4109-CYRBD,51.6,51.49532337795889,0.1046766220411115,Normal,No Offer Needed,False,Regular Customer,False
0913-XWSCN,85.5,85.38060864818658,0.11939135181341953,Normal,No Offer Needed,False,Regular Customer,True
6825-UYPFK,75.6,75.57881066452401,0.021189335475980897,Normal,No Offer Needed,False,Regular Customer,False
8397-MVTAZ,100.05,99.99485434860408,0.055145651395918094,Normal,No Offer Needed,False,Regular Customer,True
0750-EBAIU,91.25,91.31442136187601,-0.06442136187601477,Normal,No Offer Needed,False,Regular Customer,True
8606-CIQUL,115.75,115.86065506508646,-0.11065506508646195,Normal,No Offer Needed,False,Regular Customer,True
3571-DPYUH,94.7,94.32935220283713,0.3706477971628743,Normal,No Offer Needed,False,Regular Customer,True
7601-GNDYK,19.6,19.70024449371969,-0.10024449371968913,Normal,No Offer Needed,False,Regular Customer,False
0356-OBMAC,99.9,99.54829903128099,0.35170096871901535,Normal,No Offer Needed,False,Regular Customer,True
8067-NIOYM,21.1,21.63317304258028,-0.5331730425802803,Normal,No Offer Needed,False,Regular Customer,False
1403-GYAFU,20.05,20.180236299438793,-0.130236299438792,Normal,No Offer Needed,False,Regular Customer,True
4234-XTNEA,79.95,80.00510316845056,-0.055103168450557405,Normal,No Offer Needed,False,Regular Customer,False
1297-VQDRP,107.15,107.0696847444582,0.08031525554180519,Normal,No Offer Needed,False,Regular Customer,True
9282-IZGQK,85.0,85.1673058099052,-0.16730580990520139,Normal,No Offer Needed,False,Regular Customer,True
5348-CAGXB,89.55,89.20891310974396,0.34108689025603667,Normal,No Offer Needed,False,Regular Customer,True
0621-HJWXJ,81.55,81.06723965527182,0.4827603447281774,High Drop,Premium Entertainment Bundle,True,Outreach Customer,True
5844-QVTAT,58.45,57.58144214967113,0.8685578503288696,High Drop,Personalized Retention Offer,True,Outreach Customer,False
8905-IAZPF,95.65,95.76049981138341,-0.1104998113834057,Normal,No Offer Needed,False,Regular Customer,True
5394-MEITZ,80.6,80.17560719392347,0.42439280607652563,High Drop,Online Security Add-on,True,Outreach Customer,True
6859-QNXIQ,113.1,112.91865615445411,0.18134384554588223,Normal,No Offer Needed,False,Regular Customer,True
2782-LFZVW,58.95,58.68356765780263,0.2664323421973762,Normal,No Offer Needed,False,Regular Customer,False
2866-IKBTM,19.55,19.9288494007283,-0.3788494007282992,Normal,No Offer Needed,False,Regular Customer,False
1342-JPNKI,86.05,85.94149754542595,0.10850245457405094,Normal,No Offer Needed,False,Regular Customer,True
2817-NTQDO,45.55,46.25059320641663,-0.7005932064166345,Normal,No Offer Needed,False,Regular Customer,False
7129-AZJDE,78.95,78.90007646533407,0.04992353466593613,Normal,No Offer Needed,False,Regular Customer,False
6986-IJDHX,86.3,85.75092992449454,0.5490700755054547,High Drop,Premium Entertainment Bundle,True,Outreach Customer,True
2560-PPCHE,105.05,104.86785793316778,0.18214206683221335,Normal,No Offer Needed,False,Regular Customer,True
4676-MQUEA,101.9,101.39589774299287,0.5041022570071334,High Drop,Premium Entertainment Bundle,True,Outreach Customer,True
8138-EALND,19.75,20.059638510308023,-0.30963851030802303,Normal,No Offer Needed,False,Regular Customer,False
3580-HYCSP,110.3,110.23712225613352,0.06287774386647982,Normal,No Offer Needed,False,Regular Customer,True
1352-HNSAW,115.6,115.38903630505132,0.21096369494867417,Normal,No Offer Needed,False,Regular Customer,True
2075-PUEPR,19.35,19.476966040245898,-0.12696604024589675,Normal,No Offer Needed,False,Regular Customer,True
1982-FEBTD,25.6,25.981717949150095,-0.3817179491500937,Normal,No Offer Needed,False,Regular Customer,False
5301-GAUUY,80.35,80.20711128312996,0.1428887168700328,Normal,No Offer Needed,False,Regular Customer,True
5791-KAJFD,68.75,68.27293815999708,0.47706184000291785,High Drop,Personalized Retention Offer,True,Outreach Customer,True
2654-VBVPB,19.9,20.506512506668443,-0.6065125066684445,Normal,No Offer Needed,False,Regular Customer,False
1154-HYWWO,70.6,70.11978573861931,0.4802142613806808,High Drop,Personalized Retention Offer,True,Outreach Customer,False
2501-XWWTZ,70.2,70.40923015540167,-0.20923015540167,Normal,No Offer Needed,False,Regular Customer,False
3716-UVSPD,49.3,49.53215366452171,-0.23215366452171082,Normal,No Offer Needed,False,Regular Customer,False
6815-ABQFQ,107.25,107.14738873913079,0.10261126086921024,Normal,No Offer Needed,False,Regular Customer,True
7343-EOBEU,23.6,23.731923849508114,-0.1319238495081123,Normal,No Offer Needed,False,Regular Customer,False
3701-SFMUH,69.7,69.82222754999039,-0.12222754999038443,Normal,No Offer Needed,False,Regular Customer,False
6103-LIANB,99.5,99.59479068940482,-0.09479068940481739,Normal,No Offer Needed,False,Regular Customer,True
7319-VENRZ,64.3,63.98947057329856,0.3105294267014358,Normal,No Offer Needed,False,Regular Customer,False
5846-NEQVZ,70.85,70.94089395940898,-0.09089395940898726,Normal,No Offer Needed,False,Regular Customer,True
6967-QIQRV,101.9,101.84192159630079,0.0580784036992128,Normal,No Offer Needed,False,Regular Customer,True
5781-RFZRP,73.5,73.44960592300414,0.05039407699585752,Normal,No Offer Needed,False,Regular Customer,True
0939-YAPAF,100.25,100.23040152029665,0.019598479703347493,Normal,No Offer Needed,False,Regular Customer,True
0308-IVGOK,40.4,40.512608855536705,-0.11260885553670619,Normal,No Offer Needed,False,Regular Customer,False
7293-LSCDV,19.25,19.380451140696422,-0.13045114069642239,Normal,No Offer Needed,False,Regular Customer,True
7025-WCBNE,59.6,59.41215822622463,0.18784177377536793,Normal,No Offer Needed,False,Regular Customer,False
5756-JYOJT,64.9,64.92171673031778,-0.021716730317777433,Normal,No Offer Needed,False,Regular Customer,False
4710-FDUIZ,100.3,100.46230756740582,-0.16230756740581853,Normal,No Offer Needed,False,Regular Customer,True
6030-REHUX,110.85,110.23500615039985,0.6149938496001397,High Drop,Premium Entertainment Bundle,True,Outreach Customer,True
9548-LIGTA,81.05,80.79530955459825,0.25469044540174934,Normal,No Offer Needed,False,Regular Customer,True
5150-LJNSR,98.05,97.50079435144201,0.5492056485579866,High Drop,Premium Entertainment Bundle,True,Outreach Customer,True
8270-RKSAP,70.5,70.68144994319685,-0.18144994319685281,Normal,No Offer Needed,False,Regular Customer,False
6522-YRBXD,94.55,94.49677070986671,0.05322929013328803,Normal,No Offer Needed,False,Regular Customer,True
2640-LYMOV,19.65,20.08037997318764,-0.430379973187641,Normal,No Offer Needed,False,Regular Customer,False
1218-VKFPE,19.0,19.192689812182824,-0.19268981218282377,Normal,No Offer Needed,False,Regular Customer,False
3627-FHKBK,75.3,75.22790030109121,0.07209969890878654,Normal,No Offer Needed,False,Regular Customer,False
2865-TCHJW,89.2,88.92272156973885,0.2772784302611484,Normal,No Offer Needed,False,Regular Customer,True
1423-BMPBQ,19.0,19.132354566107054,-0.13235456610705398,Normal,No Offer Needed,False,Regular Customer,False
2393-DIVAI,20.0,20.33206532724919,-0.3320653272491896,Normal,No Offer Needed,False,Regular Customer,False
5192-EBGOV,85.7,85.65008642625008,0.04991357374991878,Normal,No Offer Needed,False,Regular Customer,True
4568-KNYWR,63.25,63.459992031404205,-0.2099920314042052,Normal,No Offer Needed,False,Regular Customer,True
8752-IMQOS,20.1,20.29940856367228,-0.19940856367227866,Normal,No Offer Needed,False,Regular Customer,False
0742-LAFQK,99.15,99.39032200205544,-0.24032200205543575,Normal,No Offer Needed,False,Regular Customer,True
0795-LAFGP,90.4,90.2860458083084,0.11395419169160448,Normal,No Offer Needed,False,Regular Customer,True
0619-OLYUR,111.9,112.25708150650465,-0.35708150650464177,Normal,No Offer Needed,False,Regular Customer,True
5512-IDZEI,24.9,24.917737042790517,-0.01773704279051813,Normal,No Offer Needed,False,Regular Customer,False
0459-SPZHJ,83.5,83.41613920335153,0.08386079664846591,Normal,No Offer Needed,False,Regular Customer,True
0215-BQKGS,84.3,84.14601479361295,0.15398520638704838,Normal,No Offer Needed,False,Regular Customer,True
9244-ZVAPM,45.6,45.56692529155325,0.03307470844675464,Normal,No Offer Needed,False,Regular Customer,False
0719-SYFRB,61.65,61.16566905389654,0.48433094610345506,High Drop,Loyalty Discount Offer,True,Outreach Customer,False
8208-EUMTE,54.85,54.77791466490889,0.07208533509110993,Normal,No Offer Needed,False,Regular Customer,False
5172-MIGPM,65.55,65.2884650819137,0.2615349180862978,Normal,No Offer Needed,False,Regular Customer,False
1710-RCXUS,90.35,90.34012823476795,0.009871765232048801,Normal,No Offer Needed,False,Regular Customer,True
0374-FIUCA,20.4,20.697603997032182,-0.29760399703218354,Normal,No Offer Needed,False,Regular Customer,True
5839-SUYVZ,74.55,74.67905707744276,-0.1290570774427664,Normal,No Offer Needed,False,Regular Customer,False
5173-ZXXXL,19.95,20.419408677111356,-0.4694086771113568,Normal,No Offer Needed,False,Regular Customer,False
1096-ADRUX,74.25,73.85121224551258,0.3987877544874152,Normal,No Offer Needed,False,Regular Customer,True
2001-MCUUW,108.65,108.61665416217677,0.03334583782323364,Normal,No Offer Needed,False,Regular Customer,True
2731-GJRDG,109.55,109.2087221810461,0.3412778189538983,Normal,No Offer Needed,False,Regular Customer,True
4723-BEGSG,86.65,86.75699704004593,-0.10699704004592547,Normal,No Offer Needed,False,Regular Customer,True
6516-NKQBO,81.0,81.0638842114866,-0.06388421148659518,Normal,No Offer Needed,False,Regular Customer,True
8672-OAUPW,47.85,47.79815833357357,0.05184166642643362,Normal,No Offer Needed,False,Regular Customer,True
8207-DMRVL,114.55,114.47276723408093,0.0772327659190637,Normal,No Offer Needed,False,Regular Customer,True
3419-SNJJD,105.25,105.23240660369132,0.017593396308683396,Normal,No Offer Needed,False,Regular Customer,True
6543-CPZMK,29.95,30.38503883205041,-0.4350388320504095,Normal,No Offer Needed,False,Regular Customer,False
4765-OXPPD,65.0,64.25713713162398,0.7428628683760223,High Drop,Loyalty Discount Offer,True,Outreach Customer,False
2804-ETQDK,20.55,20.437069748325435,0.11293025167456605,Normal,No Offer Needed,False,Regular Customer,True
6689-VRRTK,109.8,109.62638597596623,0.17361402403376758,Normal,No Offer Needed,False,Regular Customer,True
7138-GIRSH,69.5,69.44920677295751,0.05079322704249023,Normal,No Offer Needed,False,Regular Customer,False
9396-ZSFLL,48.85,48.4830664529512,0.3669335470488022,Normal,No Offer Needed,False,Regular Customer,False
6464-KEXXH,25.25,26.019977630994102,-0.7699776309941022,Normal,No Offer Needed,False,Regular Customer,False
7134-MJPDY,102.85,102.90087982831211,-0.05087982831211946,Normal,No Offer Needed,False,Regular Customer,True
5240-CAOYT,87.55,87.20176425370737,0.3482357462926302,Normal,No Offer Needed,False,Regular Customer,True
4059-IIEBK,78.55,78.11737030119623,0.43262969880376545,High Drop,Premium Entertainment Bundle,True,Outreach Customer,False
4881-JVQOD,34.55,34.9802042634998,-0.4302042634998031,Normal,No Offer Needed,False,Regular Customer,False
0516-UXRMT,92.05,91.80835315971237,0.24164684028762906,Normal,No Offer Needed,False,Regular Customer,True
4851-BQDNX,85.05,84.73917230926448,0.31082769073552186,Normal,No Offer Needed,False,Regular Customer,True
5148-HKFIR,19.7,20.11515331635943,-0.4151533163594294,Normal,No Offer Needed,False,Regular Customer,False
1009-IRMNA,20.0,20.7008279313017,-0.7008279313016992,Normal,No Offer Needed,False,Regular Customer,False
3003-CMDUU,95.15,95.06657888181871,0.08342111818129183,Normal,No Offer Needed,False,Regular Customer,True
5016-IBERQ,84.25,83.7586336493931,0.4913663506068957,High Drop,Premium Entertainment Bundle,True,Outreach Customer,True
6797-UCJHZ,104.6,104.38042893788122,0.2195710621187743,Normal,No Offer Needed,False,Regular Customer,True
2469-DTSGX,111.65,111.76017037663347,-0.1101703766334623,Normal,No Offer Needed,False,Regular Customer,True
4554-YGZIH,90.05,90.22803028458304,-0.17803028458304482,Normal,No Offer Needed,False,Regular Customer,True
5099-BAILX,110.75,110.20931987375644,0.5406801262435579,High Drop,Premium Entertainment Bundle,True,Outreach Customer,True
9931-KGHOA,55.0,54.66834622904933,0.3316537709506733,Normal,No Offer Needed,False,Regular Customer,False
1775-KWJKQ,89.85,89.74174927411495,0.1082507258850427,Normal,No Offer Needed,False,Regular Customer,True
7665-VIGUD,20.35,20.7206432016689,-0.37064320166889786,Normal,No Offer Needed,False,Regular Customer,False
9411-TPQQV,54.55,54.84162481490459,-0.29162481490459413,Normal,No Offer Needed,False,Regular Customer,False
7207-RMRDB,105.5,105.29799162012121,0.20200837987879083,Normal,No Offer Needed,False,Regular Customer,True
7954-MLBUN,99.45,99.50414410336522,-0.05414410336521769,Normal,No Offer Needed,False,Regular Customer,True
2077-DDHJK,70.9,70.58987903676423,0.3101209632357751,Normal,No Offer Needed,False,Regular Customer,True
4913-EHYUI,104.55,104.44415615982089,0.10584384017910509,Normal,No Offer Needed,False,Regular Customer,True
0195-IESCP,85.25,85.39915326643617,-0.14915326643617277,Normal,No Offer Needed,False,Regular Customer,True
9574-BOSMD,25.4,25.241167543595928,0.1588324564040704,Normal,No Offer Needed,False,Regular Customer,True
4580-TMHJU,56.15,56.07935096858711,0.07064903141289136,Normal,No Offer Needed,False,Regular Customer,False
0970-ETWGE,89.55,89.83551895023878,-0.2855189502387816,Normal,No Offer Needed,False,Regular Customer,True
4908-XAXAY,89.85,89.583199837727,0.2668001622730003,Normal,No Offer Needed,False,Regular Customer,True
8404-VLQFB,25.25,25.44778959960513,-0.1977895996051302,Normal,No Offer Needed,False,Regular Customer,False
1626-ERCMM,94.55,94.63253469403163,-0.08253469403163649,Normal,No Offer Needed,False,Regular Customer,True
0887-HJGAR,45.7,45.80704025821655,-0.10704025821654994,Normal,No Offer Needed,False,Regular Customer,False
2391-IPLOP,69.65,69.06582287598518,0.584177124014829,High Drop,Online Security Add-on,True,Outreach Customer,False
5644-PDMZC,89.5,89.47009004252706,0.02990995747293823,Normal,No Offer Needed,False,Regular Customer,True
3509-GWQGF,70.0,70.26314222796695,-0.2631422279669522,Normal,No Offer Needed,False,Regular Customer,False
9576-ANLXO,69.55,69.67240493614013,-0.12240493614012848,Normal,No Offer Needed,False,Regular Customer,False
2024-BASKD,74.6,74.23884003560362,0.36115996439637854,Normal,No Offer Needed,False,Regular Customer,False
5845-BZZIB,20.1,20.188760044914343,-0.08876004491434131,Normal,No Offer Needed,False,Regular Customer,False
1140-UKVZG,24.8,24.852283443579264,-0.05228344357926318,Normal,No Offer Needed,False,Regular Customer,False
4160-AMJTL,19.65,20.50651252187333,-0.8565125218733307,Normal,No Offer Needed,False,Regular Customer,False
5183-SNMJQ,95.1,95.16973429201039,-0.06973429201039494,Normal,No Offer Needed,False,Regular Customer,True
8100-PNJMH,88.85,88.69960416985192,0.15039583014807079,Normal,No Offer Needed,False,Regular Customer,True
7838-LAZFO,78.8,78.45439173556309,0.34560826443690473,Normal,No Offer Needed,False,Regular Customer,False
4464-JCOLN,19.85,20.249142798850986,-0.3991427988509848,Normal,No Offer Needed,False,Regular Customer,False
2085-JVGAD,20.35,20.503404440260972,-0.1534044402609709,Normal,No Offer Needed,False,Regular Customer,False
5650-VDUDS,24.25,24.722574761837468,-0.4725747618374676,Normal,No Offer Needed,False,Regular Customer,False
8095-WANWK,45.25,45.07971067984329,0.17028932015671217,Normal,No Offer Needed,False,Regular Customer,False
3030-ZKIWL,20.05,20.508825616828464,-0.458825616828463,Normal,No Offer Needed,False,Regular Customer,False
9565-FLVCG,69.55,69.16955380300593,0.3804461969940718,Normal,No Offer Needed,False,Regular Customer,True
8755-OGKNA,19.5,19.513407082473908,-0.01340708247390765,Normal,No Offer Needed,False,Regular Customer,True
2800-VEQXM,74.75,74.22977428717033,0.5202257128296708,High Drop,Premium Entertainment Bundle,True,Outreach Customer,False
7538-GWHML,69.65,69.94820536441097,-0.29820536441096124,Normal,No Offer Needed,False,Regular Customer,False
5533-RJFTJ,30.2,30.16693023364281,0.03306976635719039,Normal,No Offer Needed,False,Regular Customer,False
3859-CVCET,45.65,45.67896987348686,-0.028969873486857978,Normal,No Offer Needed,False,Regular Customer,False
0214-JHPFW,57.8,57.65114903447694,0.1488509655230601,Normal,No Offer Needed,False,Regular Customer,True
5642-MHDQT,19.85,19.646268050651898,0.20373194934810357,Normal,No Offer Needed,False,Regular Customer,True
3088-FVYWK,25.55,25.753943286796467,-0.20394328679646634,Normal,No Offer Needed,False,Regular Customer,True
3276-HDUEG,75.05,74.75931201698045,0.2906879830195521,Normal,No Offer Needed,False,Regular Customer,False
9092-GDZKO,24.85,25.31899001758389,-0.4689900175838879,Normal,No Offer Needed,False,Regular Customer,False
0823-HSCDJ,49.15,49.581027584222426,-0.43102758422242715,Normal,No Offer Needed,False,Regular Customer,True
3729-OWRVL,110.35,110.7465387107118,-0.396538710711809,Normal,No Offer Needed,False,Regular Customer,True
2324-AALNO,24.55,24.535717693829483,0.014282306170517955,Normal,No Offer Needed,False,Regular Customer,False
0822-GAVAP,34.7,35.64711383031328,-0.9471138303132776,Normal,No Offer Needed,False,Regular Customer,False
5760-IFJOZ,107.95,107.03494022681663,0.9150597731833727,High Drop,Premium Entertainment Bundle,True,Outreach Customer,True
2826-UWHIS,81.4,81.03199634655459,0.3680036534454132,Normal,No Offer Needed,False,Regular Customer,True
1448-PWKYE,80.0,80.21773637586774,-0.21773637586774441,Normal,No Offer Needed,False,Regular Customer,False
7501-IWUNG,73.8,73.53555352114594,0.2644464788540546,Normal,No Offer Needed,False,Regular Customer,True
4957-TREIR,64.4,64.54523776678906,-0.14523776678905165,Normal,No Offer Needed,False,Regular Customer,False
7251-LJBQN,103.75,103.59472417982639,0.15527582017361397,Normal,No Offer Needed,False,Regular Customer,True
8040-MNRTF,71.1,70.83414469466767,0.26585530533232316,Normal,No Offer Needed,False,Regular Customer,False
1536-HBSWP,49.9,50.04202086866985,-0.14202086866985297,Normal,No Offer Needed,False,Regular Customer,False
5313-FPXWG,24.6,24.61633440820228,-0.016334408202279604,Normal,No Offer Needed,False,Regular Customer,True
0067-DKWBL,49.25,49.78134595192964,-0.5313459519296373,Normal,No Offer Needed,False,Regular Customer,False
0946-FKYTX,30.1,29.889778039257905,0.21022196074209631,Normal,No Offer Needed,False,Regular Customer,True
5076-YVXCM,83.4,83.47185680831936,-0.07185680831935315,Normal,No Offer Needed,False,Regular Customer,True
8262-COGGB,20.45,20.88420983490988,-0.4342098349098791,Normal,No Offer Needed,False,Regular Customer,False
6663-JOCQO,75.25,74.82097956863647,0.42902043136352574,High Drop,Personalized Retention Offer,True,Outreach Customer,False
9620-QJREV,20.55,20.85381587490066,-0.30381587490066053,Normal,No Offer Needed,False,Regular Customer,False
2276-YDAVZ,75.1,75.24618719407518,-0.146187194075182,Normal,No Offer Needed,False,Regular Customer,False
2682-KEVRP,20.05,20.190678609360905,-0.14067860936090426,Normal,No Offer Needed,False,Regular Customer,False
2480-JZOSN,20.65,20.870601920879512,-0.22060192087951336,Normal,No Offer Needed,False,Regular Customer,False
0078-XZMHT,85.15,84.85016233377192,0.29983766622808616,Normal,No Offer Needed,False,Regular Customer,True
5896-NPFWW,50.15,50.16375826710198,-0.013758267101984245,Normal,No Offer Needed,False,Regular Customer,False
9978-HYCIN,84.95,84.54483554645455,0.40516445354545283,Normal,No Offer Needed,False,Regular Customer,True
8338-QIUNR,66.5,66.2907436713257,0.2092563286743001,Normal,No Offer Needed,False,Regular Customer,True
1525-LNLOJ,63.3,62.82792953925218,0.47207046074781545,High Drop,Online Security Add-on,True,Outreach Customer,True
9450-TRJUU,83.15,83.1324715148171,0.017528485182907616,Normal,No Offer Needed,False,Regular Customer,True
1766-GKNMI,84.9,85.08162782674997,-0.1816278267499598,Normal,No Offer Needed,False,Regular Customer,True
6942-LBFDP,20.55,20.886174130681002,-0.33617413068100177,Normal,No Offer Needed,False,Regular Customer,False
1456-TWCGB,49.25,48.989662490123266,0.26033750987673443,Normal,No Offer Needed,False,Regular Customer,False
7133-VBDCG,79.85,79.81029736739188,0.0397026326081118,Normal,No Offer Needed,False,Regular Customer,False
7596-ZYWBB,59.6,59.205790646296236,0.394209353703765,Normal,No Offer Needed,False,Regular Customer,True
8329-UTMVM,104.65,104.33536111094872,0.314638889051281,Normal,No Offer Needed,False,Regular Customer,True
3014-WJKSM,75.3,75.19282275356036,0.10717724643963322,Normal,No Offer Needed,False,Regular Customer,False
3347-YJZZE,80.1,79.56379371105679,0.5362062889432053,High Drop,Loyalty Discount Offer,True,Outreach Customer,True
1029-QFBEN,19.55,20.1754030162743,-0.6254030162742978,Normal,No Offer Needed,False,Regular Customer,False
7929-DMBCV,81.0,80.27456907991534,0.725430920084662,High Drop,Premium Entertainment Bundle,True,Outreach Customer,True
9661-JALZV,24.7,24.999642939996114,-0.29964293999611513,Normal,No Offer Needed,False,Regular Customer,True
5433-KYGHE,86.0,85.3770592299523,0.6229407700477054,High Drop,Premium Entertainment Bundle,True,Outreach Customer,True
4312-KFRXN,25.4,25.0719011774236,0.328098822576397,Normal,No Offer Needed,False,Regular Customer,True
5575-TPIZQ,89.15,89.2937852502258,-0.1437852502257897,Normal,No Offer Needed,False,Regular Customer,True
0114-IGABW,58.25,58.10436237882572,0.1456376211742807,Normal,No Offer Needed,False,Regular Customer,True
9944-AEXBM,85.65,85.65326173745542,-0.0032617374554178014,Normal,No Offer Needed,False,Regular Customer,True
1853-ARAAQ,50.35,50.6600171593624,-0.3100171593623955,Normal,No Offer Needed,False,Regular Customer,False
6952-OMNWB,80.35,80.18419184426236,0.1658081557376363,Normal,No Offer Needed,False,Regular Customer,True
4697-LUPSU,20.2,20.43362996041568,-0.23362996041567996,Normal,No Offer Needed,False,Regular Customer,False
8434-VGEQQ,20.55,20.801678665550668,-0.2516786655506671,Normal,No Offer Needed,False,Regular Customer,True
4952-YSOGZ,85.95,85.89505392245668,0.05494607754332037,Normal,No Offer Needed,False,Regular Customer,True
1589-AGTLK,45.35,45.838087537881556,-0.48808753788155457,Normal,No Offer Needed,False,Regular Customer,False
5244-IRFIH,94.5,94.64161482311077,-0.14161482311077123,Normal,No Offer Needed,False,Regular Customer,True
6549-YMFAW,21.25,21.471338809038148,-0.22133880903814784,Normal,No Offer Needed,False,Regular Customer,False
4950-HKQTE,26.25,26.485761502907756,-0.23576150290775644,Normal,No Offer Needed,False,Regular Customer,False
6786-OBWQR,80.85,80.57423946715868,0.27576053284131774,Normal,No Offer Needed,False,Regular Customer,True
2684-EIWEO,91.7,91.51824620729917,0.1817537927008317,Normal,No Offer Needed,False,Regular Customer,True
2753-JMMCV,74.2,74.1642848701126,0.035715129887407215,Normal,No Offer Needed,False,Regular Customer,True
6439-GTPCA,87.25,87.11281482878529,0.13718517121471052,Normal,No Offer Needed,False,Regular Customer,True
6621-YOBKI,20.35,20.76029258383568,-0.41029258383568035,Normal,No Offer Needed,False,Regular Customer,False
1216-JWVUX,75.5,75.25537765835368,0.2446223416463198,Normal,No Offer Needed,False,Regular Customer,False
7564-GHCVB,79.05,79.0184422109305,0.03155778906949536,Normal,No Offer Needed,False,Regular Customer,True
1173-NOEYG,90.15,89.74096112748025,0.40903887251975846,Normal,No Offer Needed,False,Regular Customer,True
7595-EHCDL,50.6,50.77098633215237,-0.17098633215236703,Normal,No Offer Needed,False,Regular Customer,False
6647-ZEDXT,110.45,110.03479170516378,0.41520829483621924,Normal,No Offer Needed,False,Regular Customer,True
2521-NPUZR,101.0,101.30257804681082,-0.30257804681082234,Normal,No Offer Needed,False,Regular Customer,True
1307-TVUFB,79.35,79.06628633291231,0.28371366708768164,Normal,No Offer Needed,False,Regular Customer,False
7503-MIOGA,89.85,89.57815004243568,0.2718499575643136,Normal,No Offer Needed,False,Regular Customer,True
4381-MHQDC,65.0,64.49483935986929,0.5051606401307112,High Drop,Personalized Retention Offer,True,Outreach Customer,False
6923-JHPMP,80.45,80.32812420549436,0.12187579450564101,Normal,No Offer Needed,False,Regular Customer,True
5138-WVKYJ,98.55,98.77114422729181,-0.22114422729181626,Normal,No Offer Needed,False,Regular Customer,True
4018-PPNDW,24.1,23.709534969670358,0.3904650303296435,Normal,No Offer Needed,False,Regular Customer,True
1635-FJFCC,44.05,44.32443317040823,-0.2744331704082299,Normal,No Offer Needed,False,Regular Customer,False
2499-AJYUA,110.8,110.79531277082538,0.004687229174621166,Normal,No Offer Needed,False,Regular Customer,True
6919-ELBGL,114.95,114.82962859553685,0.12037140446315675,Normal,No Offer Needed,False,Regular Customer,True
3966-HRMZA,75.05,74.54532916316963,0.5046708368303712,High Drop,Premium Entertainment Bundle,True,Outreach Customer,False
6425-JWTDV,19.25,19.293958734346774,-0.043958734346773554,Normal,No Offer Needed,False,Regular Customer,False
8405-IGQFX,90.05,89.98241786018774,0.06758213981225936,Normal,No Offer Needed,False,Regular Customer,True
8224-IVVPA,56.7,56.29084701528202,0.4091529847179842,Normal,No Offer Needed,False,Regular Customer,False
9477-LGWQI,80.15,80.1343916273616,0.015608372638411083,Normal,No Offer Needed,False,Regular Customer,True
1410-RSCMR,71.35,71.21779686276837,0.13220313723162747,Normal,No Offer Needed,False,Regular Customer,False
0139-IVFJG,90.35,90.00837231659678,0.3416276834032175,Normal,No Offer Needed,False,Regular Customer,True
6683-VLCTZ,98.55,98.50574487474391,0.0442551252560861,Normal,No Offer Needed,False,Regular Customer,True
5730-DBDSI,19.7,19.907409810363102,-0.20740981036310302,Normal,No Offer Needed,False,Regular Customer,True
0030-FNXPP,19.85,20.203443556889308,-0.3534435568893066,Normal,No Offer Needed,False,Regular Customer,False
2189-WWOEW,85.9,85.7848171152167,0.11518288478330874,Normal,No Offer Needed,False,Regular Customer,True
5684-FJVYR,90.35,90.11942531866316,0.230574681336833,Normal,No Offer Needed,False,Regular Customer,True
4013-GUXND,20.8,21.25190067608867,-0.4519006760886697,Normal,No Offer Needed,False,Regular Customer,False
1894-IGFSG,89.25,89.54165214059778,-0.2916521405977761,Normal,No Offer Needed,False,Regular Customer,True
7379-POKDZ,70.3,70.52686706131003,-0.2268670613100312,Normal,No Offer Needed,False,Regular Customer,False
1266-NZYUI,66.85,66.36721496827165,0.48278503172834064,High Drop,Personalized Retention Offer,True,Outreach Customer,True
7969-FFOWG,19.9,19.667570680209597,0.23242931979040193,Normal,No Offer Needed,False,Regular Customer,True
4718-DHSMV,35.8,35.89764123305269,-0.09764123305269123,Normal,No Offer Needed,False,Regular Customer,False
5175-WLYXL,78.85,78.26875633339246,0.5812436666075342,High Drop,Premium Entertainment Bundle,True,Outreach Customer,False
7817-OMJNA,20.4,20.961070234777175,-0.5610702347771763,Normal,No Offer Needed,False,Regular Customer,False
8728-SKJLR,74.25,74.37078063898403,-0.12078063898403002,Normal,No Offer Needed,False,Regular Customer,False
3137-NYQQI,64.8,64.52478916602392,0.27521083397607526,Normal,No Offer Needed,False,Regular Customer,False
7706-DZNKK,20.45,21.203628046107607,-0.7536280461076075,Normal,No Offer Needed,False,Regular Customer,False
0236-HFWSV,93.35,93.54539357295141,-0.19539357295141713,Normal,No Offer Needed,False,Regular Customer,True
3900-AQPHZ,19.9,20.437578534002363,-0.537578534002364,Normal,No Offer Needed,False,Regular Customer,False
5842-POCOP,88.9,88.52897949163564,0.3710205083643672,Normal,No Offer Needed,False,Regular Customer,True
2037-XJFUP,95.8,95.8540632885362,-0.054063288536198684,Normal,No Offer Needed,False,Regular Customer,True
8823-RLPWL,110.65,110.81907291788006,-0.16907291788005807,Normal,No Offer Needed,False,Regular Customer,True
9505-SQFSW,40.3,40.24413867118697,0.0558613288130303,Normal,No Offer Needed,False,Regular Customer,False
7314-OXENN,82.0,81.94259748414854,0.057402515851464386,Normal,No Offer Needed,False,Regular Customer,True
3758-CKOQL,107.0,106.75324924415628,0.24675075584372053,Normal,No Offer Needed,False,Regular Customer,True
0322-CHQRU,45.35,45.86320912894065,-0.5132091289406517,Normal,No Offer Needed,False,Regular Customer,False
5676-CFLYY,73.35,73.35399939409011,-0.003999394090115516,Normal,No Offer Needed,False,Regular Customer,True
7521-AFHAB,44.8,44.43536141870518,0.36463858129481963,Normal,No Offer Needed,False,Regular Customer,False
0285-INHLN,54.75,54.60890563902402,0.14109436097597694,Normal,No Offer Needed,False,Regular Customer,False
4678-DVQEO,52.2,52.48274515602046,-0.2827451560204537,Normal,No Offer Needed,False,Regular Customer,False
5125-CNDSP,40.6,40.43795273171705,0.16204726828295435,Normal,No Offer Needed,False,Regular Customer,True
0691-IFBQW,110.0,109.92065277198252,0.07934722801748251,Normal,No Offer Needed,False,Regular Customer,True
4992-LTJNE,55.3,55.116925874568494,0.18307412543150292,Normal,No Offer Needed,False,Regular Customer,True
2202-OUTMO,60.85,60.4577944251831,0.39220557481689866,Normal,No Offer Needed,False,Regular Customer,False
0810-BDHAW,78.4,78.04611337291446,0.35388662708554364,Normal,No Offer Needed,False,Regular Customer,False
0229-LFJAF,69.65,69.30628476842755,0.3437152315724603,Normal,No Offer Needed,False,Regular Customer,True
7131-ZQZNK,59.85,60.082932423148065,-0.23293242314806406,Normal,No Offer Needed,False,Regular Customer,True
3442-ZHHCC,76.9,76.75067383008826,0.1493261699117454,Normal,No Offer Needed,False,Regular Customer,True
5726-CVNYA,19.85,20.14023471043795,-0.2902347104379501,Normal,No Offer Needed,False,Regular Customer,False
9871-ELEYA,67.65,67.62255698324782,0.027443016752187077,Normal,No Offer Needed,False,Regular Customer,False
4257-GAESD,45.0,45.682562612569086,-0.682562612569086,Normal,No Offer Needed,False,Regular Customer,False
5173-WXOQV,64.2,63.76150993713478,0.4384900628652204,High Drop,Loyalty Discount Offer,True,Outreach Customer,False
2040-OBMLJ,81.7,81.73686288758843,-0.03686288758842693,Normal,No Offer Needed,False,Regular Customer,True
6286-ZHAOK,25.55,25.535465976473755,0.014534023526245221,Normal,No Offer Needed,False,Regular Customer,False
3807-XHCJH,20.0,20.531934556387114,-0.5319345563871138,Normal,No Offer Needed,False,Regular Customer,False
3009-JWMPU,96.75,97.00873878576286,-0.25873878576285847,Normal,No Offer Needed,False,Regular Customer,True
5671-RQRLP,75.65,75.82521177942994,-0.1752117794299295,Normal,No Offer Needed,False,Regular Customer,True
1450-GALXR,98.5,98.48856669406767,0.011433305932328608,Normal,No Offer Needed,False,Regular Customer,True
8859-AXJZP,23.8,23.69533961081896,0.10466038918104204,Normal,No Offer Needed,False,Regular Customer,False
3174-AKMAS,64.2,64.0718242330907,0.1281757669093082,Normal,No Offer Needed,False,Regular Customer,False
3138-BKYAV,85.35,85.34046385359373,0.009536146406261992,Normal,No Offer Needed,False,Regular Customer,True
9926-PJHDQ,76.8,76.45909845229622,0.3409015477037798,Normal,No Offer Needed,False,Regular Customer,True
7382-DFJTU,55.2,55.186864569462465,0.013135430537538184,Normal,No Offer Needed,False,Regular Customer,False
2798-NYLMZ,108.55,108.85682886812484,-0.306828868124839,Normal,No Offer Needed,False,Regular Customer,True
4289-DTDKW,101.3,101.29882275468705,0.0011772453129452742,Normal,No Offer Needed,False,Regular Customer,True
1820-TQVEV,69.55,69.91197813862767,-0.361978138627677,Normal,No Offer Needed,False,Regular Customer,False
2239-JALAW,103.25,103.14690208433936,0.10309791566064064,Normal,No Offer Needed,False,Regular Customer,True
4853-RULSV,104.0,104.78012296364356,-0.7801229636435636,Normal,No Offer Needed,False,Regular Customer,True
8098-TDCBU,25.25,25.55708605459133,-0.30708605459133054,Normal,No Offer Needed,False,Regular Customer,False
3551-GAEGL,30.4,30.5686657900615,-0.16866579006150317,Normal,No Offer Needed,False,Regular Customer,False
4785-NKHCX,20.05,20.699306270196328,-0.6493062701963268,Normal,No Offer Needed,False,Regular Customer,False
3196-NVXLZ,84.6,84.06600478142015,0.5339952185798467,High Drop,Premium Entertainment Bundle,True,Outreach Customer,True
6275-YDUVO,86.2,85.89816061633383,0.30183938366617724,Normal,No Offer Needed,False,Regular Customer,True
0036-IHMOT,103.7,103.14609646248739,0.5539035375126105,High Drop,Premium Entertainment Bundle,True,Outreach Customer,True
0115-TFERT,111.2,110.74087497498064,0.45912502501936103,High Drop,Premium Entertainment Bundle,True,Outreach Customer,True
4178-EGMON,88.0,88.08234098119979,-0.08234098119979194,Normal,No Offer Needed,False,Regular Customer,True
4220-TINQT,106.35,106.20673231653367,0.1432676834663198,Normal,No Offer Needed,False,Regular Customer,True
5318-YKDPV,79.15,79.23680202182635,-0.08680202182634389,Normal,No Offer Needed,False,Regular Customer,False
7975-TZMLR,103.1,102.92069815665344,0.17930184334655053,Normal,No Offer Needed,False,Regular Customer,True
0295-QVKPB,63.95,63.82043082810696,0.12956917189304562,Normal,No Offer Needed,False,Regular Customer,False
4335-BSMJS,25.8,26.037624507031886,-0.2376245070318852,Normal,No Offer Needed,False,Regular Customer,True
2311-QYMUQ,89.45,88.9686378923152,0.48136210768480225,High Drop,Premium Entertainment Bundle,True,Outreach Customer,True
3643-AHCFP,95.6,95.44645893935821,0.15354106064178552,Normal,No Offer Needed,False,Regular Customer,True
9146-JRIOX,25.55,25.388509460043583,0.16149053995641793,Normal,No Offer Needed,False,Regular Customer,False
3104-OWCGK,90.95,90.72664366510303,0.2233563348969767,Normal,No Offer Needed,False,Regular Customer,True
5337-IIWKZ,44.85,44.710899831234286,0.13910016876571518,Normal,No Offer Needed,False,Regular Customer,False
9101-BWFSS,108.55,108.60554122077068,-0.055541220770678024,Normal,No Offer Needed,False,Regular Customer,True
9650-VBUOG,25.05,25.40877752469414,-0.3587775246941405,Normal,No Offer Needed,False,Regular Customer,False
3487-EARAT,74.1,73.75658639281123,0.343413607188765,Normal,No Offer Needed,False,Regular Customer,True
2672-TGEFF,88.8,88.28579000910469,0.5142099908953099,High Drop,Premium Entertainment Bundle,True,Outreach Customer,True
9231-ZJYAM,78.85,78.9925156693638,-0.142515669363803,Normal,No Offer Needed,False,Regular Customer,False
4250-WAROZ,93.25,93.23752615420833,0.012473845791674876,Normal,No Offer Needed,False,Regular Customer,True
8184-WMOFI,71.4,71.31378217575424,0.08621782424576452,Normal,No Offer Needed,False,Regular Customer,True
6982-SSHFK,44.4,44.53996596902289,-0.13996596902288871,Normal,No Offer Needed,False,Regular Customer,False
6092-QZVPP,79.2,79.22630669022277,-0.02630669022276777,Normal,No Offer Needed,False,Regular Customer,False
4625-LAMOB,20.4,21.058436934587554,-0.6584369345875558,Normal,No Offer Needed,False,Regular Customer,False
0727-BMPLR,100.0,100.12397007670509,-0.12397007670509197,Normal,No Offer Needed,False,Regular Customer,True
0392-BZIUW,105.0,105.30244524655919,-0.3024452465591878,Normal,No Offer Needed,False,Regular Customer,True
1038-ZAGBI,19.8,20.23422235218495,-0.43422235218494976,Normal,No Offer Needed,False,Regular Customer,False
6549-NNDYT,30.85,31.32563748638318,-0.47563748638317804,Normal,No Offer Needed,False,Regular Customer,False
3027-ZTDHO,89.9,90.18228731122687,-0.2822873112268667,Normal,No Offer Needed,False,Regular Customer,True
0422-OHQHQ,20.55,20.552533486119756,-0.002533486119755679,Normal,No Offer Needed,False,Regular Customer,False
6916-HIJSE,84.85,84.71962614655334,0.13037385344665608,Normal,No Offer Needed,False,Regular Customer,True
2316-ESMLS,33.15,33.567043637271716,-0.41704363727171767,Normal,No Offer Needed,False,Regular Customer,False
9778-OGKQZ,92.0,92.00083400922688,-0.0008340092268781518,Normal,No Offer Needed,False,Regular Customer,True
7408-OFWXJ,89.8,89.59642450557017,0.20357549442982759,Normal,No Offer Needed,False,Regular Customer,True
6007-TCTST,115.8,115.64185452383214,0.15814547616786,Normal,No Offer Needed,False,Regular Customer,True
2252-NKNSI,85.15,84.82757717210679,0.3224228278932202,Normal,No Offer Needed,False,Regular Customer,True
8713-IGZSO,24.85,25.127735041345268,-0.2777350413452666,Normal,No Offer Needed,False,Regular Customer,False
7905-TVXTA,64.35,64.37576392432214,-0.025763924322149023,Normal,No Offer Needed,False,Regular Customer,False
7695-PKLCZ,20.5,20.81646792078806,-0.3164679207880603,Normal,No Offer Needed,False,Regular Customer,True
2382-BCKQJ,100.15,100.25011976681284,-0.1001197668128384,Normal,No Offer Needed,False,Regular Customer,True
8374-UULRV,86.05,86.35822581292278,-0.3082258129227853,Normal,No Offer Needed,False,Regular Customer,True
2207-NHRJK,50.8,51.08711623733479,-0.28711623733479286,Normal,No Offer Needed,False,Regular Customer,False
3224-DFQNQ,89.0,88.78664552857761,0.2133544714223916,Normal,No Offer Needed,False,Regular Customer,True
5275-PMFUT,64.8,64.92579839512639,-0.12579839512639523,Normal,No Offer Needed,False,Regular Customer,True
4795-UXVCJ,19.8,20.417117283475193,-0.6171172834751921,Normal,No Offer Needed,False,Regular Customer,False
9777-IQHWP,93.4,93.41744521329636,-0.017445213296355178,Normal,No Offer Needed,False,Regular Customer,True
0947-MUGVO,73.65,73.67635084553301,-0.026350845533002598,Normal,No Offer Needed,False,Regular Customer,False
9944-HKVVB,95.1,95.08277049463862,0.01722950536137091,Normal,No Offer Needed,False,Regular Customer,True
4124-MMETB,94.65,94.90520533599364,-0.2552053359936366,Normal,No Offer Needed,False,Regular Customer,True
3671-SHRSP,80.6,80.0783249036297,0.5216750963702879,High Drop,Premium Entertainment Bundle,True,Outreach Customer,True
0979-MOZQI,39.0,39.07503298321542,-0.07503298321542218,Normal,No Offer Needed,False,Regular Customer,True
2732-ISEZX,20.5,20.805827518481436,-0.3058275184814363,Normal,No Offer Needed,False,Regular Customer,False
3313-QKNKB,85.55,85.88969111513293,-0.33969111513293626,Normal,No Offer Needed,False,Regular Customer,True
0323-XWWTN,26.4,26.781840383630406,-0.38184038363040784,Normal,No Offer Needed,False,Regular Customer,False
1937-OTUKY,98.2,98.01926487751012,0.1807351224898781,Normal,No Offer Needed,False,Regular Customer,True
1573-LGXBA,97.55,97.35847277460002,0.19152722539998024,Normal,No Offer Needed,False,Regular Customer,True
1764-VUUMT,19.95,20.25010712406537,-0.3001071240653701,Normal,No Offer Needed,False,Regular Customer,True
5073-WXOYN,50.8,51.10519259472237,-0.3051925947223708,Normal,No Offer Needed,False,Regular Customer,True
4713-ZBURT,99.7,99.69782599282041,0.002174007179590376,Normal,No Offer Needed,False,Regular Customer,True
3050-GBUSH,34.8,35.40248013444837,-0.6024801344483706,Normal,No Offer Needed,False,Regular Customer,False
0207-MDKNV,105.1,105.07859380369385,0.021406196306145375,Normal,No Offer Needed,False,Regular Customer,True
7876-AEHIG,60.15,60.11336634762565,0.03663365237434846,Normal,No Offer Needed,False,Regular Customer,True
7945-HLKEA,64.75,64.47796759601206,0.2720324039879358,Normal,No Offer Needed,False,Regular Customer,True
9342-VNIMQ,54.65,54.28649988626475,0.36350011373524893,Normal,No Offer Needed,False,Regular Customer,False
9851-KIELU,110.1,109.87468211489518,0.22531788510481476,Normal,No Offer Needed,False,Regular Customer,True
3523-BRGUW,19.3,19.936845222534625,-0.6368452225346246,Normal,No Offer Needed,False,Regular Customer,False
3908-BLSYF,83.9,84.03558478946182,-0.1355847894618165,Normal,No Offer Needed,False,Regular Customer,True
3199-NPKCN,111.25,111.22062655370101,0.029373446298990302,Normal,No Offer Needed,False,Regular Customer,True
5170-PTRKA,35.8,35.89037942780385,-0.09037942780385322,Normal,No Offer Needed,False,Regular Customer,False
4661-NJEUX,20.05,20.487903136637772,-0.4379031366377717,Normal,No Offer Needed,False,Regular Customer,False
2123-AGEEN,84.35,84.09633367520651,0.2536663247934854,Normal,No Offer Needed,False,Regular Customer,True
1258-YMZNM,110.5,109.95689991064133,0.5431000893586742,High Drop,Premium Entertainment Bundle,True,Outreach Customer,True
0048-LUMLS,91.2,91.27910351330263,-0.079103513302627,Normal,No Offer Needed,False,Regular Customer,True
7549-MYGPK,100.55,100.16941871913326,0.3805812808667355,Normal,No Offer Needed,False,Regular Customer,True
5898-IGSLP,89.3,88.90225411324367,0.3977458867563257,Normal,No Offer Needed,False,Regular Customer,True
3804-RVTGV,103.85,103.40043755811094,0.44956244188905714,High Drop,Premium Entertainment Bundle,True,Outreach Customer,True
6259-WJQLC,81.1,80.97087975562275,0.12912024437724767,Normal,No Offer Needed,False,Regular Customer,True
9227-LUNBG,24.6,25.508740343344705,-0.9087403433447037,Normal,No Offer Needed,False,Regular Customer,False
7997-EASSD,81.2,81.03526796568528,0.16473203431472427,Normal,No Offer Needed,False,Regular Customer,True
0730-KOAVE,94.3,94.33965024620602,-0.039650246206022643,Normal,No Offer Needed,False,Regular Customer,True
8975-SKGRX,116.1,116.10695285909742,-0.00695285909742438,Normal,No Offer Needed,False,Regular Customer,True
0678-RLHVP,105.55,105.58819190650563,-0.03819190650563087,Normal,No Offer Needed,False,Regular Customer,True
4315-MURBD,98.9,98.91054539422551,-0.010545394225502491,Normal,No Offer Needed,False,Regular Customer,True
2267-FPIMA,94.4,94.48287126479102,-0.08287126479100948,Normal,No Offer Needed,False,Regular Customer,True
1051-GEJLJ,19.5,19.86572343744932,-0.36572343744931857,Normal,No Offer Needed,False,Regular Customer,False
9734-YWGEX,98.3,98.19972795170068,0.10027204829931691,Normal,No Offer Needed,False,Regular Customer,True
2719-BDAQO,93.85,94.26961710575414,-0.419617105754142,Normal,No Offer Needed,False,Regular Customer,True
5285-MVEHD,105.6,105.53773594156108,0.06226405843891314,Normal,No Offer Needed,False,Regular Customer,True
0379-DJQHR,81.35,81.3468448891907,0.0031551108092884306,Normal,No Offer Needed,False,Regular Customer,True
0781-LKXBR,100.5,100.40827740122675,0.09172259877324507,Normal,No Offer Needed,False,Regular Customer,True
5543-QDCRY,56.4,56.57260481167889,-0.17260481167889452,Normal,No Offer Needed,False,Regular Customer,False
0297-RBCSG,65.35,65.24998421270658,0.10001578729341531,Normal,No Offer Needed,False,Regular Customer,False
4694-PHWFW,19.95,20.1467687641026,-0.19676876410260036,Normal,No Offer Needed,False,Regular Customer,False
0835-JKADZ,111.25,111.36204233901168,-0.11204233901167981,Normal,No Offer Needed,False,Regular Customer,True
1907-UBQFC,72.85,72.99862730140393,-0.1486273014039341,Normal,No Offer Needed,False,Regular Customer,False
7508-SMHXL,89.0,88.67709826081652,0.32290173918347875,Normal,No Offer Needed,False,Regular Customer,True
3865-YIOTT,106.1,106.0063904122881,0.09360958771189587,Normal,No Offer Needed,False,Regular Customer,True
5993-BQHEA,20.05,20.838405565392414,-0.7884055653924129,Normal,No Offer Needed,False,Regular Customer,False
6024-RUGGH,25.2,24.999078984329515,0.2009210156704846,Normal,No Offer Needed,False,Regular Customer,True
6513-EECDB,73.55,73.6234629005797,-0.07346290057969895,Normal,No Offer Needed,False,Regular Customer,False
3956-CJUST,75.4,75.37819995694603,0.021800043053971763,Normal,No Offer Needed,False,Regular Customer,False
4079-WWQQQ,65.55,65.72282529235572,-0.17282529235572497,Normal,No Offer Needed,False,Regular Customer,True
6103-BOCOU,80.7,80.44759176526719,0.2524082347328118,Normal,No Offer Needed,False,Regular Customer,True
5149-TGWDZ,104.55,103.77826129040938,0.7717387095906219,High Drop,Premium Entertainment Bundle,True,Outreach Customer,True
7471-WNSUF,24.15,23.977735829321592,0.17226417067840671,Normal,No Offer Needed,False,Regular Customer,True
8942-DBMHZ,20.45,20.786931436864077,-0.3369314368640772,Normal,No Offer Needed,False,Regular Customer,False
4301-VVZKA,75.4,75.29779657301933,0.10220342698067952,Normal,No Offer Needed,False,Regular Customer,False
9199-PWQVC,79.7,79.48866068738204,0.2113393126179659,Normal,No Offer Needed,False,Regular Customer,True
4824-GUCBY,81.7,81.66814791213211,0.03185208786788962,Normal,No Offer Needed,False,Regular Customer,True
5393-HJZSM,76.3,75.70115902680593,0.598840973194072,High Drop,Loyalty Discount Offer,True,Outreach Customer,False
7074-IEVOJ,79.4,79.27660288095143,0.12339711904857609,Normal,No Offer Needed,False,Regular Customer,False
9625-QSTYE,81.15,80.93701169668986,0.21298830331014074,Normal,No Offer Needed,False,Regular Customer,True
0862-PRCBS,103.75,103.78866342252392,-0.03866342252392485,Normal,No Offer Needed,False,Regular Customer,True
8812-ZRHFP,86.45,86.25643660942633,0.19356339057367222,Normal,No Offer Needed,False,Regular Customer,True
5146-CBVOE,75.1,74.85989396313981,0.24010603686018328,Normal,No Offer Needed,False,Regular Customer,False
0454-OKRCT,80.6,80.61776815920396,-0.01776815920396757,Normal,No Offer Needed,False,Regular Customer,True
5787-KXGIY,19.3,19.49834405170218,-0.19834405170217906,Normal,No Offer Needed,False,Regular Customer,True
4750-ZRXIU,84.6,84.78891495533303,-0.1889149553330327,Normal,No Offer Needed,False,Regular Customer,True
4198-VFOEA,33.6,33.79436641619487,-0.1943664161948675,Normal,No Offer Needed,False,Regular Customer,False
6630-UJZMY,83.25,82.93567829923909,0.3143217007609138,Normal,No Offer Needed,False,Regular Customer,True
6400-BWQKW,79.05,79.18023855889388,-0.13023855889387903,Normal,No Offer Needed,False,Regular Customer,False
2692-AQCPF,108.05,107.78362725241469,0.26637274758530793,Normal,No Offer Needed,False,Regular Customer,True
0347-UBKUZ,19.9,20.125519156297102,-0.2255191562971035,Normal,No Offer Needed,False,Regular Customer,False
0835-DUUIQ,21.05,21.318436372465136,-0.2684363724651355,Normal,No Offer Needed,False,Regular Customer,False
0811-GSDTP,30.15,30.451922346297252,-0.30192234629725334,Normal,No Offer Needed,False,Regular Customer,False
7567-ECMCM,79.85,80.21349124495454,-0.3634912449545453,Normal,No Offer Needed,False,Regular Customer,False
6115-ZTBFQ,65.5,65.50643748378457,-0.006437483784566211,Normal,No Offer Needed,False,Regular Customer,True
6353-BRMMA,104.1,103.74902508097917,0.3509749190208282,Normal,No Offer Needed,False,Regular Customer,True
6680-WKXRZ,74.4,74.36672195232069,0.033278047679317524,Normal,No Offer Needed,False,Regular Customer,False
6231-WFGFH,20.5,20.66937336602137,-0.16937336602137165,Normal,No Offer Needed,False,Regular Customer,False
9904-EHEVJ,91.35,90.3881064672987,0.9618935327012963,High Drop,Premium Entertainment Bundle,True,Outreach Customer,True
7028-DVOIQ,99.05,99.10316156033211,-0.05316156033211428,Normal,No Offer Needed,False,Regular Customer,True
6169-PPETC,20.5,20.8381030033346,-0.33810300333459864,Normal,No Offer Needed,False,Regular Customer,False
4208-UFFGW,44.95,45.083153689154486,-0.1331536891544829,Normal,No Offer Needed,False,Regular Customer,False
8584-KMVXD,75.6,75.48994102599889,0.11005897400110598,Normal,No Offer Needed,False,Regular Customer,False
8467-WYNSR,55.1,54.91667987790884,0.18332012209116044,Normal,No Offer Needed,False,Regular Customer,False
0851-DFJKB,58.95,58.87307334935946,0.07692665064054438,Normal,No Offer Needed,False,Regular Customer,False
5382-SOYZL,95.1,95.16311712139458,-0.06311712139458336,Normal,No Offer Needed,False,Regular Customer,True
9448-REEVD,44.7,45.136195217176,-0.4361952171759995,Normal,No Offer Needed,False,Regular Customer,False
3261-CQXOL,25.45,25.201440936213697,0.24855906378630266,Normal,No Offer Needed,False,Regular Customer,True
8388-FYNPZ,56.75,56.86273710510067,-0.11273710510067048,Normal,No Offer Needed,False,Regular Customer,False
4002-BQWPQ,81.75,81.31248665524991,0.4375133447500872,High Drop,Loyalty Discount Offer,True,Outreach Customer,True
5651-YLPRD,86.1,85.68547279908799,0.4145272009120049,Normal,No Offer Needed,False,Regular Customer,True
2826-DXLQO,29.8,30.323638148501953,-0.5236381485019521,Normal,No Offer Needed,False,Regular Customer,False
4378-BZYFP,20.5,20.78163355755053,-0.2816335575505313,Normal,No Offer Needed,False,Regular Customer,False
9489-UTFKA,60.9,60.84892153361424,0.051078466385760635,Normal,No Offer Needed,False,Regular Customer,False
4849-PYRLQ,73.25,73.19876607126577,0.05123392873423427,Normal,No Offer Needed,False,Regular Customer,True
9117-SHLZX,45.7,45.80704025821655,-0.10704025821654994,Normal,No Offer Needed,False,Regular Customer,False
9889-TMAHG,100.3,100.60267263534992,-0.3026726353499214,Normal,No Offer Needed,False,Regular Customer,True
4541-RMRLG,19.25,20.194097410609373,-0.9440974106093734,Normal,No Offer Needed,False,Regular Customer,False
7764-BDPEE,20.85,21.175844285754067,-0.32584428575406577,Normal,No Offer Needed,False,Regular Customer,False
3429-IFLEM,77.35,77.27227353496863,0.07772646503136116,Normal,No Offer Needed,False,Regular Customer,True
3158-MOERK,96.0,96.01349785538385,-0.013497855383846513,Normal,No Offer Needed,False,Regular Customer,True
7294-TMAOP,90.55,90.7626153328497,-0.21261533284970824,Normal,No Offer Needed,False,Regular Customer,True
5002-GCQFH,93.85,93.50352370780216,0.3464762921978348,Normal,No Offer Needed,False,Regular Customer,True
0556-FJEGU,70.1,69.78783027451863,0.31216972548136823,Normal,No Offer Needed,False,Regular Customer,True
8919-FYFQZ,30.35,30.591250609969414,-0.24125060996941272,Normal,No Offer Needed,False,Regular Customer,False
0604-THJFP,75.95,75.89776538736709,0.0522346126329154,Normal,No Offer Needed,False,Regular Customer,True
2834-JRTUA,108.05,108.59449273959449,-0.5444927395944887,Normal,No Offer Needed,False,Regular Customer,True
5875-YPQFJ,69.9,70.25874649961577,-0.3587464996157621,Normal,No Offer Needed,False,Regular Customer,False
5879-SESNB,75.25,75.2250022778267,0.02499772217329621,Normal,No Offer Needed,False,Regular Customer,False
6646-QVXLR,103.75,103.69388319161564,0.05611680838435973,Normal,No Offer Needed,False,Regular Customer,True
6461-PPAXN,54.95,54.62446725121252,0.32553274878748084,Normal,No Offer Needed,False,Regular Customer,False
3318-ISQFQ,19.5,19.88250426623974,-0.38250426623973866,Normal,No Offer Needed,False,Regular Customer,False
1106-HRLKZ,19.6,19.64976964273454,-0.04976964273453888,Normal,No Offer Needed,False,Regular Customer,False
2483-XSSMZ,47.85,47.97921147732165,-0.12921147732164684,Normal,No Offer Needed,False,Regular Customer,False
8603-IJWDN,86.6,86.83712544625365,-0.23712544625365695,Normal,No Offer Needed,False,Regular Customer,True
8165-ZJRNM,23.75,23.473547181594665,0.2764528184053354,Normal,No Offer Needed,False,Regular Customer,True
9369-XFEHK,80.6,80.24555871641422,0.3544412835857713,Normal,No Offer Needed,False,Regular Customer,True
2604-XVDAM,43.8,43.86766751731083,-0.06766751731083076,Normal,No Offer Needed,False,Regular Customer,False
3717-OFRTN,19.75,20.442490338076436,-0.6924903380764356,Normal,No Offer Needed,False,Regular Customer,False
9046-JBFWA,19.15,19.226361673947554,-0.07636167394755589,Normal,No Offer Needed,False,Regular Customer,False
3280-NMUVX,19.6,19.913214407884354,-0.3132144078843524,Normal,No Offer Needed,False,Regular Customer,False
1206-EHBDD,80.3,80.27042102671295,0.02957897328704462,Normal,No Offer Needed,False,Regular Customer,True
8361-LBRDI,24.35,24.653546064113424,-0.3035460641134229,Normal,No Offer Needed,False,Regular Customer,True
4883-KCPZJ,25.25,25.679937661741466,-0.42993766174146586,Normal,No Offer Needed,False,Regular Customer,False
9108-EQPNQ,26.1,26.635132912261778,-0.5351329122617763,Normal,No Offer Needed,False,Regular Customer,False
7277-KAMWT,20.0,21.00064439798991,-1.000644397989909,Normal,No Offer Needed,False,Regular Customer,False
3842-IYKUE,85.3,85.19709934960456,0.10290065039544061,Normal,No Offer Needed,False,Regular Customer,True
6641-XRPSU,70.0,70.30753731174063,-0.3075373117406315,Normal,No Offer Needed,False,Regular Customer,False
1374-DMZUI,94.3,94.35725860614725,-0.05725860614725775,Normal,No Offer Needed,False,Regular Customer,True
2545-LXYVJ,20.7,20.72985619948278,-0.02985619948277929,Normal,No Offer Needed,False,Regular Customer,True
3234-VKACU,70.3,70.46534213386072,-0.16534213386071883,Normal,No Offer Needed,False,Regular Customer,False
8357-EQXFO,95.35,95.32231487280308,0.027685127196917847,Normal,No Offer Needed,False,Regular Customer,True
1989-PRJHP,75.5,75.54592333091249,-0.045923330912486904,Normal,No Offer Needed,False,Regular Customer,False
8120-JDCAM,69.55,69.13155685875844,0.41844314124155346,Normal,No Offer Needed,False,Regular Customer,False
8917-FAEMR,19.85,20.084111113712588,-0.23411111371258642,Normal,No Offer Needed,False,Regular Customer,False
7047-YXDMZ,20.0,20.238098161930846,-0.23809816193084643,Normal,No Offer Needed,False,Regular Customer,False
2858-EIMXH,95.85,95.89163894919965,-0.041638949199651165,Normal,No Offer Needed,False,Regular Customer,True
9524-EGPJC,90.1,90.21768165205597,-0.11768165205597825,Normal,No Offer Needed,False,Regular Customer,True
6993-OHLXR,68.95,69.24939227557184,-0.299392275571833,Normal,No Offer Needed,False,Regular Customer,False
8818-XYFCQ,99.55,99.68076826541501,-0.13076826541501418,Normal,No Offer Needed,False,Regular Customer,True
6419-ZTTLE,20.75,21.228642488651484,-0.4786424886514844,Normal,No Offer Needed,False,Regular Customer,False
0929-HYQEW,50.15,50.11759902596524,0.032400974034757724,Normal,No Offer Needed,False,Regular Customer,False
6614-YOLAC,58.65,58.44066887207029,0.20933112792970832,Normal,No Offer Needed,False,Regular Customer,True
7426-RHZGU,95.9,95.77416842516106,0.1258315748389407,Normal,No Offer Needed,False,Regular Customer,True
4065-JJAVA,49.5,49.55256585240444,-0.05256585240444167,Normal,No Offer Needed,False,Regular Customer,False
4695-VADHF,57.45,57.52382731717282,-0.07382731717281388,Normal,No Offer Needed,False,Regular Customer,False
3863-IUBJR,53.65,54.0500009395773,-0.4000009395773034,Normal,No Offer Needed,False,Regular Customer,False
7649-SIJJF,80.1,79.60051195804768,0.49948804195231844,High Drop,Personalized Retention Offer,True,Outreach Customer,True
9361-YNQWJ,24.4,24.20615600527559,0.19384399472440705,Normal,No Offer Needed,False,Regular Customer,True
3748-FVMZZ,40.05,40.79241829313475,-0.7424182931347545,Normal,No Offer Needed,False,Regular Customer,False
9391-TTOYH,19.5,19.617906721230725,-0.11790672123072454,Normal,No Offer Needed,False,Regular Customer,False
1452-XRSJV,51.05,50.996856926249336,0.053143073750661074,Normal,No Offer Needed,False,Regular Customer,False
3422-WJOYD,54.35,54.010812202234305,0.3391877977656961,Normal,No Offer Needed,False,Regular Customer,False
8242-SOQUO,84.7,84.44963349712226,0.2503665028777391,Normal,No Offer Needed,False,Regular Customer,True
7460-ITWWP,86.1,86.0313428968541,0.06865710314589535,Normal,No Offer Needed,False,Regular Customer,True
7147-AYBAA,70.35,70.13399653305103,0.2160034669489619,Normal,No Offer Needed,False,Regular Customer,False
7868-TMWMZ,110.0,109.9319475050271,0.06805249497290333,Normal,No Offer Needed,False,Regular Customer,True
4822-RVYBB,100.6,100.50144905092968,0.09855094907031514,Normal,No Offer Needed,False,Regular Customer,True
6732-FZUGP,94.9,94.80447525103025,0.09552474896975127,Normal,No Offer Needed,False,Regular Customer,True
8436-BJUMM,83.75,83.6087934712873,0.14120652871270067,Normal,No Offer Needed,False,Regular Customer,True
4184-TJFAN,88.3,87.74893677536176,0.5510632246382414,High Drop,Premium Entertainment Bundle,True,Outreach Customer,True
8329-GWVPJ,69.75,69.47096510111791,0.2790348988820881,Normal,No Offer Needed,False,Regular Customer,False
1352-VHKAJ,71.6,71.24312256170428,0.3568774382957116,Normal,No Offer Needed,False,Regular Customer,False
4145-UQXUQ,92.1,92.10744610009054,-0.007446100090547247,Normal,No Offer Needed,False,Regular Customer,True
2632-TACXW,23.65,23.574971860511187,0.07502813948881126,Normal,No Offer Needed,False,Regular Customer,True
8146-QQKZH,81.85,81.83090011894792,0.019099881052071055,Normal,No Offer Needed,False,Regular Customer,True
1767-CJKBA,25.1,24.99092741003896,0.10907258996104119,Normal,No Offer Needed,False,Regular Customer,True
6445-TNRXS,114.7,114.56420415616284,0.13579584383715826,Normal,No Offer Needed,False,Regular Customer,True
4581-LNWUM,49.15,49.51881975437805,-0.3688197543780518,Normal,No Offer Needed,False,Regular Customer,False
4869-EPIUS,80.9,81.1634484124902,-0.2634484124901917,Normal,No Offer Needed,False,Regular Customer,True
9948-YPTDG,79.45,79.54262905795103,-0.09262905795102938,Normal,No Offer Needed,False,Regular Customer,False
1236-WFCDV,90.45,90.84354003403213,-0.393540034032128,Normal,No Offer Needed,False,Regular Customer,True
1915-OAKWD,19.3,19.649932514769336,-0.3499325147693355,Normal,No Offer Needed,False,Regular Customer,False
7296-PIXQY,70.2,70.10925581528146,0.09074418471854528,Normal,No Offer Needed,False,Regular Customer,False
4883-QICIH,69.75,69.73461407881044,0.015385921189562168,Normal,No Offer Needed,False,Regular Customer,False
3354-OADJP,54.25,54.28230421745803,-0.032304217458026585,Normal,No Offer Needed,False,Regular Customer,False
3524-WQDSG,99.3,98.76307290479298,0.5369270952070195,High Drop,Premium Entertainment Bundle,True,Outreach Customer,True
0810-DHDBD,74.0,73.71297682009384,0.2870231799061571,Normal,No Offer Needed,False,Regular Customer,True
4026-SKKHW,50.25,50.076676531493426,0.17332346850657387,Normal,No Offer Needed,False,Regular Customer,False
2829-HYVZP,19.8,19.948650122758412,-0.14865012275841138,Normal,No Offer Needed,False,Regular Customer,False
8329-IBCTI,19.65,20.189886847582297,-0.5398868475822987,Normal,No Offer Needed,False,Regular Customer,False
1271-SJBGZ,43.65,44.27673535939101,-0.626735359391013,Normal,No Offer Needed,False,Regular Customer,False
3845-JHAMY,35.5,35.975689265916934,-0.47568926591693383,Normal,No Offer Needed,False,Regular Customer,False
7013-PSXHK,80.75,80.08429622978576,0.6657037702142361,High Drop,Online Security Add-on,True,Outreach Customer,True
5669-SRAIP,39.5,40.20446529359688,-0.7044652935968827,Normal,No Offer Needed,False,Regular Customer,False
5981-ITEMU,97.1,97.07639027989836,0.023609720101632092,Normal,No Offer Needed,False,Regular Customer,True
3486-NPGST,19.55,19.54056187471254,0.009438125287459798,Normal,No Offer Needed,False,Regular Customer,False
6941-PMGEP,80.0,80.35267070565612,-0.3526707056561236,Normal,No Offer Needed,False,Regular Customer,False
1624-WOIWJ,84.7,84.48829943538138,0.2117005646186243,Normal,No Offer Needed,False,Regular Customer,True
2074-GKOWZ,89.55,89.45307237163807,0.09692762836192514,Normal,No Offer Needed,False,Regular Customer,True
0376-YMCJC,90.6,90.57586297933449,0.02413702066550627,Normal,No Offer Needed,False,Regular Customer,True
6100-FJZDG,20.05,20.228291380724475,-0.17829138072447392,Normal,No Offer Needed,False,Regular Customer,False
4829-ZLJTK,112.4,112.51523380544842,-0.11523380544841189,Normal,No Offer Needed,False,Regular Customer,True
1730-VFMWO,50.2,49.947926922842306,0.25207307715769645,Normal,No Offer Needed,False,Regular Customer,False
7143-BQIBA,62.25,62.22319019146512,0.026809808534878243,Normal,No Offer Needed,False,Regular Customer,False
3800-LYTRK,55.7,55.47007892274235,0.2299210772576501,Normal,No Offer Needed,False,Regular Customer,False
0634-SZPQA,90.05,89.97602712855141,0.07397287144858922,Normal,No Offer Needed,False,Regular Customer,True
9646-NMHXE,19.65,19.730694171825515,-0.08069417182551675,Normal,No Offer Needed,False,Regular Customer,False
7030-NJVDP,89.25,89.40693188121492,-0.1569318812149163,Normal,No Offer Needed,False,Regular Customer,True
5536-RTPWK,99.05,98.93353317301927,0.11646682698072652,Normal,No Offer Needed,False,Regular Customer,True
8883-GRDWQ,54.0,53.8395746710528,0.1604253289471984,Normal,No Offer Needed,False,Regular Customer,False
6166-ILMNY,69.75,69.89013648685781,-0.14013648685781277,Normal,No Offer Needed,False,Regular Customer,False
3097-NNSPB,49.05,49.279711378009935,-0.22971137800993802,Normal,No Offer Needed,False,Regular Customer,False
7771-ZONAT,56.75,57.155097269863454,-0.40509726986345385,Normal,No Offer Needed,False,Regular Customer,False
0655-RBDUG,98.05,97.80613502844908,0.24386497155092002,Normal,No Offer Needed,False,Regular Customer,True
2111-DWYHN,21.1,21.54913069979275,-0.4491306997927502,Normal,No Offer Needed,False,Regular Customer,False
4194-WHFCB,96.65,96.19459948477011,0.455400515229897,High Drop,Premium Entertainment Bundle,True,Outreach Customer,True
4121-AGSIN,24.5,24.339610334062296,0.16038966593770354,Normal,No Offer Needed,False,Regular Customer,True
4361-BKAXE,114.5,114.13188007164878,0.36811992835122,Normal,No Offer Needed,False,Regular Customer,True
9845-PEEKO,79.2,79.28018476766036,-0.08018476766035576,Normal,No Offer Needed,False,Regular Customer,True
0455-XFASS,69.55,69.43206857918004,0.11793142081995711,Normal,No Offer Needed,False,Regular Customer,False
0301-KOBTQ,20.05,20.617050753457562,-0.5670507534575613,Normal,No Offer Needed,False,Regular Customer,False
1751-NCDLI,98.85,98.69728288557405,0.15271711442593983,Normal,No Offer Needed,False,Regular Customer,True
9878-TNQGW,80.95,81.37265404861108,-0.42265404861107925,Normal,No Offer Needed,False,Regular Customer,True
9170-ARBTB,19.6,19.624354030603044,-0.02435403060304253,Normal,No Offer Needed,False,Regular Customer,True
4441-NIHPT,74.3,74.3358035193206,-0.03580351932060921,Normal,No Offer Needed,False,Regular Customer,False
8999-BOHSE,89.7,89.82002700936556,-0.12002700936555755,Normal,No Offer Needed,False,Regular Customer,True
7241-AJHFS,87.65,87.51812460299406,0.13187539700594186,Normal,No Offer Needed,False,Regular Customer,True
7029-RPUAV,100.45,100.29775528561196,0.152244714388047,Normal,No Offer Needed,False,Regular Customer,True
4546-FOKWR,74.75,74.72196173027778,0.02803826972221657,Normal,No Offer Needed,False,Regular Customer,False
9036-CSKBW,107.45,107.18738345621219,0.2626165437878143,Normal,No Offer Needed,False,Regular Customer,True
5832-TRLPB,75.35,75.14248825830856,0.20751174169143383,Normal,No Offer Needed,False,Regular Customer,False
8590-YFFQO,64.95,64.79656070146986,0.15343929853014515,Normal,No Offer Needed,False,Regular Customer,True
8659-IOOPU,100.45,100.58421314302755,-0.1342131430275515,Normal,No Offer Needed,False,Regular Customer,True
1338-CECEE,68.5,67.6856668917285,0.814333108271498,High Drop,Online Security Add-on,True,Outreach Customer,False
7439-DKZTW,80.55,80.59468355783339,-0.044683557833394616,Normal,No Offer Needed,False,Regular Customer,True
4646-QZXTF,81.25,80.82879010102765,0.42120989897235006,High Drop,Loyalty Discount Offer,True,Outreach Customer,True
4607-CHPCA,90.4,90.54476238393656,-0.14476238393655194,Normal,No Offer Needed,False,Regular Customer,True
9742-XOKTS,89.55,89.3271489679007,0.22285103209929957,Normal,No Offer Needed,False,Regular Customer,True
6921-OZMFH,55.7,55.10740481167282,0.5925951883271807,High Drop,Loyalty Discount Offer,True,Outreach Customer,False
9578-FOMUK,24.8,25.19869915627934,-0.3986991562793385,Normal,No Offer Needed,False,Regular Customer,False
4712-UYOOI,20.0,20.32604200950142,-0.32604200950142115,Normal,No Offer Needed,False,Regular Customer,False
8824-RWFXJ,56.15,55.53753859977389,0.6124614002261097,High Drop,Loyalty Discount Offer,True,Outreach Customer,False
7722-CVFXN,105.2,104.9594118321091,0.24058816789090542,Normal,No Offer Needed,False,Regular Customer,True
8717-VCTXJ,19.55,19.55909632371902,-0.009096323719020916,Normal,No Offer Needed,False,Regular Customer,False
7363-QTBIW,79.75,79.83085043650725,-0.08085043650724799,Normal,No Offer Needed,False,Regular Customer,False
4159-NAAIX,97.45,97.58059212408634,-0.13059212408633414,Normal,No Offer Needed,False,Regular Customer,True
0971-QIFJK,24.25,24.110227727155394,0.13977227284460625,Normal,No Offer Needed,False,Regular Customer,True
9397-TZSHA,24.6,24.78710629694231,-0.18710629694230718,Normal,No Offer Needed,False,Regular Customer,True
3391-JSQEW,50.15,49.5772124964825,0.5727875035174961,High Drop,Loyalty Discount Offer,True,Outreach Customer,False
0343-QLUZP,39.6,39.672910872053336,-0.07291087205333469,Normal,No Offer Needed,False,Regular Customer,True
9763-PDTKK,94.4,94.2685135083635,0.13148649163650816,Normal,No Offer Needed,False,Regular Customer,True
2176-LVPNX,89.85,89.42437310200911,0.42562689799088105,High Drop,Personalized Retention Offer,True,Outreach Customer,True
7627-JKIAZ,78.95,78.75694939529974,0.19305060470026092,Normal,No Offer Needed,False,Regular Customer,False
3312-UUMZW,98.85,98.66413029460314,0.1858697053968541,Normal,No Offer Needed,False,Regular Customer,True
1271-UODNO,53.85,54.071753138864764,-0.2217531388647629,Normal,No Offer Needed,False,Regular Customer,False
8461-EFQYM,24.25,24.46584469271638,-0.21584469271638085,Normal,No Offer Needed,False,Regular Customer,False
6900-RBKER,89.45,89.75701554422776,-0.30701554422775246,Normal,No Offer Needed,False,Regular Customer,True
6891-JPYFF,105.25,105.03678897810912,0.21321102189088492,Normal,No Offer Needed,False,Regular Customer,True
1459-QNFQT,59.5,59.59095884963461,-0.09095884963461032,Normal,No Offer Needed,False,Regular Customer,True
1047-NNCBF,70.55,70.81312423551269,-0.2631242355126915,Normal,No Offer Needed,False,Regular Customer,False
3696-XRIEN,82.5,82.36873951038656,0.13126048961343884,Normal,No Offer Needed,False,Regular Customer,True
4081-DYXAV,44.85,45.62213347054316,-0.7721334705431602,Normal,No Offer Needed,False,Regular Customer,False
0074-HDKDG,61.6,61.06606003209447,0.5339399679055319,High Drop,Personalized Retention Offer,True,Outreach Customer,False
8791-GFXLZ,49.05,48.961223634342915,0.08877636565708258,Normal,No Offer Needed,False,Regular Customer,False
8111-SLLHI,105.65,105.46067359097744,0.18932640902256992,Normal,No Offer Needed,False,Regular Customer,True
0927-LCSMG,74.65,74.40242932779427,0.24757067220573958,Normal,No Offer Needed,False,Regular Customer,False
9330-DHBFL,66.25,65.30319080349484,0.946809196505157,High Drop,Personalized Retention Offer,True,Outreach Customer,False
0098-BOWSO,19.4,19.94283764787142,-0.5428376478714227,Normal,No Offer Needed,False,Regular Customer,False
3452-ABWRL,86.05,86.06101042123514,-0.01101042123514162,Normal,No Offer Needed,False,Regular Customer,True
5859-HZYLF,19.15,19.760934597877046,-0.6109345978770477,Normal,No Offer Needed,False,Regular Customer,False
8257-RZAHR,64.7,64.52634804645854,0.1736519535414658,Normal,No Offer Needed,False,Regular Customer,False
5293-WXJAK,104.05,103.50373091861333,0.5462690813866686,High Drop,Premium Entertainment Bundle,True,Outreach Customer,True
3156-QLHBO,19.25,19.60363903071781,-0.35363903071781166,Normal,No Offer Needed,False,Regular Customer,False
2208-NQBCT,81.95,81.67214367636238,0.27785632363762147,Normal,No Offer Needed,False,Regular Customer,True
1779-PWPMG,114.65,114.58073520690215,0.06926479309785805,Normal,No Offer Needed,False,Regular Customer,True
6621-NRZAK,20.0,20.121010229392557,-0.12101022939255657,Normal,No Offer Needed,False,Regular Customer,True
0831-JNISG,19.8,19.49881337285193,0.3011866271480699,Normal,No Offer Needed,False,Regular Customer,True
0774-IFUVM,65.15,64.79067457770452,0.35932542229548403,Normal,No Offer Needed,False,Regular Customer,False
3082-WQRVY,19.65,19.85502730737358,-0.20502730737358021,Normal,No Offer Needed,False,Regular Customer,False
9553-DLCLU,88.95,88.64217152671121,0.3078284732887937,Normal,No Offer Needed,False,Regular Customer,True
1641-BYBTK,20.2,20.47319391978726,-0.2731939197872606,Normal,No Offer Needed,False,Regular Customer,False
2460-NGXBJ,75.2,75.02754342382867,0.17245657617132792,Normal,No Offer Needed,False,Regular Customer,False
2446-ZKVAF,56.8,56.60867268075089,0.19132731924910473,Normal,No Offer Needed,False,Regular Customer,False
0841-NULXI,35.55,36.58328048060997,-1.0332804806099745,Normal,No Offer Needed,False,Regular Customer,False
3522-CDKHF,75.5,75.35284173385409,0.1471582661459081,Normal,No Offer Needed,False,Regular Customer,False
1430-SFQSA,35.6,35.75687148414442,-0.15687148414441765,Normal,No Offer Needed,False,Regular Customer,False
0411-EZJZE,60.25,60.17380282185253,0.07619717814746707,Normal,No Offer Needed,False,Regular Customer,False
7851-WZEKY,95.15,95.17624865675823,-0.026248656758227185,Normal,No Offer Needed,False,Regular Customer,True
8844-TONUD,96.65,96.0914674645051,0.5585325354949049,High Drop,Premium Entertainment Bundle,True,Outreach Customer,True
8807-ARQET,40.35,40.64826913560177,-0.29826913560177104,Normal,No Offer Needed,False,Regular Customer,False
8992-CEUEN,18.85,19.623203443161202,-0.7732034431612007,Normal,No Offer Needed,False,Regular Customer,False
4320-QMLLA,54.85,54.65331335711931,0.19668664288069238,Normal,No Offer Needed,False,Regular Customer,False
8777-PVYGU,64.3,63.6275590938282,0.6724409061718006,High Drop,Personalized Retention Offer,True,Outreach Customer,True
8292-ITGYJ,24.65,24.64196841269642,0.008031587303577226,Normal,No Offer Needed,False,Regular Customer,False
6870-ZWMNX,76.1,75.74577695148021,0.3542230485197848,Normal,No Offer Needed,False,Regular Customer,True
0621-CXBKL,18.7,18.747364717254477,-0.047364717254477995,Normal,No Offer Needed,False,Regular Customer,True
5268-DSMNQ,97.95,97.48297984367035,0.467020156329653,High Drop,Premium Entertainment Bundle,True,Outreach Customer,True
5334-JLAXU,94.1,94.06787971632664,0.032120283673350514,Normal,No Offer Needed,False,Regular Customer,True
4086-YQSNZ,80.4,80.40132560505364,-0.0013256050536369912,Normal,No Offer Needed,False,Regular Customer,True
6242-MBHPK,95.1,95.17592441552739,-0.07592441552739615,Normal,No Offer Needed,False,Regular Customer,True
5868-CZJDR,31.35,31.58706558249585,-0.2370655824958483,Normal,No Offer Needed,False,Regular Customer,False
9359-UGBTK,72.35,72.21584005204662,0.13415994795337838,Normal,No Offer Needed,False,Regular Customer,True
0135-NMXAP,89.75,89.35632193192802,0.3936780680719778,Normal,No Offer Needed,False,Regular Customer,True
4782-OSFXZ,82.7,82.37974513274658,0.3202548672534249,Normal,No Offer Needed,False,Regular Customer,True
6479-OAUSD,19.9,20.542908415768046,-0.6429084157680478,Normal,No Offer Needed,False,Regular Customer,False
7129-ACFOG,53.8,53.90269813140639,-0.10269813140639172,Normal,No Offer Needed,False,Regular Customer,False
4189-NAKJS,51.55,51.6398996341827,-0.08989963418270008,Normal,No Offer Needed,False,Regular Customer,False
5562-BETPV,19.65,19.900907358690986,-0.2509073586909878,Normal,No Offer Needed,False,Regular Customer,False
1282-IHQAC,44.05,43.88145536191224,0.16854463808775932,Normal,No Offer Needed,False,Regular Customer,True
9127-FHJBZ,114.0,114.01855726146829,-0.01855726146828829,Normal,No Offer Needed,False,Regular Customer,True
6270-OMFIW,94.4,94.6261181672006,-0.22611816720059608,Normal,No Offer Needed,False,Regular Customer,True
1641-RQDAY,100.4,99.99344860718965,0.406551392810357,Normal,No Offer Needed,False,Regular Customer,True
0107-WESLM,19.85,20.839601324196785,-0.9896013241967836,Normal,No Offer Needed,False,Regular Customer,False
6994-ORCWG,54.25,53.694120574753114,0.5558794252468857,High Drop,Online Security Add-on,True,Outreach Customer,False
1346-UFHAX,80.0,80.0175000981344,-0.01750009813440556,Normal,No Offer Needed,False,Regular Customer,False
3992-YWPKO,109.9,109.4116492915427,0.488350708457304,High Drop,Premium Entertainment Bundle,True,Outreach Customer,True
2933-XEUJM,79.2,78.92520822732932,0.27479177267068167,Normal,No Offer Needed,False,Regular Customer,False
0125-LZQXK,101.35,101.35096323498674,-0.0009632349867416679,Normal,No Offer Needed,False,Regular Customer,True
5461-QKNTN,94.3,93.89833515572195,0.40166484427804505,Normal,No Offer Needed,False,Regular Customer,True
4835-YSJMR,49.8,49.94510365501626,-0.1451036550162641,Normal,No Offer Needed,False,Regular Customer,False
8399-YNDCH,60.05,59.94772025090686,0.10227974909313531,Normal,No Offer Needed,False,Regular Customer,False
3164-YAXFY,53.75,54.08008976691806,-0.33008976691805714,Normal,No Offer Needed,False,Regular Customer,True
0887-WBJVH,93.45,93.50209980753887,-0.052099807538866116,Normal,No Offer Needed,False,Regular Customer,True
4660-IRIBM,87.9,87.1663593095739,0.7336406904260997,High Drop,Premium Entertainment Bundle,True,Outreach Customer,True
5673-FSSMF,60.15,60.45949194822292,-0.30949194822292014,Normal,No Offer Needed,False,Regular Customer,False
7670-ZBPOQ,61.05,60.62268882381099,0.4273111761890078,High Drop,Personalized Retention Offer,True,Outreach Customer,True
8089-UZWLX,104.05,104.22630615110519,-0.17630615110519443,Normal,No Offer Needed,False,Regular Customer,True
0080-OROZO,99.25,99.15968936941884,0.09031063058115762,Normal,No Offer Needed,False,Regular Customer,True
3916-NRPAP,85.7,85.77397188847786,-0.07397188847785685,Normal,No Offer Needed,False,Regular Customer,True
6807-SIWJI,104.85,104.85247644924193,-0.002476449241939349,Normal,No Offer Needed,False,Regular Customer,True
8221-HVAYI,69.15,68.80452638260243,0.3454736173975732,Normal,No Offer Needed,False,Regular Customer,False
1579-KLYDT,90.45,90.24741532638261,0.20258467361739463,Normal,No Offer Needed,False,Regular Customer,True
5232-NXPAY,74.45,74.17818475167293,0.2718152483270728,Normal,No Offer Needed,False,Regular Customer,False
8967-SZQAS,50.45,50.447536925084535,0.0024630749154681553,Normal,No Offer Needed,False,Regular Customer,False
4468-KAZHE,60.0,59.93985058246769,0.06014941753230829,Normal,No Offer Needed,False,Regular Customer,False
0455-ENTCR,85.25,85.32741788672989,-0.07741788672989003,Normal,No Offer Needed,False,Regular Customer,True
8944-AILEF,19.45,20.046797645469557,-0.5967976454695574,Normal,No Offer Needed,False,Regular Customer,False
5542-NKVRU,20.75,21.121904744256664,-0.3719047442566641,Normal,No Offer Needed,False,Regular Customer,False
7126-RBHSD,78.9,78.7904121736757,0.10958782632430086,Normal,No Offer Needed,False,Regular Customer,False
5370-IIVVL,104.5,104.39787783710821,0.10212216289178855,Normal,No Offer Needed,False,Regular Customer,True
6789-HJBWG,49.4,49.38429370170003,0.015706298299967614,Normal,No Offer Needed,False,Regular Customer,False
3927-NLNRY,94.25,94.2691212306254,-0.01912123062540161,Normal,No Offer Needed,False,Regular Customer,True
9087-EYCPR,25.0,24.857969238464957,0.14203076153504313,Normal,No Offer Needed,False,Regular Customer,True
6791-YBNAK,25.55,26.01448706252491,-0.4644870625249098,Normal,No Offer Needed,False,Regular Customer,False
6358-LYNGM,74.9,75.08318061279755,-0.1831806127975426,Normal,No Offer Needed,False,Regular Customer,False
6077-BDPXA,70.15,70.25576939148993,-0.10576939148992892,Normal,No Offer Needed,False,Regular Customer,False
0013-MHZWF,69.4,69.38976191282357,0.010238087176432487,Normal,No Offer Needed,False,Regular Customer,False
5494-HECPR,80.25,80.37482146315526,-0.1248214631552571,Normal,No Offer Needed,False,Regular Customer,True
8268-YDIXR,93.15,92.84002529393047,0.30997470606953925,Normal,No Offer Needed,False,Regular Customer,True
9824-BEMCV,69.0,69.12233614878323,-0.12233614878323351,Normal,No Offer Needed,False,Regular Customer,False
1373-ORVIZ,66.35,66.29502046243348,0.05497953756650986,Normal,No Offer Needed,False,Regular Customer,False
4291-SHSBH,69.55,69.75468651033933,-0.20468651033932872,Normal,No Offer Needed,False,Regular Customer,False
6980-IMXXE,20.2,20.0754543655469,0.1245456344530993,Normal,No Offer Needed,False,Regular Customer,True
9866-QEVEE,86.0,86.1191267386231,-0.11912673862309475,Normal,No Offer Needed,False,Regular Customer,True
9897-KXHCM,80.3,80.41509824390812,-0.11509824390812184,Normal,No Offer Needed,False,Regular Customer,True
0040-HALCW,20.4,20.71424380181004,-0.31424380181003997,Normal,No Offer Needed,False,Regular Customer,True
0784-GTUUK,23.75,23.712625665019278,0.03737433498072207,Normal,No Offer Needed,False,Regular Customer,True
7979-CORPM,90.55,90.50772545247513,0.04227454752486892,Normal,No Offer Needed,False,Regular Customer,True
2294-DMMUS,70.45,70.22614905905058,0.2238509409494185,Normal,No Offer Needed,False,Regular Customer,True
0872-JCPIB,65.75,65.84332976578176,-0.09332976578176044,Normal,No Offer Needed,False,Regular Customer,False
3055-MJDSB,24.6,24.93545495082171,-0.33545495082170973,Normal,No Offer Needed,False,Regular Customer,False
9091-WTUUY,69.25,68.72988428268312,0.5201157173168838,High Drop,Personalized Retention Offer,True,Outreach Customer,True
1618-CFHME,75.9,75.98845580386487,-0.08845580386486063,Normal,No Offer Needed,False,Regular Customer,False
3165-HDOEW,45.85,45.725004625762196,0.12499537423780538,Normal,No Offer Needed,False,Regular Customer,False
6581-NQCBA,49.95,50.45000985364578,-0.5000098536457784,Normal,No Offer Needed,False,Regular Customer,False
7115-IRDHS,24.65,24.500740829040293,0.14925917095970576,Normal,No Offer Needed,False,Regular Customer,True
8496-DMZUK,90.4,89.98529071381478,0.4147092861852286,Normal,No Offer Needed,False,Regular Customer,True
2040-VZIKE,100.85,100.48993545712577,0.36006454287422685,Normal,No Offer Needed,False,Regular Customer,True
9068-VPWQQ,75.35,75.49431646309017,-0.14431646309017765,Normal,No Offer Needed,False,Regular Customer,True
0178-SZBHO,87.2,86.79794589830423,0.40205410169576794,Normal,No Offer Needed,False,Regular Customer,True
0384-RVBPI,64.4,64.642201081753,-0.24220108175299515,Normal,No Offer Needed,False,Regular Customer,False
1689-MRZQR,78.3,78.34360626011082,-0.04360626011082047,Normal,No Offer Needed,False,Regular Customer,False
1299-AURJA,24.7,24.446607716378107,0.25339228362189203,Normal,No Offer Needed,False,Regular Customer,True
4525-VZCZG,105.85,105.97074499814539,-0.12074499814539763,Normal,No Offer Needed,False,Regular Customer,True
1543-LLLFT,98.3,97.46359937050673,0.8364006294932693,High Drop,Premium Entertainment Bundle,True,Outreach Customer,True
5835-BEQEU,76.95,77.11599039815252,-0.16599039815251615,Normal,No Offer Needed,False,Regular Customer,False
2788-CJQAQ,19.45,19.803282370744487,-0.35328237074448765,Normal,No Offer Needed,False,Regular Customer,False
5565-FILXA,96.15,96.2420894593103,-0.09208945931028722,Normal,No Offer Needed,False,Regular Customer,True
0319-QZTCO,58.7,58.39341778212464,0.3065822178753663,Normal,No Offer Needed,False,Regular Customer,False
2120-SMPEX,20.15,20.32987543091887,-0.17987543091887304,Normal,No Offer Needed,False,Regular Customer,False
0096-FCPUF,64.5,64.3203615216402,0.17963847835980573,Normal,No Offer Needed,False,Regular Customer,False
0668-OGMHD,28.5,28.976383359284196,-0.4763833592841955,Normal,No Offer Needed,False,Regular Customer,False
5552-ZNFSJ,45.3,45.81954680454423,-0.519546804544234,Normal,No Offer Needed,False,Regular Customer,False
2223-KAGMX,19.4,20.016443906186932,-0.6164439061869338,Normal,No Offer Needed,False,Regular Customer,False
6507-ZJSUR,90.45,90.53926725569013,-0.08926725569013172,Normal,No Offer Needed,False,Regular Customer,True
9408-HRXRK,105.15,104.8884279570763,0.26157204292370295,Normal,No Offer Needed,False,Regular Customer,True
5593-SUAOO,83.15,82.34156044978758,0.8084395502124266,High Drop,Premium Entertainment Bundle,True,Outreach Customer,True
7321-PKUYW,90.15,90.04607204642299,0.10392795357701345,Normal,No Offer Needed,False,Regular Customer,True
2833-SLKDQ,45.05,45.18396435371507,-0.1339643537150721,Normal,No Offer Needed,False,Regular Customer,False
6766-HFKLA,103.2,103.05764234408483,0.1423576559151769,Normal,No Offer Needed,False,Regular Customer,True
7595-EUIVN,75.8,75.8589522676091,-0.05895226760910077,Normal,No Offer Needed,False,Regular Customer,False
7617-EYGLW,19.45,20.30225633382939,-0.8522563338293914,Normal,No Offer Needed,False,Regular Customer,False
2026-TGDHM,79.3,79.65230585491652,-0.3523058549165228,Normal,No Offer Needed,False,Regular Customer,False
9220-ZNKJI,88.8,88.77607090949073,0.023929090509270168,Normal,No Offer Needed,False,Regular Customer,True
4030-VPZBD,30.9,31.652777588319324,-0.7527775883193257,Normal,No Offer Needed,False,Regular Customer,False
2226-ICFDO,85.9,85.80860934501538,0.09139065498462173,Normal,No Offer Needed,False,Regular Customer,True
0723-VSOBE,34.2,34.70437697189732,-0.5043769718973152,Normal,No Offer Needed,False,Regular Customer,False
5529-GIBVH,20.15,20.28416179476341,-0.13416179476341128,Normal,No Offer Needed,False,Regular Customer,False
4187-CINZD,95.25,95.53578886208376,-0.28578886208376275,Normal,No Offer Needed,False,Regular Customer,True
9992-UJOEL,50.3,50.01471968396555,0.28528031603444504,Normal,No Offer Needed,False,Regular Customer,False
4741-WWJQZ,80.15,80.05251189744813,0.09748810255187834,Normal,No Offer Needed,False,Regular Customer,True
6625-UTXEW,51.25,51.08974469597388,0.16025530402612276,Normal,No Offer Needed,False,Regular Customer,False
6818-WOBHJ,89.6,89.52824672438372,0.07175327561627398,Normal,No Offer Needed,False,Regular Customer,True
6244-BESBM,95.2,95.62120900374686,-0.4212090037468528,Normal,No Offer Needed,False,Regular Customer,True
1004-NOZNR,94.8,95.18780001441681,-0.3878000144168112,Normal,No Offer Needed,False,Regular Customer,True
1251-STYSZ,80.25,80.21460061095269,0.035399389047313434,Normal,No Offer Needed,False,Regular Customer,True
2612-PHGOX,76.1,75.5262689027703,0.5737310972296967,High Drop,Online Security Add-on,True,Outreach Customer,True
2408-TZMJL,110.15,110.1587547415316,-0.008754741531589616,Normal,No Offer Needed,False,Regular Customer,True
8480-PPONV,115.55,115.37137292690981,0.17862707309018333,Normal,No Offer Needed,False,Regular Customer,True
8780-IHCRN,24.65,24.76029950868332,-0.1102995086833225,Normal,No Offer Needed,False,Regular Customer,True
4598-ZADCK,53.6,53.44830938635164,0.15169061364836267,Normal,No Offer Needed,False,Regular Customer,True
1257-SXUXQ,19.45,19.636712883485654,-0.1867128834856544,Normal,No Offer Needed,False,Regular Customer,False
9681-KYGYB,88.2,87.79607980243516,0.4039201975648439,Normal,No Offer Needed,False,Regular Customer,True
7182-OVLBJ,101.15,101.34391272563569,-0.19391272563568407,Normal,No Offer Needed,False,Regular Customer,True
5095-ETBRJ,56.8,56.344969708644584,0.4550302913554134,High Drop,Personalized Retention Offer,True,Outreach Customer,True
7005-CYUIL,99.4,99.36551437908945,0.03448562091055862,Normal,No Offer Needed,False,Regular Customer,True
4821-WQOYN,20.1,20.086371113987564,0.013628886012437391,Normal,No Offer Needed,False,Regular Customer,True
4730-AWNAU,60.7,60.86051410376098,-0.16051410376097408,Normal,No Offer Needed,False,Regular Customer,False
3452-FLHYD,20.95,21.236282277101868,-0.2862822771018685,Normal,No Offer Needed,False,Regular Customer,False
2388-LAESQ,114.85,114.775427942954,0.07457205704599801,Normal,No Offer Needed,False,Regular Customer,True
9531-NSBMR,19.25,19.465982349507282,-0.21598234950728212,Normal,No Offer Needed,False,Regular Customer,False
6260-ONULR,62.8,62.6953967350689,0.10460326493110017,Normal,No Offer Needed,False,Regular Customer,False
4389-UEFCZ,105.5,105.74966122181112,-0.24966122181112382,Normal,No Offer Needed,False,Regular Customer,True
8711-LOBKY,19.85,19.687595485764835,0.16240451423516689,Normal,No Offer Needed,False,Regular Customer,True
9134-CEQMF,89.5,89.69739104100786,-0.19739104100786165,Normal,No Offer Needed,False,Regular Customer,True
8985-OOPOS,74.1,74.00099389567586,0.0990061043241326,Normal,No Offer Needed,False,Regular Customer,False
8800-ZKRFW,107.5,106.78570948024657,0.7142905197534333,High Drop,Premium Entertainment Bundle,True,Outreach Customer,True
2616-FLVQC,19.55,19.555630712587146,-0.0056307125871448704,Normal,No Offer Needed,False,Regular Customer,True
9968-FFVVH,68.8,68.20508362308341,0.5949163769165864,High Drop,Personalized Retention Offer,True,Outreach Customer,True
3108-PCCGG,84.45,84.42716781851347,0.02283218148653532,Normal,No Offer Needed,False,Regular Customer,True
7993-PYKOF,75.0,75.28802291794015,-0.2880229179401539,Normal,No Offer Needed,False,Regular Customer,False
8390-FESFV,84.5,84.18298025711535,0.3170197428846535,Normal,No Offer Needed,False,Regular Customer,True
3022-BEXHZ,111.2,110.97384610682423,0.22615389317577694,Normal,No Offer Needed,False,Regular Customer,True
5027-XWQHA,44.75,45.246409248581415,-0.4964092485814149,Normal,No Offer Needed,False,Regular Customer,False
6248-TKCQV,80.6,80.45907668419602,0.140923315803974,Normal,No Offer Needed,False,Regular Customer,True
6729-GDNGC,80.7,80.56436356399338,0.1356364360066209,Normal,No Offer Needed,False,Regular Customer,True
6198-ZFIOJ,75.6,75.55968894703805,0.04031105296193971,Normal,No Offer Needed,False,Regular Customer,False
5989-OMNJE,57.6,57.55138174462201,0.04861825537798836,Normal,No Offer Needed,False,Regular Customer,False
4566-QVRRW,44.05,44.289249306741326,-0.23924930674132838,Normal,No Offer Needed,False,Regular Customer,False
1291-CUOCY,110.6,110.69388794063553,-0.09388794063553974,Normal,No Offer Needed,False,Regular Customer,True
9795-SHUHB,58.2,58.01439290059346,0.18560709940654618,Normal,No Offer Needed,False,Regular Customer,True
3230-IUALN,81.0,80.5209009199616,0.4790990800383952,High Drop,Personalized Retention Offer,True,Outreach Customer,True
0042-RLHYP,19.7,19.57681331680961,0.12318668319039006,Normal,No Offer Needed,False,Regular Customer,True
8519-IMDHU,85.6,85.62202666724488,-0.02202666724488722,Normal,No Offer Needed,False,Regular Customer,True
4945-RVMTE,59.55,59.18140099877266,0.3685990012273379,Normal,No Offer Needed,False,Regular Customer,False
0201-OAMXR,115.55,115.73234219484469,-0.1823421948446935,Normal,No Offer Needed,False,Regular Customer,True
1866-NXPSP,75.55,74.9538462714755,0.5961537285244987,High Drop,Personalized Retention Offer,True,Outreach Customer,False
3372-KWFBM,86.6,86.65190601476237,-0.05190601476238044,Normal,No Offer Needed,False,Regular Customer,True
7831-QGOXH,85.2,85.2032348524586,-0.0032348524586041094,Normal,No Offer Needed,False,Regular Customer,True
6393-WRYZE,97.65,97.67876031111055,-0.028760311110545445,Normal,No Offer Needed,False,Regular Customer,True
3941-XTSKM,45.1,45.1246158779243,-0.024615877924297536,Normal,No Offer Needed,False,Regular Customer,False
1661-CZBAU,70.95,70.98811131731067,-0.03811131731066553,Normal,No Offer Needed,False,Regular Customer,False
6599-RCLCJ,109.55,109.30819588332476,0.24180411667524027,Normal,No Offer Needed,False,Regular Customer,True
9831-BPFRI,89.55,88.98985825040977,0.5601417495902297,High Drop,Premium Entertainment Bundle,True,Outreach Customer,True
5158-RIVOP,20.9,21.593382391757775,-0.6933823917577762,Normal,No Offer Needed,False,Regular Customer,False
9788-YTFGE,19.95,20.324229939860587,-0.3742299398605873,Normal,No Offer Needed,False,Regular Customer,False
9277-JOOMO,24.6,24.785398265086467,-0.18539826508646584,Normal,No Offer Needed,False,Regular Customer,False
1907-YLNYW,66.7,66.86987954677043,-0.1698795467704315,Normal,No Offer Needed,False,Regular Customer,False
1725-MIMXW,19.45,19.95192163711557,-0.5019216371155721,Normal,No Offer Needed,False,Regular Customer,False
8947-YRTDV,94.8,94.20935197158168,0.5906480284183147,High Drop,Premium Entertainment Bundle,True,Outreach Customer,True
3161-ONRWK,65.85,65.16759735064633,0.6824026493536621,High Drop,Personalized Retention Offer,True,Outreach Customer,True
0114-RSRRW,19.95,20.30603979493635,-0.3560397949363505,Normal,No Offer Needed,False,Regular Customer,False
4565-NLZBV,24.65,24.469512791297213,0.180487208702786,Normal,No Offer Needed,False,Regular Customer,True
0031-PVLZI,20.35,20.61881378348519,-0.26881378348518936,Normal,No Offer Needed,False,Regular Customer,False
7206-GZCDC,69.25,69.53514108602049,-0.28514108602048793,Normal,No Offer Needed,False,Regular Customer,False
6682-VCIXC,51.25,50.934533426659506,0.315466573340494,Normal,No Offer Needed,False,Regular Customer,False
4791-QRGMF,99.5,99.45941974971302,0.04058025028697898,Normal,No Offer Needed,False,Regular Customer,True
6475-VHUIZ,54.25,53.954180574052856,0.29581942594714405,Normal,No Offer Needed,False,Regular Customer,False
3910-MRQOY,19.4,19.35847352905603,0.04152647094396755,Normal,No Offer Needed,False,Regular Customer,True
0661-WCQNQ,56.25,56.361273589812804,-0.11127358981280366,Normal,No Offer Needed,False,Regular Customer,False
7537-RBWEA,25.15,25.48288803658309,-0.33288803658309263,Normal,No Offer Needed,False,Regular Customer,False
4656-CAURT,23.95,24.040054021977507,-0.09005402197750811,Normal,No Offer Needed,False,Regular Customer,True
0121-SNYRK,35.4,35.360856009514386,0.03914399048561279,Normal,No Offer Needed,False,Regular Customer,False
1768-ZAIFU,25.2,26.087263724919104,-0.8872637249191051,Normal,No Offer Needed,False,Regular Customer,False
4671-LXRDQ,45.0,45.109186935421576,-0.10918693542157598,Normal,No Offer Needed,False,Regular Customer,False
3733-LSYCE,75.35,74.97467241835713,0.37532758164286406,Normal,No Offer Needed,False,Regular Customer,False
6265-FRMTQ,20.4,20.99883122314662,-0.5988312231466217,Normal,No Offer Needed,False,Regular Customer,False
1934-SJVJK,20.15,20.76986306368246,-0.6198630636824625,Normal,No Offer Needed,False,Regular Customer,False
3838-OZURD,105.0,105.04528978262341,-0.045289782623413544,Normal,No Offer Needed,False,Regular Customer,True
9269-CQOOL,54.7,54.986756551051215,-0.2867565510512122,Normal,No Offer Needed,False,Regular Customer,False
2017-CCBLH,20.0,20.53932271361526,-0.5393227136152596,Normal,No Offer Needed,False,Regular Customer,False
7690-KPNCU,73.05,72.95347871484257,0.0965212851574222,Normal,No Offer Needed,False,Regular Customer,True
0536-BGFMZ,20.5,20.445512090747894,0.05448790925210645,Normal,No Offer Needed,False,Regular Customer,False
2293-IJWPS,100.75,100.6820504187108,0.06794958128919859,Normal,No Offer Needed,False,Regular Customer,True
2845-HSJCY,87.25,87.01308106273234,0.2369189372676601,Normal,No Offer Needed,False,Regular Customer,True
5469-NUJUR,19.95,20.434623687793817,-0.4846236877938175,Normal,No Offer Needed,False,Regular Customer,False
1184-PJVDB,79.95,80.06328525982174,-0.11328525982173687,Normal,No Offer Needed,False,Regular Customer,False
2625-TRCZQ,49.65,49.71342691416438,-0.06342691416438129,Normal,No Offer Needed,False,Regular Customer,True
4102-HLENU,65.65,64.92047734755123,0.7295226524487788,High Drop,Personalized Retention Offer,True,Outreach Customer,True
7266-GSSJX,20.45,20.93758436609171,-0.48758436609170985,Normal,No Offer Needed,False,Regular Customer,False
7722-VJRQD,60.95,61.08300149490935,-0.13300149490934388,Normal,No Offer Needed,False,Regular Customer,True
7073-QETQY,20.35,20.25250767616302,0.09749232383698114,Normal,No Offer Needed,False,Regular Customer,True
9415-DPEWS,88.35,88.27414331912001,0.07585668087997988,Normal,No Offer Needed,False,Regular Customer,True
5624-RYAMH,19.5,20.157861377501987,-0.6578613775019875,Normal,No Offer Needed,False,Regular Customer,False
0196-JTUQI,75.2,75.16901363472388,0.030986365276120864,Normal,No Offer Needed,False,Regular Customer,False
7130-YXBRO,111.45,111.03483908227267,0.4151609177273343,Normal,No Offer Needed,False,Regular Customer,True
9272-LSVYH,70.15,69.98187466209644,0.168125337903561,Normal,No Offer Needed,False,Regular Customer,False
7943-RQCHR,94.75,94.82091398178592,-0.07091398178592101,Normal,No Offer Needed,False,Regular Customer,True
3793-MMFUH,95.05,95.14730532634543,-0.09730532634543465,Normal,No Offer Needed,False,Regular Customer,True
3249-ZPQRG,78.45,78.44750192865565,0.0024980713443483182,Normal,No Offer Needed,False,Regular Customer,False
2568-BRGYX,70.2,70.54588920329114,-0.3458892032911365,Normal,No Offer Needed,False,Regular Customer,False
3084-DOWLE,92.0,91.67614977905907,0.3238502209409262,Normal,No Offer Needed,False,Regular Customer,True
1084-MNSMJ,85.5,85.34175657209873,0.15824342790126877,Normal,No Offer Needed,False,Regular Customer,True
7721-JXEAW,41.05,41.19403695000108,-0.1440369500010803,Normal,No Offer Needed,False,Regular Customer,True
7249-WBIYX,85.6,85.52125047120644,0.07874952879355135,Normal,No Offer Needed,False,Regular Customer,True
4238-HFHSN,82.15,81.91222934518517,0.23777065481483817,Normal,No Offer Needed,False,Regular Customer,True
6250-CGGUN,84.4,84.43039667555949,-0.030396675559487107,Normal,No Offer Needed,False,Regular Customer,True
5478-JJVZK,60.9,60.31129415723677,0.5887058427632255,High Drop,Loyalty Discount Offer,True,Outreach Customer,False
7596-IIWYC,20.25,20.79081641439189,-0.540816414391891,Normal,No Offer Needed,False,Regular Customer,False
6567-HOOPW,79.2,79.33950219454792,-0.1395021945479158,Normal,No Offer Needed,False,Regular Customer,False
9793-WECQC,95.3,94.93317678600609,0.3668232139939107,Normal,No Offer Needed,False,Regular Customer,True
4291-HPAXL,19.85,20.207190043292403,-0.3571900432924018,Normal,No Offer Needed,False,Regular Customer,False
8999-YPYBV,84.35,83.81150746201779,0.5384925379822079,High Drop,Personalized Retention Offer,True,Outreach Customer,True
1839-FBNFR,19.85,20.047888987266155,-0.197888987266154,Normal,No Offer Needed,False,Regular Customer,False
3164-AALRN,70.0,69.8039192517382,0.19608074826180655,Normal,No Offer Needed,False,Regular Customer,False
3071-MVJCD,82.3,81.74609342441373,0.553906575586268,High Drop,Personalized Retention Offer,True,Outreach Customer,True
1697-BCSHV,66.8,66.0624600218925,0.7375399781074918,High Drop,Loyalty Discount Offer,True,Outreach Customer,True
0562-KBDVM,44.6,44.43487090370719,0.1651290962928087,Normal,No Offer Needed,False,Regular Customer,True
1131-SUEKT,98.45,98.24681019400268,0.20318980599732583,Normal,No Offer Needed,False,Regular Customer,True
3717-OEAUQ,70.7,70.5196202463827,0.18037975361730219,Normal,No Offer Needed,False,Regular Customer,False
4538-WNTMJ,24.95,24.492879890485433,0.45712010951456605,High Drop,Personalized Retention Offer,True,Outreach Customer,False
3334-CTHOL,49.95,50.03470121383015,-0.08470121383014373,Normal,No Offer Needed,False,Regular Customer,False
4704-ERYFC,69.25,69.39870402900327,-0.1487040290032695,Normal,No Offer Needed,False,Regular Customer,False
9432-RUVSL,102.5,102.80874556568432,-0.308745565684319,Normal,No Offer Needed,False,Regular Customer,True
8060-HIWJJ,86.55,86.55671851662241,-0.006718516622413517,Normal,No Offer Needed,False,Regular Customer,True
7684-XSZIY,24.3,24.095253993730246,0.2047460062697546,Normal,No Offer Needed,False,Regular Customer,True
9089-UOWJG,58.35,58.00875889768719,0.34124110231281435,Normal,No Offer Needed,False,Regular Customer,False
8621-MNIHH,94.25,93.98609545408226,0.2639045459177396,Normal,No Offer Needed,False,Regular Customer,True
8039-ACLPL,68.75,68.64948371718123,0.10051628281877356,Normal,No Offer Needed,False,Regular Customer,True
9885-AIBVB,85.8,85.28208478912686,0.5179152108731415,High Drop,Premium Entertainment Bundle,True,Outreach Customer,True
1934-MKPXS,20.1,20.41135496947448,-0.31135496947447905,Normal,No Offer Needed,False,Regular Customer,False
2592-YKDIF,20.35,20.72146279727252,-0.3714627972725175,Normal,No Offer Needed,False,Regular Customer,False
2272-JKMSI,110.8,110.35243585526969,0.4475641447303076,High Drop,Premium Entertainment Bundle,True,Outreach Customer,True
0471-LVHGK,73.0,72.92273999655092,0.07726000344908357,Normal,No Offer Needed,False,Regular Customer,False
9518-RWHZL,100.05,100.22814765042702,-0.17814765042702163,Normal,No Offer Needed,False,Regular Customer,True
8714-CTZJW,82.85,82.8434987968251,0.006501203174892112,Normal,No Offer Needed,False,Regular Customer,True
3569-EDBPQ,84.35,84.24628744482678,0.10371255517321742,Normal,No Offer Needed,False,Regular Customer,True
3131-NWVFJ,19.55,19.576977863930736,-0.026977863930735424,Normal,No Offer Needed,False,Regular Customer,False
7521-YXVZY,19.95,20.283844468408972,-0.33384446840897297,Normal,No Offer Needed,False,Regular Customer,False
5419-CONWX,99.8,99.59123364644527,0.20876635355472217,Normal,No Offer Needed,False,Regular Customer,True
6240-EURKS,35.0,35.700714596531164,-0.7007145965311636,Normal,No Offer Needed,False,Regular Customer,False
2373-NTKOD,66.25,66.496861418242,-0.24686141824200547,Normal,No Offer Needed,False,Regular Customer,False
1970-KKFWL,23.3,23.636374029368152,-0.33637402936815164,Normal,No Offer Needed,False,Regular Customer,False
6960-HVYXR,76.0,76.1093536699765,-0.10935366997649965,Normal,No Offer Needed,False,Regular Customer,False
9337-SRRNI,25.3,25.48569550293177,-0.18569550293176817,Normal,No Offer Needed,False,Regular Customer,True
0895-UADGO,44.55,45.052347827625354,-0.502347827625357,Normal,No Offer Needed,False,Regular Customer,False
5678-VFNEQ,104.1,104.16156279681873,-0.061562796818734,Normal,No Offer Needed,False,Regular Customer,True
5977-CKHON,92.55,92.09408929179891,0.45591070820108826,High Drop,Premium Entertainment Bundle,True,Outreach Customer,True
7024-OHCCK,93.85,93.88795065396327,-0.03795065396327857,Normal,No Offer Needed,False,Regular Customer,True
2692-BUCFV,101.45,101.10559772079432,0.34440227920568134,Normal,No Offer Needed,False,Regular Customer,True
7861-UVUFT,84.3,84.1034201853072,0.19657981469279662,Normal,No Offer Needed,False,Regular Customer,True
1830-GGFNM,94.55,94.38013086967452,0.16986913032548046,Normal,No Offer Needed,False,Regular Customer,True
5302-BDJNT,95.5,95.2159081169285,0.2840918830714969,Normal,No Offer Needed,False,Regular Customer,True
5223-UZAVK,100.3,100.6954518982169,-0.39545189821690485,Normal,No Offer Needed,False,Regular Customer,True
4859-ZSRDZ,55.5,55.62271930074982,-0.12271930074982151,Normal,No Offer Needed,False,Regular Customer,True
5651-WYIPH,49.85,49.83574215070315,0.01425784929685392,Normal,No Offer Needed,False,Regular Customer,False
9350-VLHMB,89.55,89.36063359334585,0.18936640665414473,Normal,No Offer Needed,False,Regular Customer,True
3498-LZGQZ,19.15,18.90966428710604,0.24033571289395894,Normal,No Offer Needed,False,Regular Customer,True
8785-CJSHH,99.8,99.66032633437486,0.13967366562513917,Normal,No Offer Needed,False,Regular Customer,True
5357-TZHPP,84.4,84.7166891721774,-0.3166891721773908,Normal,No Offer Needed,False,Regular Customer,True
3870-SPZSI,113.05,113.01395851587895,0.0360414841210428,Normal,No Offer Needed,False,Regular Customer,True
0680-DFNNY,101.1,100.90367424545884,0.19632575454114942,Normal,No Offer Needed,False,Regular Customer,True
7560-QRBXH,19.95,19.717106517804574,0.2328934821954256,Normal,No Offer Needed,False,Regular Customer,False
7077-XJMET,74.15,73.90387511540955,0.24612488459045778,Normal,No Offer Needed,False,Regular Customer,False
8752-GHJFU,92.0,91.6930684512713,0.30693154872869854,Normal,No Offer Needed,False,Regular Customer,True
6896-SRVYQ,73.85,73.82520971927622,0.02479028072377787,Normal,No Offer Needed,False,Regular Customer,False
7767-UXAGJ,50.45,50.77167344938736,-0.32167344938735454,Normal,No Offer Needed,False,Regular Customer,False
4652-ODEVH,24.45,24.307679971146126,0.14232002885387374,Normal,No Offer Needed,False,Regular Customer,False
6510-UPNKS,24.8,25.23557455721636,-0.4355745572163592,Normal,No Offer Needed,False,Regular Customer,False
6718-BDGHG,64.85,64.37017716769137,0.47982283230862777,High Drop,Online Security Add-on,True,Outreach Customer,False
9046-DQMTP,20.75,21.066433978838614,-0.3164339788386137,Normal,No Offer Needed,False,Regular Customer,False
6439-LAJXL,68.95,68.31048997889167,0.639510021108336,High Drop,Loyalty Discount Offer,True,Outreach Customer,False
1571-SAVHK,99.95,99.60687085248266,0.34312914751734525,Normal,No Offer Needed,False,Regular Customer,True
9052-VKDUW,109.4,109.26816032096764,0.13183967903236748,Normal,No Offer Needed,False,Regular Customer,True
9546-CQJSU,91.4,91.09496901856119,0.30503098143881857,Normal,No Offer Needed,False,Regular Customer,True
1666-JZPZT,49.0,48.67353250532233,0.3264674946776722,Normal,No Offer Needed,False,Regular Customer,False
5777-KJIRB,50.25,49.708037625437385,0.5419623745626154,High Drop,Online Security Add-on,True,Outreach Customer,False
0506-LVNGN,75.55,75.60854561509449,-0.05854561509448786,Normal,No Offer Needed,False,Regular Customer,False
7677-SJJJK,19.9,20.49625143322035,-0.5962514332203526,Normal,No Offer Needed,False,Regular Customer,False
2480-EJWYP,97.8,97.46429740842589,0.33570259157410476,Normal,No Offer Needed,False,Regular Customer,True
3253-HKOKL,100.3,100.23378038505578,0.06621961494421669,Normal,No Offer Needed,False,Regular Customer,True
7055-HNEOJ,55.8,55.2435320493699,0.5564679506301005,High Drop,Loyalty Discount Offer,True,Outreach Customer,False
5514-YQENT,111.15,111.16053920703524,-0.010539207035236586,Normal,No Offer Needed,False,Regular Customer,True
3211-AAPKX,98.55,98.12776307649463,0.42223692350536624,High Drop,Premium Entertainment Bundle,True,Outreach Customer,True
8445-DNBAE,50.05,50.10992375442927,-0.05992375442927056,Normal,No Offer Needed,False,Regular Customer,False
2951-QOQTK,80.8,80.82467991563917,-0.024679915639168826,Normal,No Offer Needed,False,Regular Customer,True
2958-NHPPS,20.85,21.44934991827421,-0.599349918274207,Normal,No Offer Needed,False,Regular Customer,False
6806-YDEUL,19.5,20.057304223989007,-0.5573042239890071,Normal,No Offer Needed,False,Regular Customer,False
1735-XMJVH,19.35,19.485029619635757,-0.13502961963575544,Normal,No Offer Needed,False,Regular Customer,False
6890-PFRQX,69.5,68.91077463230678,0.5892253676932171,High Drop,Loyalty Discount Offer,True,Outreach Customer,False
0222-CNVPT,48.8,49.363758783038314,-0.5637587830383168,Normal,No Offer Needed,False,Regular Customer,True
5899-OUVKV,94.5,94.5532124605321,-0.0532124605320945,Normal,No Offer Needed,False,Regular Customer,True
8681-ICONS,20.65,20.558586087733477,0.09141391226652118,Normal,No Offer Needed,False,Regular Customer,False
1621-YNCJH,106.05,105.89590918031182,0.15409081968817873,Normal,No Offer Needed,False,Regular Customer,True
3473-XIIIT,100.0,99.74310267822082,0.2568973217791779,Normal,No Offer Needed,False,Regular Customer,True
6362-QHAFM,108.3,108.07025473208081,0.22974526791918493,Normal,No Offer Needed,False,Regular Customer,True
7893-IXHRQ,20.55,21.55406052636367,-1.00406052636367,Normal,No Offer Needed,False,Regular Customer,False
3070-BDOQC,99.65,99.80053918944455,-0.1505391894445438,Normal,No Offer Needed,False,Regular Customer,True
2952-QAYZF,85.3,85.0126360221956,0.2873639778044037,Normal,No Offer Needed,False,Regular Customer,True
6234-PFPXL,95.9,95.74406955564115,0.15593044435885872,Normal,No Offer Needed,False,Regular Customer,True
9824-QCJPK,20.0,19.953561637695444,0.046438362304556335,Normal,No Offer Needed,False,Regular Customer,False
4763-PGDPO,70.4,70.68952572458365,-0.28952572458364045,Normal,No Offer Needed,False,Regular Customer,False
4283-IVYCI,64.95,64.88392084395431,0.06607915604568859,Normal,No Offer Needed,False,Regular Customer,False
1866-OBPNR,74.6,74.40029047940675,0.19970952059324532,Normal,No Offer Needed,False,Regular Customer,False
8205-MQUGY,49.2,49.28369591315679,-0.08369591315678804,Normal,No Offer Needed,False,Regular Customer,False
8970-ANWXO,73.75,73.30449002552531,0.4455099744746889,High Drop,Online Security Add-on,True,Outreach Customer,False
9480-BQJEI,92.3,92.34438713491892,-0.04438713491892088,Normal,No Offer Needed,False,Regular Customer,True
5394-SVGJV,98.8,98.83733515512651,-0.03733515512651309,Normal,No Offer Needed,False,Regular Customer,True
6979-TNDEU,19.2,19.50433480862389,-0.3043348086238922,Normal,No Offer Needed,False,Regular Customer,False
9777-WJJPR,88.65,88.31352423244456,0.3364757675554415,Normal,No Offer Needed,False,Regular Customer,True
9283-LZQOH,74.4,74.38740529364871,0.012594706351293894,Normal,No Offer Needed,False,Regular Customer,False
7079-QRCBC,98.75,98.67363524883253,0.07636475116747476,Normal,No Offer Needed,False,Regular Customer,True
9495-SKLKD,95.95,95.42351819310828,0.5264818068917236,High Drop,Premium Entertainment Bundle,True,Outreach Customer,True
6048-UWKAL,105.4,105.52850781764987,-0.12850781764986152,Normal,No Offer Needed,False,Regular Customer,True
5067-DGXLL,20.25,20.695207093748294,-0.44520709374829437,Normal,No Offer Needed,False,Regular Customer,False
5469-CTCWN,106.0,106.13917613824363,-0.13917613824362718,Normal,No Offer Needed,False,Regular Customer,True
9851-QXEEQ,104.7,104.62437509649631,0.07562490350369444,Normal,No Offer Needed,False,Regular Customer,True
6281-FKEWS,49.05,49.28847763407887,-0.23847763407887612,Normal,No Offer Needed,False,Regular Customer,False
8898-KASCD,35.55,35.33020160769142,0.21979839230857579,Normal,No Offer Needed,False,Regular Customer,False
9242-TKFSV,65.1,65.23034483846835,-0.13034483846836054,Normal,No Offer Needed,False,Regular Customer,True
9290-SHCMB,96.85,96.68208173280979,0.16791826719020264,Normal,No Offer Needed,False,Regular Customer,True
0743-HNPFG,69.75,69.56705884120159,0.182941158798414,Normal,No Offer Needed,False,Regular Customer,True
2277-BKJKN,99.2,99.33609965372375,-0.13609965372374688,Normal,No Offer Needed,False,Regular Customer,True
9809-IMGCQ,96.7,96.89793403118206,-0.19793403118205788,Normal,No Offer Needed,False,Regular Customer,True
5208-HFSBT,55.05,55.15794192404226,-0.10794192404226521,Normal,No Offer Needed,False,Regular Customer,False
5035-PGZXH,106.8,106.58236652649563,0.2176334735043639,Normal,No Offer Needed,False,Regular Customer,True
8695-WDYEA,51.25,51.2353319069272,0.014668093072799593,Normal,No Offer Needed,False,Regular Customer,False
6543-JXSOO,57.75,57.033908319940295,0.716091680059705,High Drop,Personalized Retention Offer,True,Outreach Customer,False
8016-ZMGMO,70.85,70.03937756022738,0.8106224397726152,High Drop,Online Security Add-on,True,Outreach Customer,True
8605-ITULD,19.55,19.9288494007283,-0.3788494007282992,Normal,No Offer Needed,False,Regular Customer,False
3254-YRILK,88.2,88.11491982728792,0.08508017271208246,Normal,No Offer Needed,False,Regular Customer,True
6416-YJTTB,79.5,79.31760848763011,0.1823915123698896,Normal,No Offer Needed,False,Regular Customer,False
2667-WYLWJ,19.75,19.97603438664191,-0.2260343866419099,Normal,No Offer Needed,False,Regular Customer,False
4472-VESGY,98.15,97.61714796226241,0.532852037737598,High Drop,Premium Entertainment Bundle,True,Outreach Customer,True
3195-TQDZX,20.25,21.052133812292574,-0.8021338122925741,Normal,No Offer Needed,False,Regular Customer,False
3128-YOVTD,79.15,78.75422998016994,0.3957700198300671,Normal,No Offer Needed,False,Regular Customer,True
0529-ONKER,75.65,75.86664741987235,-0.21664741987234493,Normal,No Offer Needed,False,Regular Customer,False
1728-CXQBE,94.25,94.06128014775898,0.1887198522410216,Normal,No Offer Needed,False,Regular Customer,True
7041-TXQJH,40.2,40.53430316011859,-0.3343031601185871,Normal,No Offer Needed,False,Regular Customer,False
5014-GSOUQ,19.95,20.519651368582952,-0.569651368582953,Normal,No Offer Needed,False,Regular Customer,False
5724-BIDBU,55.35,55.243002430434025,0.10699756956597639,Normal,No Offer Needed,False,Regular Customer,False
0481-SUMCB,102.15,101.92244530359558,0.22755469640442527,Normal,No Offer Needed,False,Regular Customer,True
1769-GRUIK,71.1,71.19224342863494,-0.09224342863494428,Normal,No Offer Needed,False,Regular Customer,False
5240-IJOQT,74.7,74.89001307801841,-0.19001307801840994,Normal,No Offer Needed,False,Regular Customer,False
8819-WFGGJ,54.1,54.347892660903675,-0.24789266090367335,Normal,No Offer Needed,False,Regular Customer,True
7427-AUFPY,19.65,20.18448427872152,-0.5344842787215214,Normal,No Offer Needed,False,Regular Customer,True
2811-POVEX,88.45,87.88402481551431,0.5659751844856942,High Drop,Premium Entertainment Bundle,True,Outreach Customer,True
1092-GANHU,76.65,76.76170366331857,-0.11170366331856485,Normal,No Offer Needed,False,Regular Customer,False
7898-PDWQE,80.4,80.37504838535708,0.024951614642930053,Normal,No Offer Needed,False,Regular Customer,True
9972-EWRJS,19.25,19.135629598270178,0.11437040172982194,Normal,No Offer Needed,False,Regular Customer,True
9314-IJWSQ,84.8,84.40086485929477,0.3991351407052264,Normal,No Offer Needed,False,Regular Customer,True
0661-XEYAN,25.8,26.29383300791817,-0.49383300791816964,Normal,No Offer Needed,False,Regular Customer,False
5799-JRCZO,19.5,19.754151751340583,-0.2541517513405829,Normal,No Offer Needed,False,Regular Customer,True
1921-KYSAY,68.6,68.40459149417131,0.19540850582868075,Normal,No Offer Needed,False,Regular Customer,False
6198-RTPMF,92.6,92.4479137920061,0.1520862079938894,Normal,No Offer Needed,False,Regular Customer,True
2924-KHUVI,100.55,100.71975288749545,-0.1697528874954486,Normal,No Offer Needed,False,Regular Customer,True
1925-GMVBW,20.55,21.300693631055726,-0.7506936310557251,Normal,No Offer Needed,False,Regular Customer,False
7881-EVUAD,42.6,43.36357859572305,-0.7635785957230468,Normal,No Offer Needed,False,Regular Customer,False
6184-DYUOB,19.6,19.807297819616405,-0.2072978196164037,Normal,No Offer Needed,False,Regular Customer,False
9207-ZPANB,67.45,67.06649580501869,0.38350419498131316,Normal,No Offer Needed,False,Regular Customer,False
5766-XQXMQ,68.85,68.71409030240685,0.1359096975931493,Normal,No Offer Needed,False,Regular Customer,False
9327-QSDED,43.55,43.4910471415197,0.0589528584802963,Normal,No Offer Needed,False,Regular Customer,False
1656-DRSMG,109.85,109.6805977030816,0.16940229691839193,Normal,No Offer Needed,False,Regular Customer,True
3012-VFFMN,20.65,20.72574204894592,-0.07574204894592285,Normal,No Offer Needed,False,Regular Customer,False
2984-AFWNC,95.4,95.2358540830144,0.16414591698560344,Normal,No Offer Needed,False,Regular Customer,True
0640-YJTPY,21.0,20.923892383210543,0.07610761678945721,Normal,No Offer Needed,False,Regular Customer,True
8096-LOIST,56.2,56.45943630095985,-0.25943630095984815,Normal,No Offer Needed,False,Regular Customer,False
9764-REAFF,18.4,18.473221777706463,-0.07322177770646476,Normal,No Offer Needed,False,Regular Customer,True
3703-VAVCL,90.0,89.89814251974336,0.10185748025664054,Normal,No Offer Needed,False,Regular Customer,True
7107-UBYKY,25.75,25.74110267403138,0.008897325968618475,Normal,No Offer Needed,False,Regular Customer,False
4881-GQJTW,19.6,20.350137914531523,-0.7501379145315212,Normal,No Offer Needed,False,Regular Customer,False
8519-QJGJD,75.35,75.39479942613238,-0.044799426132385634,Normal,No Offer Needed,False,Regular Customer,False
7876-DNYAP,19.8,19.879696933541105,-0.07969693354110419,Normal,No Offer Needed,False,Regular Customer,True
7905-NJMXS,64.2,63.94875607065023,0.25124392934977635,Normal,No Offer Needed,False,Regular Customer,False
2882-WDTBA,75.75,75.32115440351394,0.428845596486056,High Drop,Personalized Retention Offer,True,Outreach Customer,True
2091-GPPIQ,78.95,78.75648957296745,0.19351042703254961,Normal,No Offer Needed,False,Regular Customer,True
6326-MTTXK,100.85,100.78743493396372,0.06256506603627088,Normal,No Offer Needed,False,Regular Customer,True
5071-FBJFS,50.3,50.35646051815786,-0.056460518157862793,Normal,No Offer Needed,False,Regular Customer,False
2796-UUZZO,80.3,79.90245769747109,0.39754230252890466,Normal,No Offer Needed,False,Regular Customer,True
2429-AYKKO,19.85,20.00266461162504,-0.1526646116250383,Normal,No Offer Needed,False,Regular Customer,True
9798-OPFEM,21.1,21.584157068028116,-0.4841570680281144,Normal,No Offer Needed,False,Regular Customer,False
0330-IVZHA,69.95,70.11180047483285,-0.16180047483284454,Normal,No Offer Needed,False,Regular Customer,False
3794-NFNCH,50.0,49.43465563281202,0.5653443671879828,High Drop,Loyalty Discount Offer,True,Outreach Customer,False
5193-QLVZB,104.75,104.73183448648595,0.018165513514048826,Normal,No Offer Needed,False,Regular Customer,True
7114-AEOZE,19.85,20.036391651920024,-0.18639165192002238,Normal,No Offer Needed,False,Regular Customer,True
2886-KEFUM,107.5,107.40832982295261,0.09167017704739067,Normal,No Offer Needed,False,Regular Customer,True
5522-NYKPB,85.9,85.70201364396095,0.19798635603905268,Normal,No Offer Needed,False,Regular Customer,True
4237-RLAQD,45.85,45.9556552700686,-0.10565527006859554,Normal,No Offer Needed,False,Regular Customer,False
9957-YODKZ,80.8,80.44438270314842,0.3556172968515767,Normal,No Offer Needed,False,Regular Customer,True
6518-KZXCB,25.25,25.57138466576942,-0.3213846657694184,Normal,No Offer Needed,False,Regular Customer,False
2245-ADZFJ,80.55,80.13681312233638,0.4131868776636196,Normal,No Offer Needed,False,Regular Customer,True
7776-QGYJC,81.5,80.91052709847042,0.5894729015295752,High Drop,Premium Entertainment Bundle,True,Outreach Customer,True
9313-QOLTZ,20.9,21.074549698614884,-0.17454969861488578,Normal,No Offer Needed,False,Regular Customer,False
9651-GTSAQ,106.1,105.98177168555117,0.11822831444882809,Normal,No Offer Needed,False,Regular Customer,True
3186-BAXNB,91.7,91.49079864266722,0.20920135733278755,Normal,No Offer Needed,False,Regular Customer,True
4672-FOTSD,67.25,67.07099272112676,0.17900727887324308,Normal,No Offer Needed,False,Regular Customer,False
0637-YLETY,95.6,95.40432028474923,0.1956797152507619,Normal,No Offer Needed,False,Regular Customer,True
9818-XQCUV,20.35,20.71148531702588,-0.3614853170258776,Normal,No Offer Needed,False,Regular Customer,False
7338-ERIVA,45.05,45.191548322874105,-0.14154832287410812,Normal,No Offer Needed,False,Regular Customer,False
1157-BQCUW,74.95,75.13271895008155,-0.1827189500815507,Normal,No Offer Needed,False,Regular Customer,False
8259-NFJTV,34.65,34.64187443316676,0.008125566833236064,Normal,No Offer Needed,False,Regular Customer,False
3223-DWFIO,69.35,69.57292931587374,-0.22292931587374198,Normal,No Offer Needed,False,Regular Customer,False
2660-EMUBI,95.35,95.49132233719774,-0.14132233719774945,Normal,No Offer Needed,False,Regular Customer,True
6968-GMKPR,81.55,81.28824988237483,0.2617501176251693,Normal,No Offer Needed,False,Regular Customer,True
4751-ERMAN,75.4,75.10718955718187,0.29281044281813706,Normal,No Offer Needed,False,Regular Customer,True
1436-ZMJAN,67.8,67.64688636885458,0.1531136311454162,Normal,No Offer Needed,False,Regular Customer,False
3292-PBZEJ,111.4,110.81999798200238,0.5800020179976286,High Drop,Premium Entertainment Bundle,True,Outreach Customer,True
0799-DDIHE,46.3,46.245515338559926,0.054484661440071136,Normal,No Offer Needed,False,Regular Customer,False
3070-FNFZQ,20.4,20.778200630397787,-0.37820063039778873,Normal,No Offer Needed,False,Regular Customer,False
2812-SFXMJ,20.05,20.40534339242846,-0.355343392428459,Normal,No Offer Needed,False,Regular Customer,False
7675-OZCZG,45.0,45.42963329399383,-0.429633293993831,Normal,No Offer Needed,False,Regular Customer,False
5014-WUQMG,96.1,95.90356798080626,0.1964320191937361,Normal,No Offer Needed,False,Regular Customer,True
5312-TSZVC,19.65,19.782788872573867,-0.13278887257386884,Normal,No Offer Needed,False,Regular Customer,False
2003-CKLOR,99.5,99.7461541680251,-0.24615416802510026,Normal,No Offer Needed,False,Regular Customer,True
0993-OSGPT,60.65,59.85773198850292,0.7922680114970788,High Drop,Online Security Add-on,True,Outreach Customer,True
9254-RBFON,98.6,98.19630602029541,0.40369397970458465,Normal,No Offer Needed,False,Regular Customer,True
1205-WNWPJ,59.5,59.25798428304802,0.24201571695198254,Normal,No Offer Needed,False,Regular Customer,False
9391-EOYLI,80.45,80.76854153721663,-0.3185415372166318,Normal,No Offer Needed,False,Regular Customer,True
7108-DGVUU,71.7,71.11433131291462,0.5856686870853878,High Drop,Online Security Add-on,True,Outreach Customer,False
2782-JEEBU,36.0,35.92089440198329,0.07910559801671013,Normal,No Offer Needed,False,Regular Customer,False
5127-BZENZ,65.2,64.70248276589523,0.49751723410477666,High Drop,Personalized Retention Offer,True,Outreach Customer,True
2720-FVBQP,48.95,48.817974230748135,0.13202576925186804,Normal,No Offer Needed,False,Regular Customer,False
9906-NHHVC,53.5,53.53573499537864,-0.03573499537863967,Normal,No Offer Needed,False,Regular Customer,True
4522-XRWWI,80.45,80.4713590252876,-0.02135902528759459,Normal,No Offer Needed,False,Regular Customer,True
3766-EJLFL,109.05,108.99172595580899,0.05827404419100901,Normal,No Offer Needed,False,Regular Customer,True
5939-SXWHM,26.3,26.35867156400528,-0.058671564005280175,Normal,No Offer Needed,False,Regular Customer,False
8152-UOBNY,106.8,106.69464157342442,0.10535842657557737,Normal,No Offer Needed,False,Regular Customer,True
7351-KYHQH,64.95,64.58591540138057,0.3640845986194279,Normal,No Offer Needed,False,Regular Customer,False
7643-RCHXS,19.35,19.450537364315885,-0.10053736431588334,Normal,No Offer Needed,False,Regular Customer,True
8246-SHFGA,21.1,21.808235431518245,-0.7082354315182435,Normal,No Offer Needed,False,Regular Customer,False
8387-MOJJT,77.95,77.98231895858893,-0.03231895858893097,Normal,No Offer Needed,False,Regular Customer,False
0620-XEFWH,18.85,19.057293065095454,-0.20729306509545253,Normal,No Offer Needed,False,Regular Customer,False
6485-QXWWE,26.0,25.973870441285303,0.0261295587146968,Normal,No Offer Needed,False,Regular Customer,True
2761-OCIAX,74.7,74.84183293406426,-0.14183293406425435,Normal,No Offer Needed,False,Regular Customer,False
7321-VGNKU,70.35,70.32622179085868,0.023778209141312345,Normal,No Offer Needed,False,Regular Customer,False
5327-CNLUQ,96.9,96.526328578869,0.37367142113100726,Normal,No Offer Needed,False,Regular Customer,True
7552-KEYGT,19.55,20.072005769307115,-0.5220057693071141,Normal,No Offer Needed,False,Regular Customer,False
5816-JMLGY,80.4,79.98915564343133,0.41084435656867413,Normal,No Offer Needed,False,Regular Customer,True
3068-OMWZA,88.8,88.60202962007867,0.1979703799213297,Normal,No Offer Needed,False,Regular Customer,True
2927-QRRQV,94.65,94.15347423601382,0.49652576398618464,High Drop,Premium Entertainment Bundle,True,Outreach Customer,True
6032-KRXXO,90.25,90.65445895084126,-0.40445895084125993,Normal,No Offer Needed,False,Regular Customer,True
7459-RRWQZ,64.65,64.81586272714736,-0.16586272714735628,Normal,No Offer Needed,False,Regular Customer,False
6265-SXWBU,95.75,95.31642580349396,0.43357419650604356,High Drop,Premium Entertainment Bundle,True,Outreach Customer,True
7941-RCJOW,19.55,19.940975836149626,-0.39097583614962517,Normal,No Offer Needed,False,Regular Customer,True
6374-NTQLP,104.1,104.42851147908021,-0.3285114790802197,Normal,No Offer Needed,False,Regular Customer,True
4154-AQUGT,89.05,88.91258502944952,0.13741497055048058,Normal,No Offer Needed,False,Regular Customer,True
2387-KDZQY,20.1,20.366977065208527,-0.2669770652085255,Normal,No Offer Needed,False,Regular Customer,False
3584-WKTTW,111.55,111.46464727384394,0.08535272615606004,Normal,No Offer Needed,False,Regular Customer,True
3399-BMLVW,60.5,60.480531560529194,0.01946843947080623,Normal,No Offer Needed,False,Regular Customer,True
1971-DTCZB,90.95,90.61390752996891,0.33609247003109033,Normal,No Offer Needed,False,Regular Customer,True
3092-IGHWF,87.4,87.12681555634616,0.27318444365384664,Normal,No Offer Needed,False,Regular Customer,True
3374-PZLXD,19.7,19.79703005825998,-0.0970300582599819,Normal,No Offer Needed,False,Regular Customer,False
3813-DHBBB,50.95,51.193252578552524,-0.24325257855252147,Normal,No Offer Needed,False,Regular Customer,True
2812-REYAT,20.05,19.984235442139937,0.06576455786006363,Normal,No Offer Needed,False,Regular Customer,False
6518-PPLMZ,19.4,19.29612675861718,0.10387324138281784,Normal,No Offer Needed,False,Regular Customer,True
4939-KYYPY,59.45,59.209521896470534,0.24047810352946897,Normal,No Offer Needed,False,Regular Customer,False
8017-LXHFA,94.75,94.85920593525944,-0.109205935259439,Normal,No Offer Needed,False,Regular Customer,True
5930-GBIWP,81.5,81.56436908255309,-0.06436908255308538,Normal,No Offer Needed,False,Regular Customer,True
6022-KOUQO,29.05,29.288514607711463,-0.23851460771146193,Normal,No Offer Needed,False,Regular Customer,False
6352-TWCAU,86.45,86.49633239294553,-0.04633239294552993,Normal,No Offer Needed,False,Regular Customer,True
2361-UPSND,70.6,70.1129986015832,0.487001398416794,High Drop,Personalized Retention Offer,True,Outreach Customer,False
6035-RIIOM,97.2,97.20978601985462,-0.009786019854615802,Normal,No Offer Needed,False,Regular Customer,True
2929-QNSRW,98.25,98.26521657293146,-0.015216572931464611,Normal,No Offer Needed,False,Regular Customer,True
1262-OPMFY,75.75,75.48342064097329,0.26657935902670715,Normal,No Offer Needed,False,Regular Customer,False
9504-DSHWM,59.2,59.09682369324409,0.1031763067559126,Normal,No Offer Needed,False,Regular Customer,False
5035-BVCXS,75.9,75.48764035364975,0.4123596463502537,Normal,No Offer Needed,False,Regular Customer,False
6267-DCFFZ,90.05,89.58721575311986,0.4627842468801333,High Drop,Premium Entertainment Bundle,True,Outreach Customer,True
3533-UVMOM,70.95,70.85138331771807,0.09861668228192855,Normal,No Offer Needed,False,Regular Customer,True
2439-LYPMQ,102.6,102.23395988512888,0.36604011487111165,Normal,No Offer Needed,False,Regular Customer,True
4248-QPAVC,85.35,84.98894064406753,0.3610593559324684,Normal,No Offer Needed,False,Regular Customer,True
1899-VXWXM,106.1,106.11862304074712,-0.01862304074712995,Normal,No Offer Needed,False,Regular Customer,True
1478-VPOAD,43.8,44.08684307047782,-0.286843070477822,Normal,No Offer Needed,False,Regular Customer,False
9995-HOTOH,59.0,59.15236443888579,-0.15236443888579032,Normal,No Offer Needed,False,Regular Customer,True
2988-PLAHS,69.95,69.89922443075604,0.05077556924396731,Normal,No Offer Needed,False,Regular Customer,False
1371-OJCEK,24.35,24.322600397375666,0.027399602624335273,Normal,No Offer Needed,False,Regular Customer,False
4999-IEZLT,29.45,29.648704534469132,-0.19870453446913316,Normal,No Offer Needed,False,Regular Customer,True
8883-ANODQ,84.4,84.10066070787121,0.29933929212879207,Normal,No Offer Needed,False,Regular Customer,True
4690-LLKUA,45.05,45.46599303254334,-0.41599303254334075,Normal,No Offer Needed,False,Regular Customer,False
2351-RRBUE,20.65,20.739462042905696,-0.08946204290569781,Normal,No Offer Needed,False,Regular Customer,False
5980-BDHPY,87.1,86.83392291716197,0.26607708283802367,Normal,No Offer Needed,False,Regular Customer,True
1498-DQNRX,19.85,19.788481487098956,0.0615185129010456,Normal,No Offer Needed,False,Regular Customer,False
9469-WEJBT,90.35,90.28123062159348,0.06876937840651465,Normal,No Offer Needed,False,Regular Customer,True
3331-HQDTW,109.8,109.21926952898613,0.5807304710138652,High Drop,Premium Entertainment Bundle,True,Outreach Customer,True
9490-DFPMD,84.65,84.72059768364626,-0.0705976836462554,Normal,No Offer Needed,False,Regular Customer,True
2581-VKIRT,65.5,64.58914334778677,0.9108566522132264,High Drop,Personalized Retention Offer,True,Outreach Customer,True
5442-XSDCW,79.5,79.34416474135259,0.15583525864741432,Normal,No Offer Needed,False,Regular Customer,False
7426-WEIJX,80.95,80.87783976235112,0.07216023764888746,Normal,No Offer Needed,False,Regular Customer,True
2851-MMUTZ,56.15,55.56226259819152,0.5877374018084751,High Drop,Loyalty Discount Offer,True,Outreach Customer,False
3049-NDXFL,85.8,85.59295092223103,0.2070490777689713,Normal,No Offer Needed,False,Regular Customer,True
8580-AECUZ,79.1,79.3250183632399,-0.22501836323991142,Normal,No Offer Needed,False,Regular Customer,False
3307-TLCUD,34.4,34.366732914244636,0.0332670857553623,Normal,No Offer Needed,False,Regular Customer,False
6625-FLENO,20.75,20.697391455016394,0.05260854498360601,Normal,No Offer Needed,False,Regular Customer,True
2967-MXRAV,18.8,19.058755624862755,-0.2587556248627543,Normal,No Offer Needed,False,Regular Customer,False
7963-GQRMY,44.3,44.114299655487315,0.18570034451268214,Normal,No Offer Needed,False,Regular Customer,False
8189-HBVRW,90.8,90.53152475140506,0.2684752485949389,Normal,No Offer Needed,False,Regular Customer,True
4163-KIUHY,25.6,25.911757850772748,-0.31175785077274654,Normal,No Offer Needed,False,Regular Customer,False
1228-FZFRV,105.95,106.01820757624725,-0.06820757624724649,Normal,No Offer Needed,False,Regular Customer,True
3500-NSDOA,70.8,70.75638034071311,0.0436196592868896,Normal,No Offer Needed,False,Regular Customer,True
1171-TYKUR,25.4,25.474544690849765,-0.07454469084976623,Normal,No Offer Needed,False,Regular Customer,False
3761-FLYZI,108.8,108.37700641944622,0.4229935805537792,High Drop,Premium Entertainment Bundle,True,Outreach Customer,True
2058-DCJBE,69.75,70.10334305188236,-0.35334305188236215,Normal,No Offer Needed,False,Regular Customer,False
5364-XYIRR,94.65,94.87437025451591,-0.22437025451590387,Normal,No Offer Needed,False,Regular Customer,True
4829-AUOAX,96.05,96.15590525232174,-0.10590525232174741,Normal,No Offer Needed,False,Regular Customer,True
1219-NNDDO,76.85,76.77149387261986,0.07850612738013751,Normal,No Offer Needed,False,Regular Customer,False
8388-DMKAE,20.25,20.794021073440366,-0.5440210734403657,Normal,No Offer Needed,False,Regular Customer,False
4403-BWPAY,24.8,25.374281232374724,-0.5742812323747231,Normal,No Offer Needed,False,Regular Customer,False
9659-QEQSY,115.65,115.33257670870839,0.31742329129161817,Normal,No Offer Needed,False,Regular Customer,True
5405-ZMYXQ,74.6,74.57184215292028,0.028157847079711473,Normal,No Offer Needed,False,Regular Customer,False
5047-LHVLY,50.15,49.91342930541038,0.23657069458961644,Normal,No Offer Needed,False,Regular Customer,False
1442-OKRJE,103.15,102.94928543799577,0.20071456200423654,Normal,No Offer Needed,False,Regular Customer,True
4737-AQCPU,72.1,71.72091838724798,0.37908161275201735,Normal,No Offer Needed,False,Regular Customer,True
9158-VCTQB,113.6,113.12763305809673,0.47236694190326034,High Drop,Premium Entertainment Bundle,True,Outreach Customer,True
2808-CHTDM,25.1,25.101853090650394,-0.0018530906503926303,Normal,No Offer Needed,False,Regular Customer,False
6311-UEUME,78.9,79.10112641647733,-0.20112641647732232,Normal,No Offer Needed,False,Regular Customer,False
0793-TWELN,80.15,80.1140094160165,0.035990583983505076,Normal,No Offer Needed,False,Regular Customer,True
3283-WCWXT,25.4,25.645966021264922,-0.24596602126492328,Normal,No Offer Needed,False,Regular Customer,False
1060-ENTOF,105.4,105.23958090163674,0.1604190983632634,Normal,No Offer Needed,False,Regular Customer,True
0999-QXNSA,45.75,45.56803222281969,0.18196777718031143,Normal,No Offer Needed,False,Regular Customer,False
5451-MHQOF,24.45,23.964970181282812,0.4850298187171873,High Drop,Personalized Retention Offer,True,Outreach Customer,True
4836-WNFNO,25.0,25.04679810955416,-0.046798109554160305,Normal,No Offer Needed,False,Regular Customer,True
9225-BZLNZ,85.25,85.19457066137926,0.05542933862074051,Normal,No Offer Needed,False,Regular Customer,True
0354-VXMJC,19.6,20.254494368417017,-0.6544943684170157,Normal,No Offer Needed,False,Regular Customer,False
4422-QVIJA,50.15,49.57989250667796,0.5701074933220411,High Drop,Loyalty Discount Offer,True,Outreach Customer,False
9365-SRSZE,70.55,70.62079441595851,-0.07079441595851677,Normal,No Offer Needed,False,Regular Customer,False
6839-ITVZJ,60.05,59.668296003186704,0.38170399681329314,Normal,No Offer Needed,False,Regular Customer,False
8332-OSJDW,26.4,26.352443009191994,0.047556990808004684,Normal,No Offer Needed,False,Regular Customer,False
4735-BJKOU,20.15,20.33975582977904,-0.18975582977904182,Normal,No Offer Needed,False,Regular Customer,False
0274-JKUJR,58.85,58.5347652267269,0.31523477327310445,Normal,No Offer Needed,False,Regular Customer,False
5740-YHGTW,97.55,97.35246261506722,0.1975373849327724,Normal,No Offer Needed,False,Regular Customer,True
8917-SZTTJ,19.65,19.894684373542194,-0.24468437354219574,Normal,No Offer Needed,False,Regular Customer,True
1696-MZVAU,25.25,25.49650076638348,-0.2465007663834804,Normal,No Offer Needed,False,Regular Customer,False
7359-WWYJV,114.45,114.68720669344701,-0.23720669344700696,Normal,No Offer Needed,False,Regular Customer,True
0375-HVGXO,34.7,35.44079398353348,-0.7407939835334787,Normal,No Offer Needed,False,Regular Customer,False
4906-ZHGPK,70.7,70.13708823734932,0.5629117626506854,High Drop,Online Security Add-on,True,Outreach Customer,True
8593-WHYHV,85.3,85.55685862104957,-0.2568586210495738,Normal,No Offer Needed,False,Regular Customer,True
3795-GWTRD,75.55,75.20116543639813,0.34883456360186926,Normal,No Offer Needed,False,Regular Customer,True
1298-PHBTI,84.8,84.7203800369607,0.07961996303929197,Normal,No Offer Needed,False,Regular Customer,True
6223-DHJGV,20.65,20.589468388281443,0.06053161171855592,Normal,No Offer Needed,False,Regular Customer,False
6961-MJKBO,20.45,20.87476993419722,-0.4247699341972222,Normal,No Offer Needed,False,Regular Customer,False
6097-EQISJ,102.45,102.23966779078663,0.2103322092133766,Normal,No Offer Needed,False,Regular Customer,True
4423-YLHDV,104.4,104.05836261165358,0.34163738834642743,Normal,No Offer Needed,False,Regular Customer,True
8158-WPEZG,35.65,36.03931898463259,-0.3893189846325882,Normal,No Offer Needed,False,Regular Customer,False
0107-YHINA,99.75,99.50443135551767,0.24556864448233284,Normal,No Offer Needed,False,Regular Customer,True
4918-FYJNT,90.45,89.9202858715111,0.5297141284889051,High Drop,Premium Entertainment Bundle,True,Outreach Customer,True
0727-BNRLG,97.65,97.61701551682036,0.03298448317964642,Normal,No Offer Needed,False,Regular Customer,True
4854-CIDCF,73.85,73.74316765687684,0.10683234312315903,Normal,No Offer Needed,False,Regular Customer,False
8640-SDGKB,74.4,74.46874549149176,-0.0687454914917538,Normal,No Offer Needed,False,Regular Customer,False
3280-MRDOF,69.1,69.03983042942475,0.06016957057524053,Normal,No Offer Needed,False,Regular Customer,False
6435-SRWBJ,82.75,82.35287557369617,0.39712442630383293,Normal,No Offer Needed,False,Regular Customer,True
9964-WBQDJ,24.4,24.420405084700576,-0.020405084700577447,Normal,No Offer Needed,False,Regular Customer,True
6303-KFWSL,55.25,55.02389021586316,0.22610978413683824,Normal,No Offer Needed,False,Regular Customer,False
1702-CCFNJ,61.35,60.77990162623287,0.5700983737671308,High Drop,Loyalty Discount Offer,True,Outreach Customer,True
8932-CZHRQ,76.75,76.66792654490311,0.08207345509688935,Normal,No Offer Needed,False,Regular Customer,True
0386-CWRGM,19.4,19.309166578919815,0.090833421080184,Normal,No Offer Needed,False,Regular Customer,False
5515-RUGKN,54.75,55.174389140778814,-0.42438914077881407,Normal,No Offer Needed,False,Regular Customer,False
0404-AHASP,19.7,19.919579981265986,-0.2195799812659871,Normal,No Offer Needed,False,Regular Customer,True
7279-NMVJC,19.9,20.34541525127259,-0.4454152512725926,Normal,No Offer Needed,False,Regular Customer,False
2081-VEYEH,107.95,107.46479934644577,0.48520065355423014,High Drop,Premium Entertainment Bundle,True,Outreach Customer,True
6407-UTSLV,83.8,83.39818559837092,0.4018144016290819,Normal,No Offer Needed,False,Regular Customer,True
4116-TZAQJ,74.25,74.59116203823201,-0.34116203823201374,Normal,No Offer Needed,False,Regular Customer,False
9060-HJJRW,56.4,56.46025717571136,-0.060257175711363686,Normal,No Offer Needed,False,Regular Customer,True
2587-YNLES,20.1,20.429530139053494,-0.3295301390534924,Normal,No Offer Needed,False,Regular Customer,False
7398-SKNQZ,94.9,94.66139547161727,0.23860452838273716,Normal,No Offer Needed,False,Regular Customer,True
5935-FCCNB,94.2,94.1501079849271,0.0498920150728992,Normal,No Offer Needed,False,Regular Customer,True
1958-RNRKS,49.9,49.81200179435488,0.08799820564512117,Normal,No Offer Needed,False,Regular Customer,False
5136-RGMZO,71.05,70.70527603936122,0.344723960638774,Normal,No Offer Needed,False,Regular Customer,False
8345-MVDYC,81.65,81.66540722193999,-0.015407221939980786,Normal,No Offer Needed,False,Regular Customer,True
8226-BXGES,89.45,89.01016142631858,0.43983857368142765,High Drop,Premium Entertainment Bundle,True,Outreach Customer,True
3877-JRJIP,59.85,60.031112847790624,-0.1811128477906223,Normal,No Offer Needed,False,Regular Customer,False
8375-DKEBR,69.6,69.88190944700857,-0.281909447008573,Normal,No Offer Needed,False,Regular Customer,False
9705-IOVQQ,99.0,98.87512056091303,0.12487943908696764,Normal,No Offer Needed,False,Regular Customer,True
1015-OWJKI,19.05,19.518058871148188,-0.46805887114818745,Normal,No Offer Needed,False,Regular Customer,False
7511-YMXVQ,45.4,46.245871896919276,-0.8458718969192773,Normal,No Offer Needed,False,Regular Customer,False
2040-XBAVJ,114.45,114.32981340349481,0.12018659650519226,Normal,No Offer Needed,False,Regular Customer,True
7551-JOHTI,19.5,20.041271835730257,-0.5412718357302566,Normal,No Offer Needed,False,Regular Customer,False
8887-IPQNC,44.25,43.962368921996145,0.2876310780038551,Normal,No Offer Needed,False,Regular Customer,False
8646-JCOMS,90.55,89.91911747695875,0.6308825230412509,High Drop,Premium Entertainment Bundle,True,Outreach Customer,True
9804-ICWBG,69.9,70.25874649961577,-0.3587464996157621,Normal,No Offer Needed,False,Regular Customer,False
1222-KJNZD,20.4,20.392784539217807,0.007215460782191485,Normal,No Offer Needed,False,Regular Customer,False
0106-GHRQR,71.4,70.99964504177196,0.4003549582280499,Normal,No Offer Needed,False,Regular Customer,False
5318-IXUZF,87.15,86.8777965764589,0.27220342354110016,Normal,No Offer Needed,False,Regular Customer,True
3768-VHXQO,24.85,25.002585914895686,-0.15258591489568474,Normal,No Offer Needed,False,Regular Customer,True
8952-WCVCD,104.45,104.02565146644118,0.4243485335588275,High Drop,Premium Entertainment Bundle,True,Outreach Customer,True
2418-TPEUN,19.8,19.990041108625537,-0.19004110862553603,Normal,No Offer Needed,False,Regular Customer,True
3963-RYFNS,116.45,116.41747020555712,0.032529794442879734,Normal,No Offer Needed,False,Regular Customer,True
3198-VELRD,84.75,84.53982557475695,0.21017442524305352,Normal,No Offer Needed,False,Regular Customer,True
8540-ZQGEA,20.05,20.388960281775066,-0.33896028177506565,Normal,No Offer Needed,False,Regular Customer,True
1320-REHCS,110.75,110.54164095916049,0.20835904083951107,Normal,No Offer Needed,False,Regular Customer,True
4137-JOPHL,89.7,89.75885418814481,-0.058854188144806585,Normal,No Offer Needed,False,Regular Customer,True
9436-ZBZCT,89.95,89.9063935946256,0.043606405374404744,Normal,No Offer Needed,False,Regular Customer,True
7801-CEDNV,48.7,48.92223479258264,-0.22223479258263978,Normal,No Offer Needed,False,Regular Customer,False
2057-BOYKM,96.6,96.27124038180492,0.32875961819507893,Normal,No Offer Needed,False,Regular Customer,True
3658-QQJYD,74.3,74.47732217455034,-0.1773221745503406,Normal,No Offer Needed,False,Regular Customer,True
1803-BGNBD,54.3,54.179580691843285,0.12041930815671265,Normal,No Offer Needed,False,Regular Customer,False
0134-XWXCE,74.85,74.57769533984407,0.2723046601559247,Normal,No Offer Needed,False,Regular Customer,False
6950-TWMYB,79.95,79.76637309134411,0.1836269086558957,Normal,No Offer Needed,False,Regular Customer,True
5848-FHRFC,20.05,20.167328626488352,-0.11732862648835152,Normal,No Offer Needed,False,Regular Customer,True
2243-FNMMI,19.4,19.658582215399417,-0.25858221539941795,Normal,No Offer Needed,False,Regular Customer,False
2511-MORQY,54.9,54.263549125280974,0.6364508747190243,High Drop,Online Security Add-on,True,Outreach Customer,False
5356-KZCKT,24.45,24.83544396366424,-0.3854439636642404,Normal,No Offer Needed,False,Regular Customer,True
9470-XCCEM,89.65,89.04774453712815,0.6022554628718524,High Drop,Premium Entertainment Bundle,True,Outreach Customer,True
6519-CFDBX,45.4,45.643434254900065,-0.2434342549000661,Normal,No Offer Needed,False,Regular Customer,False
3902-MIVLE,75.7,75.26950937410678,0.43049062589322773,High Drop,Personalized Retention Offer,True,Outreach Customer,True
0409-WTMPL,110.65,110.4778522033598,0.1721477966402034,Normal,No Offer Needed,False,Regular Customer,True
8763-KIAFH,20.55,20.409307144965393,0.14069285503460804,Normal,No Offer Needed,False,Regular Customer,False
3669-WHAFY,115.15,115.2269519186352,-0.07695191863518858,Normal,No Offer Needed,False,Regular Customer,True
3055-VTCGS,58.55,58.50276992510767,0.047230074892326,Normal,No Offer Needed,False,Regular Customer,True
3144-KMTWZ,93.25,92.9272125437043,0.3227874562956998,Normal,No Offer Needed,False,Regular Customer,True
7279-BUYWN,113.2,113.10833652161098,0.09166347838902311,Normal,No Offer Needed,False,Regular Customer,True
7156-MHUGY,90.5,90.8353010868565,-0.3353010868565036,Normal,No Offer Needed,False,Regular Customer,True
7198-GLXTC,79.0,79.2403815124962,-0.24038151249619943,Normal,No Offer Needed,False,Regular Customer,False
2007-QVGAW,19.35,19.2022348075443,0.14776519245570086,Normal,No Offer Needed,False,Regular Customer,True
5207-PLSTK,48.75,48.50684191822942,0.24315808177058074,Normal,No Offer Needed,False,Regular Customer,False
2307-FYNNL,109.05,109.42935102910798,-0.3793510291079798,Normal,No Offer Needed,False,Regular Customer,True
5605-XNWEN,25.0,24.91021610360312,0.08978389639688089,Normal,No Offer Needed,False,Regular Customer,True
2155-AMQRX,54.9,54.80123570508838,0.09876429491161787,Normal,No Offer Needed,False,Regular Customer,False
6181-AXXYF,24.75,24.782385265624026,-0.03238526562402555,Normal,No Offer Needed,False,Regular Customer,True
5091-HFAZW,91.15,90.90236116036783,0.2476388396321738,Normal,No Offer Needed,False,Regular Customer,True
0516-VRYBW,20.15,20.65068677422571,-0.5006867742257128,Normal,No Offer Needed,False,Regular Customer,False
2519-LBNQL,104.35,104.14749096492582,0.20250903507417206,Normal,No Offer Needed,False,Regular Customer,True
8623-ULFNQ,66.05,66.036655688365,0.013344311634995165,Normal,No Offer Needed,False,Regular Customer,False
8380-PEFPE,71.65,71.88910608015624,-0.23910608015623325,Normal,No Offer Needed,False,Regular Customer,False
5687-DKDTV,20.35,20.84971008859695,-0.49971008859694876,Normal,No Offer Needed,False,Regular Customer,False
1568-LJSZU,92.2,92.07352989380807,0.1264701061919311,Normal,No Offer Needed,False,Regular Customer,True
7530-HDYDS,84.25,84.08967286251868,0.16032713748131755,Normal,No Offer Needed,False,Regular Customer,True
7789-HKSBS,105.2,104.90386539593422,0.2961346040657844,Normal,No Offer Needed,False,Regular Customer,True
7416-CKTEP,19.6,19.68789797608666,-0.0878979760866585,Normal,No Offer Needed,False,Regular Customer,True
2586-CWXVV,30.4,30.397574817243385,0.002425182756613964,Normal,No Offer Needed,False,Regular Customer,True
3096-IZETN,78.1,78.34163841794069,-0.24163841794069185,Normal,No Offer Needed,False,Regular Customer,False
2348-KCJLT,61.5,60.7015339979111,0.798466002088901,High Drop,Personalized Retention Offer,True,Outreach Customer,False
8401-EMUWF,69.4,68.84314046391938,0.5568595360806228,High Drop,Loyalty Discount Offer,True,Outreach Customer,False
4193-IBKSW,24.75,24.56799354702094,0.18200645297905993,Normal,No Offer Needed,False,Regular Customer,True
5377-NDTOU,91.05,90.37746448187967,0.672535518120327,High Drop,Personalized Retention Offer,True,Outreach Customer,True
5922-ABDVO,89.65,89.15771866109723,0.4922813389027709,High Drop,Premium Entertainment Bundle,True,Outreach Customer,True
2474-LCNUE,73.65,73.46107443304385,0.1889255669561578,Normal,No Offer Needed,False,Regular Customer,False
0839-QNXME,19.4,20.127728689730308,-0.7277286897303092,Normal,No Offer Needed,False,Regular Customer,False
3506-OVLKD,26.2,26.400515883115872,-0.2005158831158731,Normal,No Offer Needed,False,Regular Customer,False
9172-ANCRX,98.7,98.80667115434531,-0.10667115434530672,Normal,No Offer Needed,False,Regular Customer,True
6650-VJONK,43.85,44.04305575137413,-0.193055751374132,Normal,No Offer Needed,False,Regular Customer,False
2178-PMGCJ,69.7,69.49277655226268,0.20722344773732004,Normal,No Offer Needed,False,Regular Customer,False
7492-TAFJD,38.55,38.524465037875856,0.025534962124140748,Normal,No Offer Needed,False,Regular Customer,False
2773-MADBQ,53.1,53.058963437568444,0.0410365624315574,Normal,No Offer Needed,False,Regular Customer,False
6016-LVTJQ,20.65,20.431527660040746,0.21847233995925208,Normal,No Offer Needed,False,Regular Customer,False
7860-KSUGX,64.45,64.14739402458355,0.30260597541645495,Normal,No Offer Needed,False,Regular Customer,True
8966-KZXXA,25.1,25.48187028731518,-0.38187028731517714,Normal,No Offer Needed,False,Regular Customer,False
6910-HADCM,76.35,76.38149508514388,-0.03149508514388799,Normal,No Offer Needed,False,Regular Customer,False
4816-LXZYW,79.15,79.03225822109866,0.11774177890134752,Normal,No Offer Needed,False,Regular Customer,False
9606-PBKBQ,85.0,85.20142338817787,-0.2014233881778722,Normal,No Offer Needed,False,Regular Customer,True
5149-QYTTU,95.15,94.6981849998136,0.4518150001864001,High Drop,Premium Entertainment Bundle,True,Outreach Customer,True
2070-XYMFH,79.35,78.6969506564964,0.6530493435035964,High Drop,Premium Entertainment Bundle,True,Outreach Customer,False
2085-BOJKI,96.65,96.31256687565615,0.3374331243438604,Normal,No Offer Needed,False,Regular Customer,True
0817-HSUSE,75.5,75.39442173831021,0.10557826168978579,Normal,No Offer Needed,False,Regular Customer,False
5442-PPTJY,19.7,20.05980987995864,-0.35980987995863956,Normal,No Offer Needed,False,Regular Customer,False
1927-QEWMY,20.5,20.644593853738304,-0.14459385373830358,Normal,No Offer Needed,False,Regular Customer,True
1663-MHLHE,19.2,19.66667388300023,-0.4666738830002295,Normal,No Offer Needed,False,Regular Customer,False
5663-QBGIS,98.35,98.44122618910401,-0.09122618910402025,Normal,No Offer Needed,False,Regular Customer,True
4450-MDZFX,74.35,74.04186904278414,0.3081309572158517,Normal,No Offer Needed,False,Regular Customer,True
6701-DHKWQ,51.35,51.15985837120258,0.19014162879742003,Normal,No Offer Needed,False,Regular Customer,True
7554-AKDQF,45.65,45.3875092133596,0.2624907866403987,Normal,No Offer Needed,False,Regular Customer,False
3536-IQCTX,85.3,85.52358123129046,-0.22358123129046703,Normal,No Offer Needed,False,Regular Customer,True
4911-BANWH,86.55,86.5205542467913,0.029445753208690917,Normal,No Offer Needed,False,Regular Customer,True
8496-EJAUI,73.85,74.04189710260596,-0.1918971026059637,Normal,No Offer Needed,False,Regular Customer,False
0794-YVSGE,20.3,20.210724158614756,0.0892758413852448,Normal,No Offer Needed,False,Regular Customer,True
5423-BHIXO,54.2,53.94435459269566,0.2556454073043426,Normal,No Offer Needed,False,Regular Customer,False
6908-VVYHM,90.65,90.64689422251153,0.0031057774884715172,Normal,No Offer Needed,False,Regular Customer,True
2959-EEXWB,50.9,50.98831658920948,-0.08831658920948371,Normal,No Offer Needed,False,Regular Customer,False
1839-UMACK,25.05,25.310146273055917,-0.2601462730559163,Normal,No Offer Needed,False,Regular Customer,False
3030-YDNRM,74.85,74.87082710418875,-0.02082710418875422,Normal,No Offer Needed,False,Regular Customer,False
7321-KKSDU,20.5,20.76693662155575,-0.26693662155575026,Normal,No Offer Needed,False,Regular Customer,False
3402-XRIUO,63.55,62.775590560848784,0.7744094391512135,High Drop,Loyalty Discount Offer,True,Outreach Customer,False
3132-TVFDZ,44.85,45.304302404893484,-0.4543024048934825,Normal,No Offer Needed,False,Regular Customer,True
8286-AFUYI,47.95,48.3536924105914,-0.4036924105913968,Normal,No Offer Needed,False,Regular Customer,False
8080-DDEMJ,45.1,45.6263792697651,-0.5263792697651013,Normal,No Offer Needed,False,Regular Customer,False
8356-WUAOJ,45.0,45.127672265197056,-0.12767226519705588,Normal,No Offer Needed,False,Regular Customer,False
6365-MTGZX,96.0,96.23920718381963,-0.23920718381963013,Normal,No Offer Needed,False,Regular Customer,True
1349-WXNGG,20.05,20.90168113406649,-0.8516811340664887,Normal,No Offer Needed,False,Regular Customer,False
8058-DMYRU,90.05,90.13964915103534,-0.08964915103534565,Normal,No Offer Needed,False,Regular Customer,True
9350-ZXYJC,25.3,26.121063159351852,-0.8210631593518514,Normal,No Offer Needed,False,Regular Customer,False
6990-YNRIO,108.65,108.78701207233105,-0.1370120723310464,Normal,No Offer Needed,False,Regular Customer,True
8958-JPTRR,24.3,24.207785443213982,0.09221455678601842,Normal,No Offer Needed,False,Regular Customer,True
6959-GQEGV,75.95,75.98801768886167,-0.03801768886167167,Normal,No Offer Needed,False,Regular Customer,False
3173-WSSUE,19.7,19.745519775784157,-0.045519775784157446,Normal,No Offer Needed,False,Regular Customer,True
1265-HVPZB,66.4,66.06758246666163,0.3324175333383721,Normal,No Offer Needed,False,Regular Customer,True
4115-UMJFQ,35.75,35.417727715004034,0.33227228499596606,Normal,No Offer Needed,False,Regular Customer,True
7369-TRPFD,18.8,19.069501890841515,-0.2695018908415143,Normal,No Offer Needed,False,Regular Customer,False
1098-KFQEC,19.4,19.622167081832583,-0.22216708183258405,Normal,No Offer Needed,False,Regular Customer,True
7190-XHTWJ,19.3,19.291094127395795,0.008905872604206166,Normal,No Offer Needed,False,Regular Customer,False
0621-TWIEM,45.55,45.98482308569309,-0.4348230856930897,Normal,No Offer Needed,False,Regular Customer,False
3537-RYBHH,67.45,66.94529297615654,0.5047070238434657,High Drop,Loyalty Discount Offer,True,Outreach Customer,False
2485-ITVKB,35.1,35.917555179037855,-0.8175551790378535,Normal,No Offer Needed,False,Regular Customer,False
3669-OYSJI,46.2,46.74951375560281,-0.5495137556028098,Normal,No Offer Needed,False,Regular Customer,False
1612-EOHDH,45.15,45.58633894943216,-0.43633894943216234,Normal,No Offer Needed,False,Regular Customer,False
6702-OHFWR,43.3,43.88103434449776,-0.5810343444977661,Normal,No Offer Needed,False,Regular Customer,False
5296-BFCYD,20.1,20.059601970461085,0.0403980295389168,Normal,No Offer Needed,False,Regular Customer,False
4510-PYUSH,57.15,57.28900991909737,-0.1390099190973686,Normal,No Offer Needed,False,Regular Customer,False
9359-JANWS,58.9,58.83500367118118,0.06499632881882178,Normal,No Offer Needed,False,Regular Customer,True
7517-SAWMO,73.2,73.40376765761276,-0.20376765761275806,Normal,No Offer Needed,False,Regular Customer,False
4143-HHPMK,85.35,85.67432027583509,-0.3243202758350918,Normal,No Offer Needed,False,Regular Customer,True
3279-DYZQM,19.45,19.14831737616512,0.3016826238348784,Normal,No Offer Needed,False,Regular Customer,True
7054-LGEQW,45.95,45.991061581567294,-0.04106158156729123,Normal,No Offer Needed,False,Regular Customer,False
0523-VNGTF,50.5,50.241433069227824,0.25856693077217585,Normal,No Offer Needed,False,Regular Customer,True
9575-IWCAZ,25.1,25.229299353233387,-0.12929935323338526,Normal,No Offer Needed,False,Regular Customer,False
7105-MXJLL,60.7,60.24329976548921,0.4567002345107909,High Drop,Online Security Add-on,True,Outreach Customer,False
7064-FRRSW,99.0,99.02217151492485,-0.02217151492484959,Normal,No Offer Needed,False,Regular Customer,True
7940-UQQUG,104.4,104.25603872851748,0.14396127148252447,Normal,No Offer Needed,False,Regular Customer,True
0923-PNFUB,83.75,83.68609193949038,0.06390806050961828,Normal,No Offer Needed,False,Regular Customer,True
3961-SXAXY,44.05,44.24120910051018,-0.1912091005101857,Normal,No Offer Needed,False,Regular Customer,False
7010-BRBUU,24.1,24.111940961189674,-0.011940961189672805,Normal,No Offer Needed,False,Regular Customer,True
3566-HJGPK,45.55,45.49646447407854,0.05353552592145405,Normal,No Offer Needed,False,Regular Customer,False
3062-ICYZQ,93.8,93.56665591469223,0.2333440853077633,Normal,No Offer Needed,False,Regular Customer,True
9938-PRCVK,19.7,19.878815600522348,-0.17881560052234846,Normal,No Offer Needed,False,Regular Customer,False
0973-KYVNF,70.65,70.32113460378505,0.32886539621495103,Normal,No Offer Needed,False,Regular Customer,True
5129-HHMZC,86.45,86.40231857484777,0.04768142515223417,Normal,No Offer Needed,False,Regular Customer,True
9637-CDTKZ,114.1,114.25792975645506,-0.15792975645506147,Normal,No Offer Needed,False,Regular Customer,True
3946-JEWRQ,95.2,95.32240755493966,-0.12240755493965594,Normal,No Offer Needed,False,Regular Customer,True
7873-CVMAW,88.55,88.64183974428231,-0.09183974428231068,Normal,No Offer Needed,False,Regular Customer,True
0463-WZZKO,20.75,21.586894198250864,-0.8368941982508638,Normal,No Offer Needed,False,Regular Customer,False
3494-JCHRQ,70.05,70.4073615114678,-0.3573615114678006,Normal,No Offer Needed,False,Regular Customer,False
6474-FVJLC,86.0,86.244330104592,-0.24433010459199522,Normal,No Offer Needed,False,Regular Customer,True
4524-QCSSM,44.65,45.024068573643724,-0.3740685736437257,Normal,No Offer Needed,False,Regular Customer,False
5832-EXGTT,60.2,59.96343983317985,0.2365601668201549,Normal,No Offer Needed,False,Regular Customer,False
8840-DQLGN,100.5,100.08912626781404,0.4108737321859621,Normal,No Offer Needed,False,Regular Customer,True
2039-JONDJ,55.45,55.37065750717956,0.07934249282044448,Normal,No Offer Needed,False,Regular Customer,False
7217-JYHOQ,70.3,70.19422675532574,0.10577324467425342,Normal,No Offer Needed,False,Regular Customer,False
6695-FRVEC,60.4,60.07576960621536,0.3242303937846387,Normal,No Offer Needed,False,Regular Customer,True
4547-LYTDD,72.65,72.80028102992249,-0.15028102992248193,Normal,No Offer Needed,False,Regular Customer,False
9894-QMIMJ,55.8,55.38738621166054,0.4126137883394563,Normal,No Offer Needed,False,Regular Customer,False
8069-YQQAJ,31.1,31.164913067369877,-0.06491306736987568,Normal,No Offer Needed,False,Regular Customer,False
6770-XUAGN,21.0,21.66373959416267,-0.6637395941626707,Normal,No Offer Needed,False,Regular Customer,False
4193-ORFCL,45.1,45.15389566209598,-0.05389566209597518,Normal,No Offer Needed,False,Regular Customer,False
1636-NTNCO,50.95,51.474462721292674,-0.5244627212926716,Normal,No Offer Needed,False,Regular Customer,False
3466-WAESX,69.1,69.02205914373219,0.07794085626780145,Normal,No Offer Needed,False,Regular Customer,False
9281-PKKZE,43.95,44.20892934454535,-0.25892934454535066,Normal,No Offer Needed,False,Regular Customer,False
3638-VBZTA,86.5,86.45433255956227,0.045667440437725304,Normal,No Offer Needed,False,Regular Customer,True
7459-IMVYU,69.95,69.55429996404574,0.3957000359542633,Normal,No Offer Needed,False,Regular Customer,False
7776-QWNFX,50.4,50.26233341965085,0.1376665803491477,Normal,No Offer Needed,False,Regular Customer,False
6689-TCZHQ,78.95,79.33121383931153,-0.38121383931152764,Normal,No Offer Needed,False,Regular Customer,False
8563-OYMQY,90.95,90.84705277910409,0.10294722089591346,Normal,No Offer Needed,False,Regular Customer,True
0754-EEBDC,19.9,20.341564111289433,-0.4415641112894342,Normal,No Offer Needed,False,Regular Customer,False
5777-ZPQNC,20.15,20.813245360967738,-0.6632453609677391,Normal,No Offer Needed,False,Regular Customer,False
1951-IEYXM,90.6,90.43788316962551,0.16211683037448665,Normal,No Offer Needed,False,Regular Customer,True
3318-NMQXL,92.0,92.10766264401914,-0.10766264401914327,Normal,No Offer Needed,False,Regular Customer,True
3143-ILDAL,94.45,94.59805206488632,-0.14805206488631484,Normal,No Offer Needed,False,Regular Customer,True
1022-RKXDR,24.85,24.636585675646902,0.21341432435309926,Normal,No Offer Needed,False,Regular Customer,False
2361-FJWNO,36.0,36.224944134675376,-0.22494413467537555,Normal,No Offer Needed,False,Regular Customer,False
2272-UOINI,78.5,78.38845660819182,0.1115433918081834,Normal,No Offer Needed,False,Regular Customer,False
8232-UTFOZ,19.95,20.335491350001032,-0.38549135000103263,Normal,No Offer Needed,False,Regular Customer,True
3750-YHRYO,20.65,20.82746209472701,-0.17746209472701224,Normal,No Offer Needed,False,Regular Customer,False
6637-KYRCV,30.5,30.727055164218417,-0.22705516421841665,Normal,No Offer Needed,False,Regular Customer,False
5668-MEISB,106.1,105.91273607797586,0.18726392202412967,Normal,No Offer Needed,False,Regular Customer,True
0129-QMPDR,20.5,20.475230696358903,0.024769303641097196,Normal,No Offer Needed,False,Regular Customer,False
7188-CBBBA,95.5,95.1405278630922,0.35947213690779733,Normal,No Offer Needed,False,Regular Customer,True
5356-CSVSQ,64.6,64.43684492372591,0.1631550762740801,Normal,No Offer Needed,False,Regular Customer,False
3221-CJMSG,51.1,51.26203754378067,-0.16203754378067003,Normal,No Offer Needed,False,Regular Customer,False
4720-VSTSI,84.8,84.41329222823303,0.38670777176696447,Normal,No Offer Needed,False,Regular Customer,True
3219-JQRSL,89.1,88.977743015635,0.12225698436499499,Normal,No Offer Needed,False,Regular Customer,True
2801-NISEI,54.95,55.14574165495035,-0.19574165495034634,Normal,No Offer Needed,False,Regular Customer,False
3946-MHCZW,50.9,50.77592325490435,0.1240767450956497,Normal,No Offer Needed,False,Regular Customer,False
4623-ZKHLY,20.45,20.762846996801798,-0.31284699680179884,Normal,No Offer Needed,False,Regular Customer,False
6732-VAILE,85.95,85.68288453878901,0.2671154612109916,Normal,No Offer Needed,False,Regular Customer,True
8201-AAXCB,60.35,60.07460004561014,0.27539995438986153,Normal,No Offer Needed,False,Regular Customer,False
7696-CFTAT,19.8,20.10699850921131,-0.3069985092113079,Normal,No Offer Needed,False,Regular Customer,False
1845-CSBRZ,85.35,84.85398176951739,0.49601823048260485,High Drop,Premium Entertainment Bundle,True,Outreach Customer,True
2123-VSCOT,72.1,71.5008782431046,0.5991217568953999,High Drop,Online Security Add-on,True,Outreach Customer,True
6651-AZVTJ,99.8,99.71157757949166,0.08842242050833704,Normal,No Offer Needed,False,Regular Customer,True
4566-GOLUK,107.35,107.04895216591056,0.3010478340894309,Normal,No Offer Needed,False,Regular Customer,True
2484-DGXPZ,19.55,19.516606907322565,0.03339309267743573,Normal,No Offer Needed,False,Regular Customer,False
2018-QKYGT,81.05,81.07515820635537,-0.02515820635537125,Normal,No Offer Needed,False,Regular Customer,True
2792-VPPET,20.5,21.303083174609803,-0.803083174609803,Normal,No Offer Needed,False,Regular Customer,False
7409-JURKQ,111.8,111.20695747641828,0.5930425235817154,High Drop,Premium Entertainment Bundle,True,Outreach Customer,True
3247-MHJKM,20.2,20.6574406286805,-0.4574406286805015,Normal,No Offer Needed,False,Regular Customer,False
1964-SVLEA,19.7,19.953971566972164,-0.25397156697216516,Normal,No Offer Needed,False,Regular Customer,False
4587-NUKOX,79.1,79.18327971571543,-0.08327971571543458,Normal,No Offer Needed,False,Regular Customer,False
7297-DVYGA,19.85,19.898454429329544,-0.04845442932954214,Normal,No Offer Needed,False,Regular Customer,True
2239-CGBUZ,60.5,60.06152431646986,0.4384756835301431,High Drop,Personalized Retention Offer,True,Outreach Customer,True
0854-UYHZD,19.55,19.81281146166457,-0.2628114616645689,Normal,No Offer Needed,False,Regular Customer,False
7243-LCGGZ,20.9,21.26638450739667,-0.3663845073966705,Normal,No Offer Needed,False,Regular Customer,False
8267-KFGYD,21.05,21.37518765791804,-0.3251876579180397,Normal,No Offer Needed,False,Regular Customer,False
4890-VMUAV,71.5,71.13589481872712,0.36410518127287617,Normal,No Offer Needed,False,Regular Customer,True
9261-WDCAF,54.65,54.69344469810959,-0.04344469810958884,Normal,No Offer Needed,False,Regular Customer,False
3764-MNMOI,19.2,19.839714085254403,-0.6397140852544041,Normal,No Offer Needed,False,Regular Customer,False
7442-YGZFK,49.8,50.003991172355526,-0.20399117235552922,Normal,No Offer Needed,False,Regular Customer,False
0420-BWTPW,25.5,25.927022859460234,-0.42702285946023366,Normal,No Offer Needed,False,Regular Customer,False
8229-BUJHX,20.5,20.36086827804831,0.13913172195168855,Normal,No Offer Needed,False,Regular Customer,True
7449-HVPIV,90.4,90.07130409039637,0.32869590960363837,Normal,No Offer Needed,False,Regular Customer,True
5504-WSIUR,90.25,89.74236356542094,0.5076364345790552,High Drop,Premium Entertainment Bundle,True,Outreach Customer,True
8183-ONMXC,80.75,81.10837372835209,-0.3583737283520918,Normal,No Offer Needed,False,Regular Customer,True
8466-PZBLH,104.6,104.77557232670394,-0.17557232670394285,Normal,No Offer Needed,False,Regular Customer,True
9614-RMGHA,91.85,91.62688494666105,0.22311505333894388,Normal,No Offer Needed,False,Regular Customer,True
8735-IJJEG,50.2,50.152585546247764,0.04741445375223918,Normal,No Offer Needed,False,Regular Customer,False
0564-MUUQK,95.5,94.84724245058119,0.6527575494188085,High Drop,Premium Entertainment Bundle,True,Outreach Customer,True
5054-IEXZT,75.35,75.3732953707223,-0.023295370722308917,Normal,No Offer Needed,False,Regular Customer,False
5834-ASPWA,75.45,75.62810232292169,-0.17810232292168848,Normal,No Offer Needed,False,Regular Customer,False
0701-RFGFI,95.4,95.09840046745586,0.3015995325441452,Normal,No Offer Needed,False,Regular Customer,True
0019-EFAEP,101.3,101.15548839353555,0.14451160646444805,Normal,No Offer Needed,False,Regular Customer,True
5619-PTMIK,53.1,52.94026861009153,0.15973138990847247,Normal,No Offer Needed,False,Regular Customer,False
3737-XBQDD,84.85,84.30414717456597,0.5458528254340251,High Drop,Premium Entertainment Bundle,True,Outreach Customer,True
5882-CMAZQ,34.25,34.39419529656523,-0.14419529656522911,Normal,No Offer Needed,False,Regular Customer,False
5846-QFDFI,88.6,87.89374899524081,0.7062510047591815,High Drop,Premium Entertainment Bundle,True,Outreach Customer,True
4445-KWOKW,60.15,59.763378291270485,0.38662170872951407,Normal,No Offer Needed,False,Regular Customer,False
3511-APPBJ,99.95,100.03305845403811,-0.08305845403810963,Normal,No Offer Needed,False,Regular Customer,True
7967-HYCDE,70.7,70.74928827600377,-0.04928827600376451,Normal,No Offer Needed,False,Regular Customer,False
2430-RRYUW,54.8,54.30268138247639,0.49731861752360373,High Drop,Personalized Retention Offer,True,Outreach Customer,True
3948-XHGNA,49.55,49.81887325042449,-0.26887325042449106,Normal,No Offer Needed,False,Regular Customer,False
3723-BFBGR,54.8,54.71415750959081,0.08584249040918479,Normal,No Offer Needed,False,Regular Customer,False
0565-IYCGT,78.6,78.58492175002519,0.015078249974806113,Normal,No Offer Needed,False,Regular Customer,True
5447-WZAFP,100.3,99.77876393269948,0.5212360673005207,High Drop,Premium Entertainment Bundle,True,Outreach Customer,True
5110-CHOPY,53.6,54.07648678129145,-0.47648678129144884,Normal,No Offer Needed,False,Regular Customer,True
5445-UTODQ,81.1,81.10381971258298,-0.003819712582981083,Normal,No Offer Needed,False,Regular Customer,True
4425-OWHWB,19.35,19.952665856346893,-0.6026658563468921,Normal,No Offer Needed,False,Regular Customer,False
7892-QVYKW,85.6,85.43415571873172,0.16584428126827788,Normal,No Offer Needed,False,Regular Customer,True
9675-ICXCT,80.8,80.85085913823053,-0.05085913823053545,Normal,No Offer Needed,False,Regular Customer,True
1024-VRZHF,74.95,75.01285179613174,-0.06285179613173852,Normal,No Offer Needed,False,Regular Customer,False
4703-MQYKT,19.6,20.081848215811846,-0.4818482158118442,Normal,No Offer Needed,False,Regular Customer,False
9497-QCMMS,93.55,93.67417213209718,-0.12417213209718625,Normal,No Offer Needed,False,Regular Customer,True
5692-ICXLW,90.7,90.47408736065435,0.2259126393456512,Normal,No Offer Needed,False,Regular Customer,True
0602-DDUML,69.75,69.1079416672236,0.6420583327764007,High Drop,Online Security Add-on,True,Outreach Customer,True
2208-MPXIO,20.0,20.11137877830465,-0.11137877830465115,Normal,No Offer Needed,False,Regular Customer,False
1960-UYCNN,95.25,94.91973196818323,0.33026803181677167,Normal,No Offer Needed,False,Regular Customer,True
0348-SDKOL,102.1,102.05805834497595,0.04194165502404701,Normal,No Offer Needed,False,Regular Customer,True
3190-FZATL,19.95,20.160345861500378,-0.21034586150037882,Normal,No Offer Needed,False,Regular Customer,False
7336-RLLRH,80.85,80.42075713122105,0.42924286877894247,High Drop,Personalized Retention Offer,True,Outreach Customer,True
4373-MAVJG,90.9,90.49406829879992,0.4059317012000889,Normal,No Offer Needed,False,Regular Customer,True
8901-HJXTF,29.2,29.157490232193794,0.04250976780620519,Normal,No Offer Needed,False,Regular Customer,False
7710-JSYOA,93.3,93.14355645521482,0.1564435447851764,Normal,No Offer Needed,False,Regular Customer,True
5419-KLXBN,89.15,88.51520276075593,0.6347972392440795,High Drop,Premium Entertainment Bundle,True,Outreach Customer,True
3424-NMNBO,108.85,108.85697895252373,-0.006978952523738258,Normal,No Offer Needed,False,Regular Customer,True
9885-MFVSU,46.35,46.70238894001476,-0.3523889400147553,Normal,No Offer Needed,False,Regular Customer,False
4514-GFCFI,84.75,84.74956157649865,0.0004384235013503712,Normal,No Offer Needed,False,Regular Customer,True
0607-MVMGC,78.75,78.29735353367562,0.45264646632438144,High Drop,Online Security Add-on,True,Outreach Customer,False
3365-SAIGS,83.55,83.32190995196159,0.2280900480384105,Normal,No Offer Needed,False,Regular Customer,True
9828-AOQLM,45.7,45.87968753505922,-0.17968753505921597,Normal,No Offer Needed,False,Regular Customer,False
8022-BECSI,19.6,19.8466341105437,-0.24663411054369888,Normal,No Offer Needed,False,Regular Customer,False
8000-REIQB,69.95,70.22867780799668,-0.2786778079966723,Normal,No Offer Needed,False,Regular Customer,False
9993-LHIEB,67.85,67.55135996383166,0.29864003616833656,Normal,No Offer Needed,False,Regular Customer,True
0266-CLZKZ,105.65,105.3996809272227,0.2503190727773017,Normal,No Offer Needed,False,Regular Customer,True
7615-ESMYF,44.6,45.30102043322683,-0.7010204332268302,Normal,No Offer Needed,False,Regular Customer,False
3858-VOBET,74.95,75.14533180300643,-0.19533180300642528,Normal,No Offer Needed,False,Regular Customer,False
7020-OZKXZ,75.5,75.41821926595262,0.08178073404738484,Normal,No Offer Needed,False,Regular Customer,False
3977-QCRSL,20.15,20.482972290966668,-0.33297229096666925,Normal,No Offer Needed,False,Regular Customer,False
0017-DINOC,45.2,45.77915507618387,-0.5791550761838664,Normal,No Offer Needed,False,Regular Customer,True
1447-PJGGA,95.25,95.72986796484253,-0.47986796484252636,Normal,No Offer Needed,False,Regular Customer,True
8565-CLBZW,89.85,89.34069160045328,0.5093083995467111,High Drop,Premium Entertainment Bundle,True,Outreach Customer,True
9139-WQQDY,100.45,99.96010837662992,0.4898916233700845,High Drop,Premium Entertainment Bundle,True,Outreach Customer,True
0224-HJAPT,47.15,47.49943344642779,-0.3494334464277884,Normal,No Offer Needed,False,Regular Customer,False
8086-OVPWV,80.2,80.63186470293118,-0.43186470293117907,Normal,No Offer Needed,False,Regular Customer,True
9430-FRQOC,87.1,86.33137765342582,0.7686223465741762,High Drop,Premium Entertainment Bundle,True,Outreach Customer,True
7639-OPLNG,79.25,78.71680402131092,0.5331959786890792,High Drop,Personalized Retention Offer,True,Outreach Customer,True
3074-GQWYX,75.9,75.91593059161308,-0.015930591613070533,Normal,No Offer Needed,False,Regular Customer,False
1492-QGCLU,85.7,85.40348758456638,0.29651241543362516,Normal,No Offer Needed,False,Regular Customer,True
6845-RGTYS,98.75,98.37559047622581,0.37440952377419023,Normal,No Offer Needed,False,Regular Customer,True
7328-OWMOM,20.1,20.477858803118203,-0.3778588031182011,Normal,No Offer Needed,False,Regular Customer,False
4418-LZMSV,61.8,61.127685885331275,0.6723141146687226,High Drop,Loyalty Discount Offer,True,Outreach Customer,False
5155-AZQPB,49.9,49.25987877204646,0.6401212279535358,High Drop,Loyalty Discount Offer,True,Outreach Customer,False
8861-HGGKB,86.45,86.64609211403959,-0.19609211403958682,Normal,No Offer Needed,False,Regular Customer,True
1087-GRUYI,20.4,20.793222313326158,-0.3932223133261594,Normal,No Offer Needed,False,Regular Customer,False
7065-YUNRY,45.3,45.326140716684414,-0.02614071668441653,Normal,No Offer Needed,False,Regular Customer,False
7694-VLBWQ,104.1,104.12043108918114,-0.020431089181144557,Normal,No Offer Needed,False,Regular Customer,True
2546-KZAAT,75.4,74.98880864388062,0.41119135611938873,Normal,No Offer Needed,False,Regular Customer,True
0181-RITDD,108.15,107.8685643812762,0.28143561872380474,Normal,No Offer Needed,False,Regular Customer,True
5989-PGKJB,86.25,86.22979168617488,0.02020831382512256,Normal,No Offer Needed,False,Regular Customer,True
4795-KTRTH,81.0,80.73929373598531,0.26070626401468644,Normal,No Offer Needed,False,Regular Customer,True
8272-ONJLV,95.7,95.6668094686273,0.03319053137269634,Normal,No Offer Needed,False,Regular Customer,True
1488-PBLJN,116.85,116.68219164951017,0.16780835048982112,Normal,No Offer Needed,False,Regular Customer,True
0308-GIQJT,105.75,105.71631926379918,0.03368073620082157,Normal,No Offer Needed,False,Regular Customer,True
3778-FOAQW,20.15,20.15640034573311,-0.006400345733112545,Normal,No Offer Needed,False,Regular Customer,False
4452-ROHMO,19.6,20.07653813855964,-0.4765381385596399,Normal,No Offer Needed,False,Regular Customer,False
6481-OGDOO,90.6,91.01273722120634,-0.41273722120634204,Normal,No Offer Needed,False,Regular Customer,True
3090-LETTY,60.95,60.66256029772248,0.28743970227752413,Normal,No Offer Needed,False,Regular Customer,False
5349-AZPEW,25.05,25.13431212867235,-0.08431212867234805,Normal,No Offer Needed,False,Regular Customer,False
3753-TSEMP,88.15,88.32153208388237,-0.17153208388236862,Normal,No Offer Needed,False,Regular Customer,True
8305-VHZBZ,20.2,20.798478920775782,-0.5984789207757828,Normal,No Offer Needed,False,Regular Customer,False
9720-JJJOR,60.3,59.72574530799221,0.5742546920077842,High Drop,Personalized Retention Offer,True,Outreach Customer,False
8100-HZZLJ,63.95,63.905406986308,0.04459301369200119,Normal,No Offer Needed,False,Regular Customer,False
8775-ERLNB,74.3,74.22549966774461,0.07450033225538277,Normal,No Offer Needed,False,Regular Customer,False
8309-IEYJD,70.6,70.32282465599377,0.2771753440062241,Normal,No Offer Needed,False,Regular Customer,False
9172-JITSM,90.8,90.86117929002266,-0.061179290022664645,Normal,No Offer Needed,False,Regular Customer,True
6298-QDFNH,79.35,79.34167614760125,0.008323852398746112,Normal,No Offer Needed,False,Regular Customer,False
7398-HPYZQ,90.55,90.32470912529818,0.22529087470181253,Normal,No Offer Needed,False,Regular Customer,True
3546-GHEAE,19.45,20.09949201800991,-0.6494920180099122,Normal,No Offer Needed,False,Regular Customer,False
7361-YPXFS,64.45,63.78340511651962,0.6665948834803856,High Drop,Loyalty Discount Offer,True,Outreach Customer,False
6557-BZXLQ,69.65,69.85338281587293,-0.20338281587292784,Normal,No Offer Needed,False,Regular Customer,False
2550-QHZGP,19.5,19.914405215145855,-0.41440521514585527,Normal,No Offer Needed,False,Regular Customer,False
7519-JTWQH,110.5,110.37980609209023,0.12019390790976558,Normal,No Offer Needed,False,Regular Customer,True
2538-OIMXF,24.7,24.954483256817657,-0.2544832568176574,Normal,No Offer Needed,False,Regular Customer,False
8543-MSDMF,77.4,77.41191875368082,-0.011918753680816963,Normal,No Offer Needed,False,Regular Customer,False
9961-JBNMK,96.8,96.76942663777201,0.030573362227983125,Normal,No Offer Needed,False,Regular Customer,True
1170-SASML,85.4,84.76451308894323,0.6354869110567734,High Drop,Premium Entertainment Bundle,True,Outreach Customer,True
4872-JCVCA,47.6,47.332337637919636,0.2676623620803653,Normal,No Offer Needed,False,Regular Customer,True
5346-BZCHP,19.4,19.03792219633598,0.3620778036640182,Normal,No Offer Needed,False,Regular Customer,True
2038-LLMLM,103.85,103.67086744789466,0.17913255210532952,Normal,No Offer Needed,False,Regular Customer,True
6173-ITPWD,83.35,82.9317398443335,0.4182601556664878,Normal,No Offer Needed,False,Regular Customer,True
9734-UYXQI,49.4,49.64367654546646,-0.24367654546646378,Normal,No Offer Needed,False,Regular Customer,False
1216-BGTSP,108.45,108.47076179259535,-0.02076179259535138,Normal,No Offer Needed,False,Regular Customer,True
4138-NAXED,81.0,80.73730025222272,0.2626997477772761,Normal,No Offer Needed,False,Regular Customer,True
2189-UXTKY,79.2,79.18957174657511,0.010428253424890954,Normal,No Offer Needed,False,Regular Customer,False
0744-BIKKF,86.65,86.5351327339586,0.11486726604140074,Normal,No Offer Needed,False,Regular Customer,True
7483-IQWIB,92.95,92.29310904226111,0.656890957738895,High Drop,Premium Entertainment Bundle,True,Outreach Customer,True
5248-KWLAR,90.35,90.16328987012267,0.18671012987732638,Normal,No Offer Needed,False,Regular Customer,True
4958-GZWIY,48.7,48.72391337932647,-0.023913379326465645,Normal,No Offer Needed,False,Regular Customer,False
7996-MHXLW,25.15,25.35809537223129,-0.20809537223129126,Normal,No Offer Needed,False,Regular Customer,True
7833-PKIHD,76.4,76.25769572637736,0.14230427362264209,Normal,No Offer Needed,False,Regular Customer,True
7061-OVMIM,19.55,19.630032663530784,-0.08003266353078331,Normal,No Offer Needed,False,Regular Customer,False
5153-RTHKF,85.35,85.25268851499595,0.09731148500404174,Normal,No Offer Needed,False,Regular Customer,True
1852-QSWCD,24.8,24.433742782478074,0.36625721752192675,Normal,No Offer Needed,False,Regular Customer,True
4832-VRBMR,103.15,102.82206392970247,0.3279360702975396,Normal,No Offer Needed,False,Regular Customer,True
9079-LWTFD,100.75,100.20492388025262,0.5450761197473781,High Drop,Premium Entertainment Bundle,True,Outreach Customer,True
6356-ELRKD,95.6,95.8156394206248,-0.2156394206248109,Normal,No Offer Needed,False,Regular Customer,True
8624-GIOUT,59.75,59.70772286162796,0.042277138372043055,Normal,No Offer Needed,False,Regular Customer,False
3392-EHMNK,94.1,93.94671979693001,0.1532802030699827,Normal,No Offer Needed,False,Regular Customer,True
5986-WWXDV,19.35,19.54238264472614,-0.19238264472613764,Normal,No Offer Needed,False,Regular Customer,False
3061-BCKYI,19.9,20.21757946722727,-0.31757946722727226,Normal,No Offer Needed,False,Regular Customer,False
6179-GJPSO,108.15,108.360585623427,-0.2105856234269936,Normal,No Offer Needed,False,Regular Customer,True
7901-TBKJX,101.05,101.07043004793366,-0.020430047933658102,Normal,No Offer Needed,False,Regular Customer,True
7228-PAQPD,59.1,59.35076292417268,-0.2507629241726761,Normal,No Offer Needed,False,Regular Customer,False
3177-LASXD,71.35,71.63168791778281,-0.28168791778281843,Normal,No Offer Needed,False,Regular Customer,False
7746-QYVCO,55.85,55.32037948263442,0.5296205173655792,High Drop,Personalized Retention Offer,True,Outreach Customer,False
5804-HYIEZ,106.05,106.0849132397024,-0.03491323970240501,Normal,No Offer Needed,False,Regular Customer,True
9919-FZDED,84.1,84.077025703561,0.022974296438988517,Normal,No Offer Needed,False,Regular Customer,True
5934-TSSAU,75.3,74.97685825534396,0.3231417446560414,Normal,No Offer Needed,False,Regular Customer,False
3486-KHMLI,24.7,24.671379436608394,0.028620563391605458,Normal,No Offer Needed,False,Regular Customer,False
4897-QSUYC,20.15,20.664347740231744,-0.5143477402317451,Normal,No Offer Needed,False,Regular Customer,False
1084-UQCHV,69.75,69.87057572409736,-0.12057572409736395,Normal,No Offer Needed,False,Regular Customer,False
8290-YWKHZ,93.2,93.24732312772625,-0.04732312772624425,Normal,No Offer Needed,False,Regular Customer,True
2955-BJZHG,80.85,80.88120604452237,-0.03120604452237785,Normal,No Offer Needed,False,Regular Customer,True
3806-DXQOM,33.65,34.319520995638996,-0.6695209956389974,Normal,No Offer Needed,False,Regular Customer,False
6784-XYJAE,55.8,55.52872275504738,0.2712772449526142,Normal,No Offer Needed,False,Regular Customer,False
3933-DQPWX,39.7,39.792520688180396,-0.09252068818039305,Normal,No Offer Needed,False,Regular Customer,False
6661-EIPZC,29.5,29.498910174920454,0.0010898250795463582,Normal,No Offer Needed,False,Regular Customer,False
8957-THMOA,20.15,20.544829336618047,-0.39482933661804864,Normal,No Offer Needed,False,Regular Customer,False
2251-PYLPB,79.55,79.53566149044715,0.014338509552842993,Normal,No Offer Needed,False,Regular Customer,True
5555-RNPGT,24.8,25.313019560894173,-0.5130195608941719,Normal,No Offer Needed,False,Regular Customer,False
1057-FOGLZ,19.65,19.8471794085302,-0.1971794085302001,Normal,No Offer Needed,False,Regular Customer,False
9300-RENDD,79.95,80.16218428271122,-0.21218428271122036,Normal,No Offer Needed,False,Regular Customer,False
0761-AETCS,19.3,20.2310092510033,-0.9310092510032995,Normal,No Offer Needed,False,Regular Customer,False
8087-LGYHQ,94.05,93.95881630195817,0.09118369804183146,Normal,No Offer Needed,False,Regular Customer,True
4137-BTIKL,90.75,90.49308955466617,0.2569104453338298,Normal,No Offer Needed,False,Regular Customer,True
2190-BCXEC,78.85,78.64781236204317,0.20218763795682548,Normal,No Offer Needed,False,Regular Customer,False
6227-FBDXH,99.5,99.35336762824788,0.14663237175211918,Normal,No Offer Needed,False,Regular Customer,True
2153-MREFK,99.2,99.15683384740007,0.04316615259993739,Normal,No Offer Needed,False,Regular Customer,True
2911-WDXMV,80.55,80.27287572165213,0.2771242783478698,Normal,No Offer Needed,False,Regular Customer,True
7206-PQBBZ,70.2,70.28207166020071,-0.082071660200711,Normal,No Offer Needed,False,Regular Customer,False
3106-ULWFW,85.2,85.2852405869285,-0.08524058692849223,Normal,No Offer Needed,False,Regular Customer,True
0925-VYDLG,75.25,75.37128492422846,-0.12128492422846193,Normal,No Offer Needed,False,Regular Customer,False
4547-FZJWE,59.45,59.571250346526405,-0.1212503465264021,Normal,No Offer Needed,False,Regular Customer,True
7422-WNBTY,93.35,93.00073139609955,0.3492686039004411,Normal,No Offer Needed,False,Regular Customer,True
0842-IWYCP,44.95,44.83411663078116,0.11588336921884235,Normal,No Offer Needed,False,Regular Customer,False
3521-HTQTV,26.1,26.548968396797708,-0.4489683967977065,Normal,No Offer Needed,False,Regular Customer,False
3744-ZBHON,20.2,20.93989707425608,-0.7398970742560813,Normal,No Offer Needed,False,Regular Customer,False
3373-DIUUN,21.25,21.416523183789227,-0.16652318378922715,Normal,No Offer Needed,False,Regular Customer,False
8383-SGHJU,59.4,59.35007384675305,0.04992615324695038,Normal,No Offer Needed,False,Regular Customer,False
7607-QKKTJ,95.0,94.6780490372995,0.32195096270049817,Normal,No Offer Needed,False,Regular Customer,True
7707-PYBBH,61.9,61.47211340629481,0.427886593705189,High Drop,Loyalty Discount Offer,True,Outreach Customer,False
8984-HPEMB,118.65,118.86811983275652,-0.21811983275651414,Normal,No Offer Needed,False,Regular Customer,True
4349-GFQHK,54.35,54.452559676690804,-0.10255967669080235,Normal,No Offer Needed,False,Regular Customer,False
4139-DETXS,64.45,64.27920026893014,0.17079973106986301,Normal,No Offer Needed,False,Regular Customer,True
9779-DPNEJ,80.15,80.14281675341172,0.0071832465882835095,Normal,No Offer Needed,False,Regular Customer,True
9805-FILKB,20.2,20.143295382935392,0.05670461706460728,Normal,No Offer Needed,False,Regular Customer,False
5793-YOLJN,21.0,20.808078024681848,0.19192197531815225,Normal,No Offer Needed,False,Regular Customer,True
0673-IGUQO,20.45,20.90513231510057,-0.4551323151005704,Normal,No Offer Needed,False,Regular Customer,False
4123-FCVCB,75.85,75.36031580006657,0.4896841999334214,High Drop,Online Security Add-on,True,Outreach Customer,False
8819-IMISP,80.45,80.28082419248777,0.16917580751223227,Normal,No Offer Needed,False,Regular Customer,True
7802-EFKNY,24.95,25.746899125978306,-0.7968991259783067,Normal,No Offer Needed,False,Regular Customer,False
8311-UEUAB,75.5,75.62845800347469,-0.12845800347469094,Normal,No Offer Needed,False,Regular Customer,True
5858-EAFCZ,44.45,44.427543534020934,0.022456465979068696,Normal,No Offer Needed,False,Regular Customer,False
8035-BUYVG,42.35,42.49592661307178,-0.14592661307177934,Normal,No Offer Needed,False,Regular Customer,False
1163-ONYEY,74.55,73.94361943231279,0.6063805676872107,High Drop,Loyalty Discount Offer,True,Outreach Customer,False
9787-XVQIU,75.3,75.47948731106963,-0.17948731106963578,Normal,No Offer Needed,False,Regular Customer,False
8945-MUQUF,94.8,94.90142206241084,-0.1014220624108475,Normal,No Offer Needed,False,Regular Customer,True
5656-MJEFC,48.15,48.358814669078534,-0.20881466907853508,Normal,No Offer Needed,False,Regular Customer,False
6082-OQFBA,19.65,19.65327997150353,-0.0032799715035309873,Normal,No Offer Needed,False,Regular Customer,False
8051-HJRLT,70.55,70.82313785540484,-0.2731378554048405,Normal,No Offer Needed,False,Regular Customer,False
8974-OVACP,20.15,20.523309448136462,-0.37330944813646383,Normal,No Offer Needed,False,Regular Customer,False
4010-YLMVT,106.6,106.67372626983034,-0.07372626983034536,Normal,No Offer Needed,False,Regular Customer,True
1379-FRVEB,91.0,90.60541032484662,0.3945896751533837,Normal,No Offer Needed,False,Regular Customer,True
8612-GXIDD,25.4,25.798209585462608,-0.39820958546260954,Normal,No Offer Needed,False,Regular Customer,False
6288-CHQJB,69.95,69.81536515103807,0.13463484896193734,Normal,No Offer Needed,False,Regular Customer,True
8160-HOWOX,66.85,67.0030345447733,-0.15303454477330547,Normal,No Offer Needed,False,Regular Customer,False
3023-GFLBR,86.15,86.2135322265885,-0.06353222658849234,Normal,No Offer Needed,False,Regular Customer,True
6648-INWPS,20.15,20.6041477680393,-0.45414776803930224,Normal,No Offer Needed,False,Regular Customer,False
4223-BKEOR,64.85,64.46423751189906,0.38576248810093716,Normal,No Offer Needed,False,Regular Customer,False
4079-VTGLK,74.85,74.83930522200993,0.010694777990067905,Normal,No Offer Needed,False,Regular Customer,False
1763-WQFUK,50.5,50.32334285107373,0.17665714892626738,Normal,No Offer Needed,False,Regular Customer,False
1391-UBDAR,72.9,72.89217233540117,0.007827664598835327,Normal,No Offer Needed,False,Regular Customer,False
8894-JVDCV,115.05,114.96427196585257,0.08572803414742225,Normal,No Offer Needed,False,Regular Customer,True
2023-VQFDL,19.0,19.66663926713633,-0.666639267136329,Normal,No Offer Needed,False,Regular Customer,False
1345-GKDZZ,19.55,19.856718814316732,-0.3067188143167314,Normal,No Offer Needed,False,Regular Customer,False
2014-MKGMH,101.1,101.00604745041106,0.09395254958893418,Normal,No Offer Needed,False,Regular Customer,True
5628-FCGYG,84.1,84.24528824889221,-0.14528824889221426,Normal,No Offer Needed,False,Regular Customer,True
2560-WBWXF,24.15,24.186781742808098,-0.03678174280809898,Normal,No Offer Needed,False,Regular Customer,True
0248-IPDFW,50.1,50.17835147285326,-0.07835147285325661,Normal,No Offer Needed,False,Regular Customer,False
7978-DKUQH,74.6,74.33832358321047,0.2616764167895269,Normal,No Offer Needed,False,Regular Customer,False
4335-UPJSI,19.75,20.019441030859806,-0.26944103085980586,Normal,No Offer Needed,False,Regular Customer,False
0524-IAVZO,85.0,85.1386568317951,-0.13865683179510313,Normal,No Offer Needed,False,Regular Customer,True
2737-YNGYW,80.55,80.91552878879271,-0.3655287887927159,Normal,No Offer Needed,False,Regular Customer,True
1784-EZDKJ,106.8,106.37055150967863,0.4294484903213629,High Drop,Premium Entertainment Bundle,True,Outreach Customer,True
9297-FVVDH,84.5,84.3428652087047,0.15713479129530583,Normal,No Offer Needed,False,Regular Customer,True
8007-YYPWD,25.05,25.58455849208591,-0.5345584920859103,Normal,No Offer Needed,False,Regular Customer,False
7101-HRBLJ,83.7,83.37891290111673,0.32108709888326814,Normal,No Offer Needed,False,Regular Customer,True
5159-YFPKQ,75.8,75.81849050007942,-0.0184905000794231,Normal,No Offer Needed,False,Regular Customer,False
6635-CPNUN,96.6,96.05294134402624,0.5470586559737569,High Drop,Premium Entertainment Bundle,True,Outreach Customer,True
4021-RQSNY,98.5,98.43936890446507,0.06063109553493007,Normal,No Offer Needed,False,Regular Customer,True
5453-YBTWV,101.1,101.04211157408109,0.05788842591890386,Normal,No Offer Needed,False,Regular Customer,True
5039-LZRQT,20.2,20.46225590835538,-0.2622559083553817,Normal,No Offer Needed,False,Regular Customer,False
2931-VUVJN,94.05,93.58753893486008,0.46246106513991947,High Drop,Premium Entertainment Bundle,True,Outreach Customer,True
9061-TIHDA,95.25,95.29080299575419,-0.04080299575419133,Normal,No Offer Needed,False,Regular Customer,True
8699-ASUFO,74.4,74.08275616475223,0.31724383524777977,Normal,No Offer Needed,False,Regular Customer,False
6418-PIQSP,81.0,80.69531990125536,0.3046800987446403,Normal,No Offer Needed,False,Regular Customer,True
8220-OCUFY,60.25,60.13183451505841,0.11816548494159207,Normal,No Offer Needed,False,Regular Customer,False
3995-WFCSM,60.85,60.93285457518187,-0.08285457518186945,Normal,No Offer Needed,False,Regular Customer,False
1895-QTKDO,43.95,44.273734962276194,-0.32373496227619114,Normal,No Offer Needed,False,Regular Customer,False
2038-OEQZH,86.05,86.07805064055961,-0.028050640559612816,Normal,No Offer Needed,False,Regular Customer,True
1178-PZGAB,20.25,20.869691136609855,-0.6196911366098554,Normal,No Offer Needed,False,Regular Customer,False
7927-AUXBZ,85.15,85.26681072943289,-0.11681072943288484,Normal,No Offer Needed,False,Regular Customer,True
2626-VEEWG,19.4,19.545130385345452,-0.1451303853454533,Normal,No Offer Needed,False,Regular Customer,True
2878-RMWXY,102.65,102.92790648226428,-0.27790648226427095,Normal,No Offer Needed,False,Regular Customer,True
1657-DYMBM,19.9,20.341911585930145,-0.44191158593014634,Normal,No Offer Needed,False,Regular Customer,True
7311-MQJCH,19.55,20.291650371282437,-0.7416503712824358,Normal,No Offer Needed,False,Regular Customer,False
7375-WMVMT,95.5,95.6718950203633,-0.1718950203632943,Normal,No Offer Needed,False,Regular Customer,True
1136-XGEQU,84.15,83.51713916992334,0.632860830076666,High Drop,Online Security Add-on,True,Outreach Customer,True
2530-FMFXO,103.2,103.20246868326643,-0.002468683266428684,Normal,No Offer Needed,False,Regular Customer,True
6844-DZKRF,50.2,50.45942751225779,-0.25942751225778693,Normal,No Offer Needed,False,Regular Customer,False
4695-WJZUE,88.55,88.48955491966397,0.06044508033602369,Normal,No Offer Needed,False,Regular Customer,True
7619-ODSGN,54.75,54.8149074652113,-0.06490746521129864,Normal,No Offer Needed,False,Regular Customer,False
5970-GHJAW,19.95,20.342205258948024,-0.3922052589480245,Normal,No Offer Needed,False,Regular Customer,False
8879-XUAHX,116.25,116.46683356658178,-0.21683356658178354,Normal,No Offer Needed,False,Regular Customer,True
3689-MOZGR,31.2,31.55992588837854,-0.359925888378541,Normal,No Offer Needed,False,Regular Customer,False
4195-PNGZS,24.45,24.305769393732678,0.1442306062673211,Normal,No Offer Needed,False,Regular Customer,True
5003-XZWWO,84.2,84.06387583256667,0.1361241674333371,Normal,No Offer Needed,False,Regular Customer,True
3988-RQIXO,91.3,91.48975372627613,-0.1897537262761375,Normal,No Offer Needed,False,Regular Customer,True
7622-FWGEW,85.65,85.47665006737333,0.17334993262667808,Normal,No Offer Needed,False,Regular Customer,True
6922-NCEDI,21.2,20.9610122600636,0.2389877399363982,Normal,No Offer Needed,False,Regular Customer,True
2514-GINMM,79.5,79.71633924715509,-0.21633924715509067,Normal,No Offer Needed,False,Regular Customer,False
9891-NQDBD,25.55,25.360761268992043,0.18923873100795774,Normal,No Offer Needed,False,Regular Customer,False
6131-IUNXN,20.2,20.143996360894715,0.05600363910528472,Normal,No Offer Needed,False,Regular Customer,False
8548-AWOFC,63.85,63.77652301047979,0.0734769895202092,Normal,No Offer Needed,False,Regular Customer,True
9798-DRYDS,61.95,61.01840287738165,0.9315971226183564,High Drop,Online Security Add-on,True,Outreach Customer,False
8532-UEFWH,25.75,25.543276295984523,0.20672370401547724,Normal,No Offer Needed,False,Regular Customer,True
6296-DDOOR,58.2,58.07282882121836,0.1271711787816443,Normal,No Offer Needed,False,Regular Customer,False
7951-VRDVK,85.85,85.42367679061901,0.4263232093809819,High Drop,Personalized Retention Offer,True,Outreach Customer,True
5931-FLJJF,70.1,69.9398854795115,0.1601145204884915,Normal,No Offer Needed,False,Regular Customer,False
4815-YOSUK,104.9,104.75110780436563,0.1488921956343745,Normal,No Offer Needed,False,Regular Customer,True
2659-VXMWZ,111.3,111.29284238843516,0.00715761156483552,Normal,No Offer Needed,False,Regular Customer,True
0380-NEAVX,99.85,99.7044945804356,0.145505419564401,Normal,No Offer Needed,False,Regular Customer,True
3207-OYBWH,95.25,95.02416779135442,0.22583220864558484,Normal,No Offer Needed,False,Regular Customer,True
4285-GYRQC,86.25,86.00337406768165,0.24662593231835217,Normal,No Offer Needed,False,Regular Customer,True
7216-EWTRS,100.8,100.44144321407245,0.35855678592754714,Normal,No Offer Needed,False,Regular Customer,True
4365-MSDYN,19.55,20.01934364918887,-0.4693436491888683,Normal,No Offer Needed,False,Regular Customer,False
7036-TYDEC,104.0,104.20957268664681,-0.2095726866468084,Normal,No Offer Needed,False,Regular Customer,True
5802-ADBRC,104.4,103.88846478705669,0.5115352129433148,High Drop,Premium Entertainment Bundle,True,Outreach Customer,True
8076-FEZKJ,19.5,19.889257819658155,-0.3892578196581553,Normal,No Offer Needed,False,Regular Customer,False
5197-YPYBZ,25.25,25.77304757974942,-0.5230475797494201,Normal,No Offer Needed,False,Regular Customer,False
8337-MSSXB,86.3,86.43789729882442,-0.13789729882442714,Normal,No Offer Needed,False,Regular Customer,True
4312-GVYNH,49.85,49.91838750657819,-0.06838750657819048,Normal,No Offer Needed,False,Regular Customer,True
8495-LJDFO,108.95,108.85887324253096,0.09112675746904131,Normal,No Offer Needed,False,Regular Customer,True
0839-JTCUD,89.9,89.66949158878803,0.23050841121197152,Normal,No Offer Needed,False,Regular Customer,True
5494-WOZRZ,82.0,82.06646876791137,-0.06646876791137402,Normal,No Offer Needed,False,Regular Customer,True
1302-UHBDD,89.95,90.13785918554034,-0.18785918554033287,Normal,No Offer Needed,False,Regular Customer,True
2234-EOFPT,79.35,79.38869856762226,-0.0386985676222622,Normal,No Offer Needed,False,Regular Customer,True
8619-IJNDK,64.05,63.69519725826698,0.3548027417330175,Normal,No Offer Needed,False,Regular Customer,True
8378-LKJAF,101.15,100.89789940995581,0.2521005900441935,Normal,No Offer Needed,False,Regular Customer,True
8182-BJDSI,89.95,90.01830777159849,-0.06830777159848367,Normal,No Offer Needed,False,Regular Customer,True
2528-HFYZX,76.45,76.44666783479764,0.0033321652023659,Normal,No Offer Needed,False,Regular Customer,False
1153-GNOLC,39.1,39.341632713795725,-0.24163271379572393,Normal,No Offer Needed,False,Regular Customer,False
3298-QEICA,34.6,34.714323244718265,-0.11432324471826405,Normal,No Offer Needed,False,Regular Customer,False
0788-DXBFY,19.55,19.528969131583594,0.02103086841640689,Normal,No Offer Needed,False,Regular Customer,True
3597-YASZG,104.45,104.43083149451668,0.019168505483321496,Normal,No Offer Needed,False,Regular Customer,True
3496-LFSZU,70.5,70.5868644472195,-0.08686444721949726,Normal,No Offer Needed,False,Regular Customer,False
5242-UOWHD,20.35,20.34183580578056,0.008164194219443033,Normal,No Offer Needed,False,Regular Customer,False
2482-CZGBB,70.0,70.3631820308748,-0.36318203087479617,Normal,No Offer Needed,False,Regular Customer,False
6479-SZPLM,19.45,19.97695181939305,-0.5269518193930516,Normal,No Offer Needed,False,Regular Customer,False
8097-VBQTZ,69.9,69.39254357801488,0.5074564219851254,High Drop,Loyalty Discount Offer,True,Outreach Customer,True
4500-HKANN,59.7,59.12585085539935,0.5741491446006535,High Drop,Online Security Add-on,True,Outreach Customer,False
9917-KWRBE,78.35,77.6822529932226,0.6677470067773896,High Drop,Personalized Retention Offer,True,Outreach Customer,False
3420-ZDBMA,71.45,71.25245769675094,0.1975423032490653,Normal,No Offer Needed,False,Regular Customer,False
2212-LYASK,45.85,45.9256789368667,-0.07567893686670146,Normal,No Offer Needed,False,Regular Customer,False
1393-IMKZG,95.85,95.76321896221154,0.08678103778845525,Normal,No Offer Needed,False,Regular Customer,True
8069-RHUXK,35.7,35.92662019679541,-0.2266201967954089,Normal,No Offer Needed,False,Regular Customer,True
3398-GCPMU,89.55,89.31969068339563,0.23030931660436238,Normal,No Offer Needed,False,Regular Customer,True
2908-WGAXL,24.95,25.036542814461832,-0.08654281446183276,Normal,No Offer Needed,False,Regular Customer,True
3378-AJRAO,24.85,24.8643886533074,-0.01438865330739958,Normal,No Offer Needed,False,Regular Customer,False
1013-QCWAM,100.8,100.71462252111547,0.0853774788845243,Normal,No Offer Needed,False,Regular Customer,True
0866-QLSIR,64.4,63.88807347185442,0.5119265281455867,High Drop,Personalized Retention Offer,True,Outreach Customer,False
6050-FFXES,105.35,105.30797404766457,0.042025952335421835,Normal,No Offer Needed,False,Regular Customer,True
7181-BQYBV,102.45,102.03831480796838,0.41168519203162646,Normal,No Offer Needed,False,Regular Customer,True
0362-RAOQO,19.65,20.27607280986721,-0.6260728098672104,Normal,No Offer Needed,False,Regular Customer,False
9554-DFKIC,54.45,54.139540758060726,0.3104592419392773,Normal,No Offer Needed,False,Regular Customer,False
5527-ACHSO,70.5,70.20207433506482,0.29792566493517825,Normal,No Offer Needed,False,Regular Customer,False
0829-DDVLK,20.1,20.764991384962194,-0.6649913849621925,Normal,No Offer Needed,False,Regular Customer,False
1399-UBQIU,69.35,69.35304567741917,-0.0030456774191804925,Normal,No Offer Needed,False,Regular Customer,False
1813-JLKWR,19.8,19.512770403334404,0.2872295966655969,Normal,No Offer Needed,False,Regular Customer,True
0336-PIKEI,74.4,74.06152330960914,0.3384766903908627,Normal,No Offer Needed,False,Regular Customer,True
7322-OCWHC,93.05,92.81962062955522,0.23037937044477985,Normal,No Offer Needed,False,Regular Customer,True
9537-VHDTA,51.2,50.997718501983165,0.2022814980168377,Normal,No Offer Needed,False,Regular Customer,False
4957-TIALW,65.6,65.24415467168562,0.35584532831437343,Normal,No Offer Needed,False,Regular Customer,False
2054-PJOCK,80.55,80.37712257746966,0.172877422530334,Normal,No Offer Needed,False,Regular Customer,True
9150-HEPMB,52.7,52.27886224960521,0.4211377503947915,High Drop,Personalized Retention Offer,True,Outreach Customer,True
9030-QGZNL,20.85,21.385575914802544,-0.5355759148025427,Normal,No Offer Needed,False,Regular Customer,False
6204-IEUXJ,80.1,80.06631769455205,0.0336823054479396,Normal,No Offer Needed,False,Regular Customer,True
3126-WQMGH,52.15,51.92657924391601,0.22342075608398915,Normal,No Offer Needed,False,Regular Customer,False
4529-CKBCL,80.2,80.32404262557174,-0.1240426255717324,Normal,No Offer Needed,False,Regular Customer,True
2506-CLAKW,98.15,97.80933022611899,0.34066977388101805,Normal,No Offer Needed,False,Regular Customer,True
7176-WRTNX,114.95,114.98227111160332,-0.032271111603321856,Normal,No Offer Needed,False,Regular Customer,True
1583-IHQZE,112.95,112.1522190407314,0.7977809592686071,High Drop,Premium Entertainment Bundle,True,Outreach Customer,True
5732-IKGQH,104.45,104.34272614074588,0.10727385925412136,Normal,No Offer Needed,False,Regular Customer,True
9239-GZHZE,113.65,113.73566276964327,-0.08566276964326391,Normal,No Offer Needed,False,Regular Customer,True
7205-BAIAD,20.6,21.0002727281121,-0.4002727281120997,Normal,No Offer Needed,False,Regular Customer,False
0151-ONTOV,70.9,70.7979521178176,0.10204788218240424,Normal,No Offer Needed,False,Regular Customer,False
4140-MUHUG,86.85,86.71287292078256,0.13712707921743572,Normal,No Offer Needed,False,Regular Customer,True
0093-EXYQL,91.55,91.74369251181984,-0.19369251181984737,Normal,No Offer Needed,False,Regular Customer,True
8064-RAVOH,49.85,49.83714345947249,0.012856540527508287,Normal,No Offer Needed,False,Regular Customer,False
0219-QAERP,19.8,20.254215176273348,-0.4542151762733475,Normal,No Offer Needed,False,Regular Customer,False
0320-JDNQG,99.85,99.95268197307664,-0.10268197307664195,Normal,No Offer Needed,False,Regular Customer,True
7180-PISOG,74.5,74.45622327021903,0.0437767297809728,Normal,No Offer Needed,False,Regular Customer,False
9168-INPSZ,104.15,103.83178867887814,0.3182113211218649,Normal,No Offer Needed,False,Regular Customer,True
3571-RFHAR,109.15,109.15168182894693,-0.0016818289469284764,Normal,No Offer Needed,False,Regular Customer,True
0015-UOCOJ,48.2,48.47141960358866,-0.27141960358865447,Normal,No Offer Needed,False,Regular Customer,False
5334-AFQJB,25.1,25.329010466812797,-0.22901046681279524,Normal,No Offer Needed,False,Regular Customer,True
2754-SDJRD,100.15,100.00291715155612,0.14708284844388686,Normal,No Offer Needed,False,Regular Customer,True
9578-VRMNM,65.2,65.27645609464219,-0.07645609464218239,Normal,No Offer Needed,False,Regular Customer,False
1587-FKLZB,99.5,99.61394225099164,-0.11394225099164146,Normal,No Offer Needed,False,Regular Customer,True
6140-QNRQQ,71.55,71.50562086557912,0.04437913442087904,Normal,No Offer Needed,False,Regular Customer,False
8963-JLGJT,55.9,55.52598826464805,0.3740117353519494,Normal,No Offer Needed,False,Regular Customer,False
4307-KTUMW,93.9,94.08831697391203,-0.1883169739120234,Normal,No Offer Needed,False,Regular Customer,True
1465-LNTLJ,64.4,64.3701270240134,0.02987297598660632,Normal,No Offer Needed,False,Regular Customer,False
5440-FLBQG,108.4,108.39469645107617,0.0053035489238340006,Normal,No Offer Needed,False,Regular Customer,True
2135-DQWAQ,85.3,84.65705942057012,0.6429405794298759,High Drop,Premium Entertainment Bundle,True,Outreach Customer,True
4056-QHXHZ,107.45,107.15019775331955,0.2998022466804571,Normal,No Offer Needed,False,Regular Customer,True
7470-MCQTK,48.75,48.97605446660856,-0.22605446660855932,Normal,No Offer Needed,False,Regular Customer,False
7488-MXJIV,85.65,85.60005438933331,0.049945610666696894,Normal,No Offer Needed,False,Regular Customer,True
7401-JIXNM,91.3,91.02764864664846,0.2723513533515387,Normal,No Offer Needed,False,Regular Customer,True
9339-FIIJL,85.95,85.62842986358085,0.32157013641915455,Normal,No Offer Needed,False,Regular Customer,True
2027-FECZV,106.7,106.38877770069026,0.31122229930974754,Normal,No Offer Needed,False,Regular Customer,True
2672-DZUOY,25.15,26.11733241653819,-0.9673324165381914,Normal,No Offer Needed,False,Regular Customer,False
4706-DGAHW,45.2,45.56349517204716,-0.3634951720471591,Normal,No Offer Needed,False,Regular Customer,False
3870-MQAMG,110.35,110.1130432105568,0.2369567894431981,Normal,No Offer Needed,False,Regular Customer,True
6670-MFRPK,79.2,79.1310568448124,0.06894315518759697,Normal,No Offer Needed,False,Regular Customer,True
6177-PEVRA,55.5,55.68177364972875,-0.181773649728747,Normal,No Offer Needed,False,Regular Customer,False
4800-CZMPC,103.25,103.2452379842281,0.004762015771902384,Normal,No Offer Needed,False,Regular Customer,True
4813-HQMGZ,90.25,90.0445738237116,0.2054261762883982,Normal,No Offer Needed,False,Regular Customer,True
7579-KKLOE,91.25,90.70244438287162,0.5475556171283813,High Drop,Personalized Retention Offer,True,Outreach Customer,True
7377-DMMRI,47.8,48.34034648699284,-0.5403464869928456,Normal,No Offer Needed,False,Regular Customer,False
8402-EIVQS,100.9,101.1443251001169,-0.244325100116896,Normal,No Offer Needed,False,Regular Customer,True
4947-DSMXK,97.7,97.2520411088039,0.44795889119610877,High Drop,Premium Entertainment Bundle,True,Outreach Customer,True
7245-NIIWQ,69.85,69.95981039543096,-0.10981039543096927,Normal,No Offer Needed,False,Regular Customer,False
0002-ORFBO,65.6,64.75240902601985,0.8475909739801466,High Drop,Online Security Add-on,True,Outreach Customer,False
3324-OIRTO,104.65,104.41350008257105,0.23649991742895793,Normal,No Offer Needed,False,Regular Customer,True
5414-OFQCB,90.45,90.73102986107794,-0.2810298610779398,Normal,No Offer Needed,False,Regular Customer,True
4967-WPNCF,63.7,63.8171057672242,-0.11710576722419574,Normal,No Offer Needed,False,Regular Customer,True
8552-OBVRU,104.5,104.31509767555508,0.18490232444491994,Normal,No Offer Needed,False,Regular Customer,True
8499-BRXTD,20.1,20.398728467276072,-0.29872846727607083,Normal,No Offer Needed,False,Regular Customer,False
9154-QDGTH,104.3,103.99884071593587,0.30115928406412706,Normal,No Offer Needed,False,Regular Customer,True
8197-BFWVU,93.25,92.83576824551062,0.41423175448937855,Normal,No Offer Needed,False,Regular Customer,True
2577-GVSIL,73.45,73.10169157543213,0.34830842456787536,Normal,No Offer Needed,False,Regular Customer,False
9367-OIUXP,20.7,21.11808515371934,-0.4180851537193391,Normal,No Offer Needed,False,Regular Customer,False
6770-UAYGJ,25.25,24.98066109593262,0.2693389040673786,Normal,No Offer Needed,False,Regular Customer,False
6463-HHXJR,100.5,100.11936464705454,0.38063535294546114,Normal,No Offer Needed,False,Regular Customer,True
7928-VJYAB,90.6,90.54964195844363,0.0503580415563647,Normal,No Offer Needed,False,Regular Customer,True
1187-WILMM,89.4,89.20664828826847,0.19335171173153753,Normal,No Offer Needed,False,Regular Customer,True
9776-OJUZI,95.45,94.93478669363442,0.515213306365581,High Drop,Premium Entertainment Bundle,True,Outreach Customer,True
1306-RPWXZ,20.45,20.868795179856118,-0.4187951798561187,Normal,No Offer Needed,False,Regular Customer,False
8949-JTMAY,98.6,98.59913465585949,0.0008653441405073181,Normal,No Offer Needed,False,Regular Customer,True
2774-LVQUS,83.05,82.71630384929306,0.3336961507069418,Normal,No Offer Needed,False,Regular Customer,True
3097-PYWXL,19.95,20.42899924288225,-0.4789992428822494,Normal,No Offer Needed,False,Regular Customer,False
2266-SJNAT,109.15,108.93028106557301,0.21971893442699297,Normal,No Offer Needed,False,Regular Customer,True
0869-PAPRP,85.7,85.36516740229189,0.3348325977081146,Normal,No Offer Needed,False,Regular Customer,True
4238-JSSWH,102.05,101.57714819507858,0.47285180492141876,High Drop,Premium Entertainment Bundle,True,Outreach Customer,True
2972-YDYUW,94.7,94.69735043408502,0.00264956591497878,Normal,No Offer Needed,False,Regular Customer,True
1104-FEJAM,64.4,64.15942590040177,0.24057409959823417,Normal,No Offer Needed,False,Regular Customer,False
2809-ILCYT,26.8,26.637057423105315,0.16294257689468594,Normal,No Offer Needed,False,Regular Customer,False
5499-ECUTN,66.05,65.78060148927347,0.269398510726532,Normal,No Offer Needed,False,Regular Customer,False
4981-FLTMF,65.2,64.51021260079222,0.6897873992077876,High Drop,Loyalty Discount Offer,True,Outreach Customer,True
9121-PHQSR,85.05,84.88922638754552,0.1607736124544772,Normal,No Offer Needed,False,Regular Customer,True
3113-IWHLC,55.8,55.50382878593439,0.296171214065609,Normal,No Offer Needed,False,Regular Customer,False
3211-ILJTT,70.4,70.46935373745045,-0.0693537374504416,Normal,No Offer Needed,False,Regular Customer,False
4612-THJBS,104.75,104.47543487763443,0.27456512236557273,Normal,No Offer Needed,False,Regular Customer,True
4277-BWBML,19.95,19.847304267385116,0.10269573261488318,Normal,No Offer Needed,False,Regular Customer,True
4094-NSEDU,94.25,94.37846618135774,-0.12846618135773724,Normal,No Offer Needed,False,Regular Customer,True
0234-TEVTT,45.0,45.15372412702314,-0.1537241270231391,Normal,No Offer Needed,False,Regular Customer,False
4304-TSPVK,114.9,114.80078084903407,0.09921915096593636,Normal,No Offer Needed,False,Regular Customer,True
1552-AAGRX,106.4,106.24039016310729,0.15960983689271302,Normal,No Offer Needed,False,Regular Customer,True
2637-FKFSY,46.1,45.81696501837171,0.28303498162829044,Normal,No Offer Needed,False,Regular Customer,False
9796-MVYXX,39.7,39.909650206840965,-0.20965020684096203,Normal,No Offer Needed,False,Regular Customer,False
7874-ECPQJ,20.05,20.498782363128672,-0.4487823631286716,Normal,No Offer Needed,False,Regular Customer,False
0020-INWCK,95.75,95.69503684882335,0.054963151176650626,Normal,No Offer Needed,False,Regular Customer,True
7089-RKVSZ,24.4,24.408854152375135,-0.008854152375135982,Normal,No Offer Needed,False,Regular Customer,False
2683-JXWQQ,33.6,33.35383396066196,0.2461660393380427,Normal,No Offer Needed,False,Regular Customer,True
9548-ZMVTX,90.45,90.04991825587648,0.4000817441235256,Normal,No Offer Needed,False,Regular Customer,True
8739-XNIKG,84.0,83.81039773013926,0.18960226986074247,Normal,No Offer Needed,False,Regular Customer,True
9755-JHNMN,67.4,67.13232577894438,0.26767422105562844,Normal,No Offer Needed,False,Regular Customer,False
3981-QSVQI,19.7,20.296750578443596,-0.5967505784435971,Normal,No Offer Needed,False,Regular Customer,False
2789-HQBOU,80.35,80.61870968341155,-0.2687096834115579,Normal,No Offer Needed,False,Regular Customer,True
9424-CMPOG,19.6,19.99365629941317,-0.3936562994131698,Normal,No Offer Needed,False,Regular Customer,False
5067-WJEUN,54.2,53.999623088440245,0.2003769115597578,Normal,No Offer Needed,False,Regular Customer,True
3450-WXOAT,45.2,45.318535298145775,-0.11853529814577257,Normal,No Offer Needed,False,Regular Customer,False
9251-WNSOD,75.1,74.37483349462752,0.7251665053724707,High Drop,Personalized Retention Offer,True,Outreach Customer,True
6974-DAFLI,19.7,19.76996128231304,-0.06996128231304155,Normal,No Offer Needed,False,Regular Customer,True
2616-UUTFK,72.75,72.0682257581292,0.6817742418707979,High Drop,Loyalty Discount Offer,True,Outreach Customer,False
7064-JHXCE,20.05,20.282112209371366,-0.23211220937136545,Normal,No Offer Needed,False,Regular Customer,True
5103-MHMHY,45.95,45.88757935716728,0.062420642832719864,Normal,No Offer Needed,False,Regular Customer,False
7989-AWGEH,39.2,39.527082375586126,-0.32708237558612296,Normal,No Offer Needed,False,Regular Customer,False
4373-VVHQL,44.75,45.09174184194342,-0.34174184194341706,Normal,No Offer Needed,False,Regular Customer,False
4559-UWIHT,82.65,82.12330710220769,0.5266928977923158,High Drop,Premium Entertainment Bundle,True,Outreach Customer,True
7268-IGMFD,93.9,93.38157541464452,0.5184245853554899,High Drop,Premium Entertainment Bundle,True,Outreach Customer,True
1846-XWOQN,70.15,70.42683115713272,-0.2768311571327189,Normal,No Offer Needed,False,Regular Customer,False
0235-KGSLC,85.55,85.46013553416674,0.08986446583325858,Normal,No Offer Needed,False,Regular Customer,True
6650-BWFRT,117.15,117.2891781287359,-0.13917812873589241,Normal,No Offer Needed,False,Regular Customer,True
9570-KYEUA,99.25,99.72586007845206,-0.47586007845205813,Normal,No Offer Needed,False,Regular Customer,True
6993-YGFJV,112.55,112.51342956034316,0.03657043965684181,Normal,No Offer Needed,False,Regular Customer,True
2712-SYWAY,25.7,26.25963355566079,-0.5596335556607919,Normal,No Offer Needed,False,Regular Customer,False
0730-BGQGF,90.3,90.14393228711269,0.1560677128873067,Normal,No Offer Needed,False,Regular Customer,True
5498-IBWPI,49.4,49.06243271729795,0.3375672827020466,Normal,No Offer Needed,False,Regular Customer,True
9101-NTIXF,19.4,19.85618486496225,-0.45618486496224975,Normal,No Offer Needed,False,Regular Customer,False
0013-SMEOE,109.7,109.73041239822257,-0.03041239822256614,Normal,No Offer Needed,False,Regular Customer,True
9314-QDMDW,61.25,61.212790452206136,0.03720954779386432,Normal,No Offer Needed,False,Regular Customer,False
9308-ANMVE,55.3,55.18078205879507,0.1192179412049299,Normal,No Offer Needed,False,Regular Customer,False
2884-GBPFB,70.3,70.42404682667326,-0.12404682667326483,Normal,No Offer Needed,False,Regular Customer,False
3757-NJYBX,106.35,105.96192309955059,0.38807690044940557,Normal,No Offer Needed,False,Regular Customer,True
3413-DHLPB,103.75,103.32617375163854,0.42382624836146476,High Drop,Premium Entertainment Bundle,True,Outreach Customer,True
7649-PHJVR,19.5,19.87415350521271,-0.3741535052127105,Normal,No Offer Needed,False,Regular Customer,False
6114-TCFID,39.5,39.78212403801455,-0.2821240380145511,Normal,No Offer Needed,False,Regular Customer,False
3787-TRIAL,26.05,26.42555572245407,-0.3755557224540702,Normal,No Offer Needed,False,Regular Customer,False
2573-GYRUU,91.05,90.99092492556775,0.05907507443224347,Normal,No Offer Needed,False,Regular Customer,True
5156-UMKOW,29.65,29.65941900895277,-0.009419008952772145,Normal,No Offer Needed,False,Regular Customer,False
1247-QBVSH,50.2,49.437356056855464,0.7626439431445391,High Drop,Loyalty Discount Offer,True,Outreach Customer,False
6734-GMPVK,105.3,104.81787818756403,0.4821218124359632,High Drop,Premium Entertainment Bundle,True,Outreach Customer,True
9822-OAOVB,55.45,55.77032708645926,-0.3203270864592582,Normal,No Offer Needed,False,Regular Customer,False
6161-ERDGD,85.45,85.25925093757719,0.1907490624228103,Normal,No Offer Needed,False,Regular Customer,True
1226-JZNKR,19.8,20.275629467613996,-0.47562946761399516,Normal,No Offer Needed,False,Regular Customer,False
7318-EIVKO,59.25,59.24815005354076,0.0018499464592380832,Normal,No Offer Needed,False,Regular Customer,False
3771-PZOBW,90.7,90.42613237574959,0.2738676242504141,Normal,No Offer Needed,False,Regular Customer,True
5136-KCKGI,103.7,103.13655123539647,0.5634487646035353,High Drop,Premium Entertainment Bundle,True,Outreach Customer,True
8231-BSWXX,79.05,79.00629046030802,0.04370953969197444,Normal,No Offer Needed,False,Regular Customer,True
6486-LHTMA,90.7,90.25692487475548,0.4430751252445191,High Drop,Premium Entertainment Bundle,True,Outreach Customer,True
4083-BFNYK,95.0,94.93848910969388,0.06151089030612411,Normal,No Offer Needed,False,Regular Customer,True
3722-WPXTK,88.35,88.64659885542244,-0.29659885542244524,Normal,No Offer Needed,False,Regular Customer,True
7389-KBFIT,30.25,30.115349081231834,0.13465091876816615,Normal,No Offer Needed,False,Regular Customer,False
7176-WIONM,49.85,49.91553809231382,-0.06553809231381535,Normal,No Offer Needed,False,Regular Customer,False
5141-ZUVBH,93.0,92.66387057423722,0.3361294257627776,Normal,No Offer Needed,False,Regular Customer,True
1089-HDMKP,54.55,54.41724749521128,0.13275250478871925,Normal,No Offer Needed,False,Regular Customer,False
7623-HKYRK,19.7,20.001680956802122,-0.30168095680212303,Normal,No Offer Needed,False,Regular Customer,False
0310-SUCIN,84.8,84.34969502406604,0.45030497593396035,High Drop,Personalized Retention Offer,True,Outreach Customer,True
5197-PYEPU,94.45,94.05836214042154,0.3916378595784664,Normal,No Offer Needed,False,Regular Customer,True
2929-ERCFZ,94.2,93.96208602600147,0.23791397399853054,Normal,No Offer Needed,False,Regular Customer,True
7548-SEPYI,96.25,96.23509447778667,0.01490552221332564,Normal,No Offer Needed,False,Regular Customer,True
8835-VSDSE,70.7,70.83940486134297,-0.13940486134296748,Normal,No Offer Needed,False,Regular Customer,False
6619-RPLQZ,20.85,20.74460497602045,0.10539502397955047,Normal,No Offer Needed,False,Regular Customer,False
3275-RHRNE,60.0,59.89841628096838,0.10158371903162333,Normal,No Offer Needed,False,Regular Customer,False
3503-TYDAY,80.45,80.11346521517234,0.33653478482766275,Normal,No Offer Needed,False,Regular Customer,True
6901-GOGZG,84.95,84.98424266726455,-0.034242667264550164,Normal,No Offer Needed,False,Regular Customer,True
1623-NLDOT,33.55,33.30483610249922,0.24516389750077394,Normal,No Offer Needed,False,Regular Customer,False
7021-XSNYE,49.65,50.22727504788711,-0.5772750478871131,Normal,No Offer Needed,False,Regular Customer,False
9621-OUPYD,20.2,20.411498218818465,-0.2114982188184662,Normal,No Offer Needed,False,Regular Customer,False
9898-KZQDZ,94.55,94.54845784755503,0.001542152444969247,Normal,No Offer Needed,False,Regular Customer,True
8982-NHAVY,100.5,100.20271105825714,0.29728894174286324,Normal,No Offer Needed,False,Regular Customer,True
4307-KWMXE,35.75,36.16706331058056,-0.41706331058055923,Normal,No Offer Needed,False,Regular Customer,False
0141-YEAYS,86.45,85.83875036767932,0.6112496323206784,High Drop,Premium Entertainment Bundle,True,Outreach Customer,True
2450-ZKEED,53.8,53.559567858896486,0.2404321411035113,Normal,No Offer Needed,False,Regular Customer,False
3694-DELSO,38.55,39.05619029525973,-0.506190295259735,Normal,No Offer Needed,False,Regular Customer,False
3893-JRNFS,39.9,39.933374200797,-0.03337420079699882,Normal,No Offer Needed,False,Regular Customer,True
9603-OAIHC,70.05,70.25038655353875,-0.200386553538749,Normal,No Offer Needed,False,Regular Customer,False
1133-KXCGE,20.1,20.31524643809245,-0.21524643809244992,Normal,No Offer Needed,False,Regular Customer,False
5236-PERKL,112.95,113.07888238026358,-0.12888238026357612,Normal,No Offer Needed,False,Regular Customer,True
0142-GVYSN,20.3,20.8456800987342,-0.5456800987341985,Normal,No Offer Needed,False,Regular Customer,False
1049-FYSYG,35.65,35.684740318187,-0.03474031818700496,Normal,No Offer Needed,False,Regular Customer,False
7854-FOKSF,35.9,36.950971321788764,-1.050971321788765,Normal,No Offer Needed,False,Regular Customer,False
2519-FAKOD,99.25,99.07134963197655,0.17865036802345458,Normal,No Offer Needed,False,Regular Customer,True
8406-LNMHF,82.95,82.78818672061234,0.16181327938765833,Normal,No Offer Needed,False,Regular Customer,True
1821-BUCWY,55.65,55.513053762187184,0.1369462378128148,Normal,No Offer Needed,False,Regular Customer,False
8263-JQAIK,24.45,25.030507389889113,-0.5805073898891138,Normal,No Offer Needed,False,Regular Customer,False
0023-UYUPN,25.2,25.20563994908171,-0.005639949081711393,Normal,No Offer Needed,False,Regular Customer,False
8314-DPQHL,50.8,50.94727798630357,-0.14727798630357114,Normal,No Offer Needed,False,Regular Customer,False
1465-WCZVT,19.65,19.77541926948125,-0.12541926948125237,Normal,No Offer Needed,False,Regular Customer,False
9481-SFCQY,59.8,59.559622854455476,0.24037714554452094,Normal,No Offer Needed,False,Regular Customer,False
6360-SVNWV,73.55,73.71485467837891,-0.16485467837891576,Normal,No Offer Needed,False,Regular Customer,False
0567-GGCAC,61.4,61.19803538703029,0.2019646129697108,Normal,No Offer Needed,False,Regular Customer,False
7089-IVVAZ,103.35,103.19187961253438,0.1581203874656154,Normal,No Offer Needed,False,Regular Customer,True
8884-MRNSU,19.9,20.200767329630892,-0.3007673296308937,Normal,No Offer Needed,False,Regular Customer,False
2171-UDMFD,19.45,19.754376500489915,-0.3043765004899157,Normal,No Offer Needed,False,Regular Customer,False
9050-IKDZA,81.5,81.09134314780123,0.40865685219877435,Normal,No Offer Needed,False,Regular Customer,True
2205-YMZZJ,84.8,84.84986928964375,-0.04986928964375181,Normal,No Offer Needed,False,Regular Customer,True
9802-CAQUT,109.55,109.60879526577877,-0.05879526577876959,Normal,No Offer Needed,False,Regular Customer,True
1254-IZEYF,99.95,99.9489962071595,0.0010037928405068897,Normal,No Offer Needed,False,Regular Customer,True
0187-WZNAB,74.4,73.95104672792641,0.44895327207359514,High Drop,Premium Entertainment Bundle,True,Outreach Customer,False
9492-TOKRI,90.0,89.80884751604712,0.19115248395287665,Normal,No Offer Needed,False,Regular Customer,True
1475-VWVDO,74.9,74.84353974467653,0.0564602553234721,Normal,No Offer Needed,False,Regular Customer,False
9221-OTIVJ,104.85,104.50531190290687,0.3446880970931261,Normal,No Offer Needed,False,Regular Customer,True
1357-MVDOZ,59.65,59.18886484239193,0.46113515760806933,High Drop,Loyalty Discount Offer,True,Outreach Customer,False
7602-MVRMB,110.45,110.43482536371997,0.01517463628003668,Normal,No Offer Needed,False,Regular Customer,True
3325-FUYCG,106.1,105.97384221065498,0.1261577893450152,Normal,No Offer Needed,False,Regular Customer,True
5908-QMGOE,74.2,74.4449761539563,-0.24497615395630135,Normal,No Offer Needed,False,Regular Customer,False
1197-BVMVG,74.45,74.3968420013106,0.05315799868940019,Normal,No Offer Needed,False,Regular Customer,False
5406-KGRMX,24.55,24.677466960917037,-0.1274669609170367,Normal,No Offer Needed,False,Regular Customer,True
8481-YYXWG,89.35,89.37562791999974,-0.025627919999749338,Normal,No Offer Needed,False,Regular Customer,True
5968-HYJRZ,24.55,24.39154400685477,0.15845599314523184,Normal,No Offer Needed,False,Regular Customer,False
5198-EFNBM,90.65,90.3468107199701,0.30318928002991186,Normal,No Offer Needed,False,Regular Customer,True
7516-GMHUV,105.05,105.2599667971617,-0.20996679716169808,Normal,No Offer Needed,False,Regular Customer,True
7140-ADSMJ,20.45,21.233528444133785,-0.7835284441337862,Normal,No Offer Needed,False,Regular Customer,False
2230-XTUWL,19.55,19.40908431605152,0.14091568394848153,Normal,No Offer Needed,False,Regular Customer,False
7706-YLMQA,19.7,19.553558272831385,0.14644172716861448,Normal,No Offer Needed,False,Regular Customer,True
2585-KTFRE,70.45,70.27729283462887,0.17270716537113628,Normal,No Offer Needed,False,Regular Customer,False
7994-UYIVZ,85.65,85.46519512575041,0.18480487424959335,Normal,No Offer Needed,False,Regular Customer,True
2609-IAICY,77.15,77.22781294731813,-0.07781294731812238,Normal,No Offer Needed,False,Regular Customer,False
1740-CSDJP,35.25,36.12905443744886,-0.8790544374488576,Normal,No Offer Needed,False,Regular Customer,False
7717-BICXI,20.55,20.36926420738358,0.1807357926164208,Normal,No Offer Needed,False,Regular Customer,True
6559-RAKOZ,97.95,97.88229123864507,0.06770876135493609,Normal,No Offer Needed,False,Regular Customer,True
2636-OHFMN,48.55,49.087308398274445,-0.5373083982744475,Normal,No Offer Needed,False,Regular Customer,False
4716-MRVEN,20.0,20.08887943548963,-0.08887943548963051,Normal,No Offer Needed,False,Regular Customer,False
2143-LJULT,25.25,25.3252597898909,-0.07525978989090021,Normal,No Offer Needed,False,Regular Customer,True
1323-OOEPC,98.4,98.40230224029577,-0.0023022402957622035,Normal,No Offer Needed,False,Regular Customer,True
3200-MNQTF,70.9,70.63973909369548,0.2602609063045236,Normal,No Offer Needed,False,Regular Customer,True
6164-HXUGH,19.85,19.94013684117487,-0.09013684117486775,Normal,No Offer Needed,False,Regular Customer,False
5630-IXDXV,106.35,106.02777644633252,0.32222355366747024,Normal,No Offer Needed,False,Regular Customer,True
0320-DWVTU,99.5,99.33850651077236,0.16149348922763807,Normal,No Offer Needed,False,Regular Customer,True
9135-MGVPY,84.7,84.32599936233834,0.37400063766166625,Normal,No Offer Needed,False,Regular Customer,True
1212-GLHMD,86.05,85.94563436661825,0.10436563338174665,Normal,No Offer Needed,False,Regular Customer,True
7878-JGDKK,44.55,44.518337961434405,0.031662038565592354,Normal,No Offer Needed,False,Regular Customer,False
1088-AUUZZ,75.85,75.8641088443597,-0.01410884435971127,Normal,No Offer Needed,False,Regular Customer,True
0397-GZBBC,93.85,93.97023652009709,-0.12023652009709451,Normal,No Offer Needed,False,Regular Customer,True
6614-YWYSC,25.0,25.035262029792747,-0.035262029792747285,Normal,No Offer Needed,False,Regular Customer,True
9588-OZDMQ,45.0,45.12192442316444,-0.12192442316443675,Normal,No Offer Needed,False,Regular Customer,False
7641-EUYET,100.7,100.31017489556025,0.38982510443975116,Normal,No Offer Needed,False,Regular Customer,True
6476-EPYZR,20.5,20.605840491650856,-0.10584049165085574,Normal,No Offer Needed,False,Regular Customer,False
9921-ZVRHG,80.45,80.30613539454322,0.14386460545678403,Normal,No Offer Needed,False,Regular Customer,True
1174-FGIFN,90.45,90.22923901737042,0.2207609826295851,Normal,No Offer Needed,False,Regular Customer,True
6620-HVDUJ,60.45,60.27484643773164,0.17515356226836332,Normal,No Offer Needed,False,Regular Customer,False
4701-MLJPN,55.25,55.280623942911284,-0.030623942911283564,Normal,No Offer Needed,False,Regular Customer,False
1032-MAELW,78.45,77.9312303148043,0.5187696851957071,High Drop,Personalized Retention Offer,True,Outreach Customer,True
7641-TQFHN,100.55,100.37933083718205,0.1706691628179442,Normal,No Offer Needed,False,Regular Customer,True
1552-TKMXS,20.35,20.57434395452292,-0.22434395452291866,Normal,No Offer Needed,False,Regular Customer,False
9206-GVPEQ,54.45,55.08651059846401,-0.6365105984640067,Normal,No Offer Needed,False,Regular Customer,False
8622-ZLFKO,90.75,90.40694150437758,0.3430584956224152,Normal,No Offer Needed,False,Regular Customer,True
1596-BBVTG,75.35,75.61479030018972,-0.2647903001897305,Normal,No Offer Needed,False,Regular Customer,False
6188-UXBBR,20.25,20.52285321479165,-0.2728532147916489,Normal,No Offer Needed,False,Regular Customer,False
2333-KWEWW,20.05,20.999302009914704,-0.9493020099147031,Normal,No Offer Needed,False,Regular Customer,False
5702-SKUOB,19.6,19.82107325927438,-0.22107325927438026,Normal,No Offer Needed,False,Regular Customer,False
1134-YWTYF,53.8,53.56920384058586,0.23079615941414033,Normal,No Offer Needed,False,Regular Customer,False
6061-GWWAV,70.2,69.47751854888585,0.7224814511141489,High Drop,Personalized Retention Offer,True,Outreach Customer,False
0679-TDGAK,75.5,75.57209121566066,-0.07209121566066301,Normal,No Offer Needed,False,Regular Customer,False
6585-WCEWR,20.35,20.40726118866814,-0.05726118866813934,Normal,No Offer Needed,False,Regular Customer,True
9067-YGSCA,26.05,26.019435872576693,0.030564127423307497,Normal,No Offer Needed,False,Regular Customer,True
9067-SQTNS,20.6,20.608228511992515,-0.008228511992513177,Normal,No Offer Needed,False,Regular Customer,False
8433-WXGNA,75.7,76.08470652860781,-0.38470652860780774,Normal,No Offer Needed,False,Regular Customer,False
1776-SPBWV,20.1,20.108407688526924,-0.008407688526922641,Normal,No Offer Needed,False,Regular Customer,False
8735-SDUFN,24.3,24.14806375973666,0.15193624026333907,Normal,No Offer Needed,False,Regular Customer,True
9668-PUGNU,24.5,24.58517288349196,-0.0851728834919605,Normal,No Offer Needed,False,Regular Customer,True
9405-GPBBG,110.5,110.56911594267356,-0.06911594267356236,Normal,No Offer Needed,False,Regular Customer,True
1926-QUZNN,25.25,25.076532067124322,0.17346793287567763,Normal,No Offer Needed,False,Regular Customer,True
3707-GNWHM,74.25,74.05129146369627,0.19870853630372665,Normal,No Offer Needed,False,Regular Customer,False
7016-NVRIC,90.1,90.01924792816807,0.0807520718319239,Normal,No Offer Needed,False,Regular Customer,True
5829-NVSQN,68.75,68.49082182522662,0.2591781747733819,Normal,No Offer Needed,False,Regular Customer,False
9565-AXSMR,19.2,19.12236869902873,0.07763130097126947,Normal,No Offer Needed,False,Regular Customer,True
8922-LIEGH,89.7,89.72801233482748,-0.02801233482747989,Normal,No Offer Needed,False,Regular Customer,True
8869-LIHMK,115.1,115.05752800311859,0.04247199688140313,Normal,No Offer Needed,False,Regular Customer,True
8245-UMPYT,96.4,96.50083588197153,-0.10083588197151983,Normal,No Offer Needed,False,Regular Customer,True
5186-SAMNZ,69.5,69.71042959624354,-0.21042959624354296,Normal,No Offer Needed,False,Regular Customer,False
0447-RXSGD,99.65,99.35262464344424,0.2973753565557615,Normal,No Offer Needed,False,Regular Customer,True
4927-WWOOZ,91.45,90.93522868527894,0.5147713147210595,High Drop,Premium Entertainment Bundle,True,Outreach Customer,True
5788-YPOEG,84.75,84.09484672982022,0.6551532701797811,High Drop,Personalized Retention Offer,True,Outreach Customer,True
5373-SFODM,85.25,85.53093194104787,-0.2809319410478679,Normal,No Offer Needed,False,Regular Customer,True
0661-KBKPA,78.75,77.9148908579683,0.8351091420316976,High Drop,Online Security Add-on,True,Outreach Customer,True
9081-WWXKP,20.25,20.541820901339893,-0.2918209013398929,Normal,No Offer Needed,False,Regular Customer,False
0784-ZQJZX,19.9,20.164394151661835,-0.2643941516618362,Normal,No Offer Needed,False,Regular Customer,True
3133-PZNSR,97.75,97.98282938130993,-0.23282938130992648,Normal,No Offer Needed,False,Regular Customer,True
5766-ZJYBB,19.4,20.026788004422254,-0.6267880044222558,Normal,No Offer Needed,False,Regular Customer,False
8931-GJJIQ,83.3,83.51434935515306,-0.21434935515306108,Normal,No Offer Needed,False,Regular Customer,True
4277-PVRAN,80.1,80.09005963091566,0.009940369084333156,Normal,No Offer Needed,False,Regular Customer,True
0022-TCJCI,62.7,63.05911378493737,-0.3591137849373638,Normal,No Offer Needed,False,Regular Customer,False
0722-SVSFK,100.4,100.10662726332936,0.2933727366706478,Normal,No Offer Needed,False,Regular Customer,True
3612-YVGSJ,24.45,24.46057626866719,-0.010576268667190192,Normal,No Offer Needed,False,Regular Customer,True
9825-YCXWZ,101.1,100.85179282052376,0.24820717947623905,Normal,No Offer Needed,False,Regular Customer,True
5397-NSKQG,50.9,51.40061558220108,-0.5006155822010783,Normal,No Offer Needed,False,Regular Customer,True
8565-HBFNN,107.2,107.13170254972462,0.06829745027538081,Normal,No Offer Needed,False,Regular Customer,True
2000-DHJUY,92.2,91.88894892291259,0.31105107708741286,Normal,No Offer Needed,False,Regular Customer,True
0203-HHYIJ,25.3,25.764548037476985,-0.4645480374769839,Normal,No Offer Needed,False,Regular Customer,False
8670-ERCJH,113.4,113.53395869355536,-0.13395869355535694,Normal,No Offer Needed,False,Regular Customer,True
7758-UJWYS,40.55,40.8764111102647,-0.3264111102647007,Normal,No Offer Needed,False,Regular Customer,False
2050-ONYDQ,26.0,25.99950309806444,0.0004969019355591797,Normal,No Offer Needed,False,Regular Customer,True
7055-JCGNI,111.95,112.13938523734065,-0.1893852373406446,Normal,No Offer Needed,False,Regular Customer,True
0739-UUAJR,53.8,54.03043652541138,-0.2304365254113847,Normal,No Offer Needed,False,Regular Customer,True
4826-DXMUP,72.1,71.75466822105754,0.3453317789424517,Normal,No Offer Needed,False,Regular Customer,False
0952-KMEEH,98.15,97.98846958786129,0.16153041213871688,Normal,No Offer Needed,False,Regular Customer,True
7285-KLOTR,78.85,78.55250850247606,0.2974914975239358,Normal,No Offer Needed,False,Regular Customer,False
0654-PQKDW,70.75,70.10557409017083,0.6444259098291667,High Drop,Personalized Retention Offer,True,Outreach Customer,True
7175-NTIXE,76.15,76.30879434184116,-0.15879434184115837,Normal,No Offer Needed,False,Regular Customer,False
7963-SHNDT,39.1,39.02654978014882,0.07345021985118194,Normal,No Offer Needed,False,Regular Customer,True
9796-BPKIW,69.95,70.18769631213391,-0.23769631213390596,Normal,No Offer Needed,False,Regular Customer,False
0188-GWFLE,20.05,20.496434252146553,-0.4464342521465525,Normal,No Offer Needed,False,Regular Customer,False
8129-GMVGI,20.05,19.826068407227783,0.2239315927722174,Normal,No Offer Needed,False,Regular Customer,True
2882-DDZPG,19.45,19.936720266211335,-0.4867202662113357,Normal,No Offer Needed,False,Regular Customer,False
3547-LQRIK,26.9,26.91867108334279,-0.01867108334279166,Normal,No Offer Needed,False,Regular Customer,False
9137-NOQKA,19.2,20.04808833578287,-0.8480883357828723,Normal,No Offer Needed,False,Regular Customer,False
5843-TTHGI,50.0,49.5365497761088,0.4634502238912006,High Drop,Loyalty Discount Offer,True,Outreach Customer,False
1849-RJYIG,60.0,60.11737273885844,-0.11737273885844246,Normal,No Offer Needed,False,Regular Customer,False
8868-GAGIO,84.55,83.93539412313606,0.6146058768639335,High Drop,Premium Entertainment Bundle,True,Outreach Customer,True
4061-UKJWL,45.45,45.408256517754374,0.04174348224562863,Normal,No Offer Needed,False,Regular Customer,False
5380-XPJNZ,20.05,20.017496294605294,0.03250370539470637,Normal,No Offer Needed,False,Regular Customer,False
8263-QMNTJ,115.55,115.72835008276127,-0.17835008276126985,Normal,No Offer Needed,False,Regular Customer,True
8178-EYZUO,93.7,93.9391942828169,-0.23919428281689648,Normal,No Offer Needed,False,Regular Customer,True
3230-JCNZS,99.0,98.81450753572436,0.18549246427564015,Normal,No Offer Needed,False,Regular Customer,True
0277-ORXQS,50.55,50.753513907021855,-0.20351390702185768,Normal,No Offer Needed,False,Regular Customer,True
5130-IEKQT,105.95,105.3842398266024,0.5657601733976065,High Drop,Premium Entertainment Bundle,True,Outreach Customer,True
3230-WYKIR,82.0,81.95104465411632,0.048955345883683776,Normal,No Offer Needed,False,Regular Customer,True
7996-BPXHY,25.0,25.306253792321165,-0.306253792321165,Normal,No Offer Needed,False,Regular Customer,False
3227-WLKLI,91.55,91.12502805380568,0.42497194619431866,High Drop,Personalized Retention Offer,True,Outreach Customer,True
0407-BDJKB,95.75,95.47726215960037,0.27273784039962834,Normal,No Offer Needed,False,Regular Customer,True
2266-FUBDZ,19.35,19.671573701283307,-0.321573701283306,Normal,No Offer Needed,False,Regular Customer,False
8237-ULIXL,24.85,24.90305359019099,-0.053053590190987876,Normal,No Offer Needed,False,Regular Customer,True
9600-UDOPK,94.05,94.22400265047712,-0.17400265047712082,Normal,No Offer Needed,False,Regular Customer,True
8216-AZUUZ,100.4,100.35262645518478,0.04737354481522971,Normal,No Offer Needed,False,Regular Customer,True
9153-BTBVV,25.0,24.846282401369724,0.15371759863027634,Normal,No Offer Needed,False,Regular Customer,True
4074-SJFFA,54.75,54.85086037235994,-0.10086037235993928,Normal,No Offer Needed,False,Regular Customer,False
3269-ATYWD,95.65,95.79867923336387,-0.14867923336386468,Normal,No Offer Needed,False,Regular Customer,True
5186-PEIZU,19.25,19.46989663249543,-0.21989663249543057,Normal,No Offer Needed,False,Regular Customer,False
1074-AMIOH,108.25,107.72414920764128,0.5258507923587246,High Drop,Premium Entertainment Bundle,True,Outreach Customer,True
4910-GMJOT,94.6,94.62489855744452,-0.024898557444529956,Normal,No Offer Needed,False,Regular Customer,True
0354-WYROK,98.9,98.65888888972157,0.2411111102784389,Normal,No Offer Needed,False,Regular Customer,True
4361-FEBGN,20.15,20.76610368645161,-0.6161036864516127,Normal,No Offer Needed,False,Regular Customer,False
7748-UMTRK,101.3,101.10485890439813,0.1951410956018691,Normal,No Offer Needed,False,Regular Customer,True
0380-ZCSBI,20.0,20.785863212179475,-0.7858632121794749,Normal,No Offer Needed,False,Regular Customer,False
7145-FEJWU,105.3,104.65661367561279,0.6433863243872082,High Drop,Premium Entertainment Bundle,True,Outreach Customer,True
6463-MVYRY,69.85,69.7182986347724,0.1317013652275989,Normal,No Offer Needed,False,Regular Customer,True
3969-JQABI,65.25,64.98763700065234,0.2623629993476584,Normal,No Offer Needed,False,Regular Customer,True
9624-EGDEQ,19.8,20.04078906289463,-0.24078906289462765,Normal,No Offer Needed,False,Regular Customer,False
1051-EQPZR,19.6,19.252013874897575,0.34798612510242677,Normal,No Offer Needed,False,Regular Customer,False
5849-ASHZJ,20.05,20.56638797889845,-0.5163879788984502,Normal,No Offer Needed,False,Regular Customer,False
5780-INQIK,49.4,49.53706606676976,-0.13706606676976207,Normal,No Offer Needed,False,Regular Customer,False
7576-OYWBN,76.05,76.23020469919113,-0.1802046991911368,Normal,No Offer Needed,False,Regular Customer,False
4526-ZJJTM,88.4,87.94123261681261,0.45876738318739285,High Drop,Premium Entertainment Bundle,True,Outreach Customer,True
8384-FZBJK,100.6,100.3153045197739,0.28469548022609104,Normal,No Offer Needed,False,Regular Customer,True
3750-RNQKR,19.45,19.70984154138168,-0.25984154138168236,Normal,No Offer Needed,False,Regular Customer,False
0962-CQPWQ,20.3,20.256773932059776,0.043226067940224766,Normal,No Offer Needed,False,Regular Customer,True
3096-YXENJ,107.65,107.41119616414963,0.23880383585037634,Normal,No Offer Needed,False,Regular Customer,True
1265-BCFEO,80.45,80.16722915991573,0.2827708400842681,Normal,No Offer Needed,False,Regular Customer,True
5837-LXSDN,58.85,58.50913540552846,0.34086459447154027,Normal,No Offer Needed,False,Regular Customer,False
5945-AZYHT,109.6,109.56867112810461,0.031328871895382804,Normal,No Offer Needed,False,Regular Customer,True
8325-QRPZR,75.15,75.01394432656987,0.13605567343013547,Normal,No Offer Needed,False,Regular Customer,False
6384-VMJHP,73.0,73.08201982382137,-0.08201982382136919,Normal,No Offer Needed,False,Regular Customer,True
2262-SLNVK,70.1,70.23126871339649,-0.13126871339649426,Normal,No Offer Needed,False,Regular Customer,False
7730-CLDSV,98.65,98.34930764408499,0.3006923559150181,Normal,No Offer Needed,False,Regular Customer,True
1135-HIORI,111.45,111.05668219196617,0.393317808033828,Normal,No Offer Needed,False,Regular Customer,True
0164-APGRB,114.9,115.14231845821647,-0.24231845821645948,Normal,No Offer Needed,False,Regular Customer,True
6481-ESCNL,100.55,100.18277055807017,0.36722944192982254,Normal,No Offer Needed,False,Regular Customer,True
1790-NESIO,20.4,20.863655311864164,-0.46365531186416575,Normal,No Offer Needed,False,Regular Customer,False
1550-EENBN,104.35,104.23602842721391,0.11397157278608461,Normal,No Offer Needed,False,Regular Customer,True
5539-TMZLF,69.75,70.11511730212065,-0.36511730212065174,Normal,No Offer Needed,False,Regular Customer,False
4323-SADQS,34.5,35.11378799448416,-0.6137879944841629,Normal,No Offer Needed,False,Regular Customer,False
4446-BZKHU,105.55,105.44639349057397,0.10360650942602945,Normal,No Offer Needed,False,Regular Customer,True
5202-IVJNU,30.1,30.342286219546448,-0.2422862195464468,Normal,No Offer Needed,False,Regular Customer,False
5976-JCJRH,70.3,70.53279503668007,-0.2327950366800735,Normal,No Offer Needed,False,Regular Customer,False
8198-RKSZG,80.45,79.96236688374812,0.4876331162518852,High Drop,Loyalty Discount Offer,True,Outreach Customer,True
0137-OCGAB,80.2,79.68011308878293,0.5198869112170712,High Drop,Premium Entertainment Bundle,True,Outreach Customer,True
3351-NQLDI,94.35,94.58485280650648,-0.23485280650648122,Normal,No Offer Needed,False,Regular Customer,True
9297-EONCV,91.35,91.1861302966544,0.16386970334559692,Normal,No Offer Needed,False,Regular Customer,True
7593-JNWRU,44.6,44.68708891185908,-0.08708891185907675,Normal,No Offer Needed,False,Regular Customer,False
4588-YBNIB,19.6,20.119426030107594,-0.5194260301075921,Normal,No Offer Needed,False,Regular Customer,False
1069-QJOEE,19.9,20.27283803472517,-0.3728380347251701,Normal,No Offer Needed,False,Regular Customer,False
3336-JORSO,110.45,110.14773027361818,0.30226972638182303,Normal,No Offer Needed,False,Regular Customer,True
7799-DSEWS,68.35,68.2218768211492,0.1281231788507995,Normal,No Offer Needed,False,Regular Customer,False
8766-PAFNE,79.1,79.03679372497959,0.06320627502040566,Normal,No Offer Needed,False,Regular Customer,True
5315-CKEQK,51.0,50.818995803963865,0.1810041960361346,Normal,No Offer Needed,False,Regular Customer,False
3130-ICDUP,80.55,80.46841812248341,0.08158187751658375,Normal,No Offer Needed,False,Regular Customer,True
0820-FNRNX,66.7,65.60879279867758,1.091207201322419,High Drop,Loyalty Discount Offer,True,Outreach Customer,False
0880-FVFWF,86.4,86.39512250093712,0.004877499062885704,Normal,No Offer Needed,False,Regular Customer,True
4611-ANLQC,50.05,50.00866773688322,0.041332263116778734,Normal,No Offer Needed,False,Regular Customer,True
4213-HKBJO,25.7,26.24578386290616,-0.5457838629061591,Normal,No Offer Needed,False,Regular Customer,False
2792-LSHWX,83.4,82.8210031499069,0.5789968500931053,High Drop,Premium Entertainment Bundle,True,Outreach Customer,True
5028-GZLDO,70.7,71.1102052710777,-0.4102052710777002,Normal,No Offer Needed,False,Regular Customer,False
0014-BMAQU,84.65,84.92276778219346,-0.2727677821934549,Normal,No Offer Needed,False,Regular Customer,True
6861-XWTWQ,99.25,99.01945465520667,0.23054534479332744,Normal,No Offer Needed,False,Regular Customer,True
9018-PCIOK,64.75,64.38895054580442,0.3610494541955802,Normal,No Offer Needed,False,Regular Customer,True
4837-QUSFT,100.15,99.77405775863004,0.37594224136996957,Normal,No Offer Needed,False,Regular Customer,True
6877-TJMBR,84.8,84.7726577090872,0.027342290912798717,Normal,No Offer Needed,False,Regular Customer,True
9953-ZMKSM,25.25,25.15586739019492,0.09413260980507943,Normal,No Offer Needed,False,Regular Customer,True
0907-HQNTS,113.0,113.09822332301765,-0.09822332301764902,Normal,No Offer Needed,False,Regular Customer,True
7665-NKLAV,40.65,40.887090796160145,-0.23709079616014606,Normal,No Offer Needed,False,Regular Customer,False
6769-DCQLI,105.0,104.90783074383977,0.09216925616023275,Normal,No Offer Needed,False,Regular Customer,True
2433-KMEAS,54.45,54.71305350060253,-0.2630535006025241,Normal,No Offer Needed,False,Regular Customer,False
4391-LNRXK,94.95,94.58322502103793,0.36677497896207,Normal,No Offer Needed,False,Regular Customer,True
8250-ZNGGW,59.9,59.89026557125016,0.00973442874983732,Normal,No Offer Needed,False,Regular Customer,False
2195-ZRVAX,85.3,85.40460930192309,-0.10460930192309092,Normal,No Offer Needed,False,Regular Customer,True
3550-SAHFP,83.35,83.61403021332279,-0.26403021332279764,Normal,No Offer Needed,False,Regular Customer,True
2011-TRQYE,33.5,33.903628764572346,-0.4036287645723462,Normal,No Offer Needed,False,Regular Customer,False
8562-GHPPI,19.8,20.602708731503792,-0.8027087315037917,Normal,No Offer Needed,False,Regular Customer,False
5893-PYOLZ,81.8,81.84795228226051,-0.047952282260510515,Normal,No Offer Needed,False,Regular Customer,True
4986-MXSFP,20.0,20.34292932257604,-0.34292932257604036,Normal,No Offer Needed,False,Regular Customer,False
6131-FOYAS,59.6,59.456106687679515,0.1438933123204862,Normal,No Offer Needed,False,Regular Customer,False
3027-YNWZU,25.0,25.1127754991905,-0.11277549919050145,Normal,No Offer Needed,False,Regular Customer,True
5609-IMCGG,84.35,84.1501469632787,0.19985303672129362,Normal,No Offer Needed,False,Regular Customer,True
4873-ILOLJ,90.35,90.7349492627428,-0.3849492627428077,Normal,No Offer Needed,False,Regular Customer,True
4727-MCYZG,55.55,55.58702832006891,-0.03702832006891299,Normal,No Offer Needed,False,Regular Customer,False
9481-WHGWY,75.35,75.59947203301242,-0.24947203301242382,Normal,No Offer Needed,False,Regular Customer,True
2725-KXXWT,90.75,90.89727062514869,-0.1472706251486926,Normal,No Offer Needed,False,Regular Customer,True
9565-DJPIB,89.6,88.8700402622703,0.7299597377297005,High Drop,Premium Entertainment Bundle,True,Outreach Customer,True
4328-VUFWD,59.3,59.43473504392141,-0.13473504392140967,Normal,No Offer Needed,False,Regular Customer,False
3301-LSLWQ,66.1,66.2289144473349,-0.12891444733490687,Normal,No Offer Needed,False,Regular Customer,False
7473-ZBDSN,18.8,19.052506587947324,-0.25250658794732317,Normal,No Offer Needed,False,Regular Customer,False
3166-PNEOF,86.45,86.5735374138405,-0.12353741384049499,Normal,No Offer Needed,False,Regular Customer,True
5639-NTUPK,52.1,52.327693031500026,-0.2276930315000243,Normal,No Offer Needed,False,Regular Customer,False
8780-YRMTT,47.4,47.06419583724488,0.3358041627551174,Normal,No Offer Needed,False,Regular Customer,True
8348-HFYIV,49.25,49.89246277633109,-0.6424627763310866,Normal,No Offer Needed,False,Regular Customer,False
5140-FOMCQ,109.15,108.98335878299363,0.16664121700637224,Normal,No Offer Needed,False,Regular Customer,True
6242-SGYTS,94.95,94.73113579087124,0.21886420912876758,Normal,No Offer Needed,False,Regular Customer,True
8166-ORCHU,93.55,93.55149366834462,-0.0014936683446222787,Normal,No Offer Needed,False,Regular Customer,True
8414-OOEEL,79.5,79.45446575840012,0.0455342415998814,Normal,No Offer Needed,False,Regular Customer,True
8454-AATJP,115.05,115.3305120084905,-0.28051200849050417,Normal,No Offer Needed,False,Regular Customer,True
6849-WLEYG,19.75,20.27007414101035,-0.5200741410103511,Normal,No Offer Needed,False,Regular Customer,False
4659-NZRUF,95.15,95.19887499201302,-0.04887499201301182,Normal,No Offer Needed,False,Regular Customer,True
4531-AUZNK,95.15,94.53179368997253,0.6182063100274746,High Drop,Premium Entertainment Bundle,True,Outreach Customer,True
4191-XOVOM,105.4,105.48200544781079,-0.08200544781078634,Normal,No Offer Needed,False,Regular Customer,True
2150-OEGBV,20.1,20.526197055763202,-0.42619705576320044,Normal,No Offer Needed,False,Regular Customer,False
8429-XIBUM,101.35,101.46261741908785,-0.11261741908785439,Normal,No Offer Needed,False,Regular Customer,True
1855-CFULU,20.05,20.39854916476936,-0.34854916476935927,Normal,No Offer Needed,False,Regular Customer,False
4878-BUNFV,20.7,20.713014579840273,-0.013014579840273655,Normal,No Offer Needed,False,Regular Customer,False
1872-EBWSC,20.35,20.43942883669935,-0.08942883669934787,Normal,No Offer Needed,False,Regular Customer,False
2608-BHKFN,70.05,70.35717451459143,-0.30717451459143774,Normal,No Offer Needed,False,Regular Customer,False
7026-YMSBE,19.7,19.866499754699714,-0.16649975469971423,Normal,No Offer Needed,False,Regular Customer,False
7341-LXCAF,74.65,74.71083665384778,-0.06083665384777248,Normal,No Offer Needed,False,Regular Customer,False
6997-UVGOX,85.45,85.21889103734175,0.2311089626582543,Normal,No Offer Needed,False,Regular Customer,True
9674-EHPPG,40.4,40.73754716895725,-0.3375471689572507,Normal,No Offer Needed,False,Regular Customer,False
9462-MJUAW,50.4,50.342612218898054,0.05738778110194431,Normal,No Offer Needed,False,Regular Customer,False
8128-YVJRG,79.65,79.4077302185987,0.24226978140130484,Normal,No Offer Needed,False,Regular Customer,False
5440-VHLUL,105.2,105.17690483023594,0.023095169764062007,Normal,No Offer Needed,False,Regular Customer,True
5781-BKHOP,100.65,100.42093431795695,0.229065682043057,Normal,No Offer Needed,False,Regular Customer,True
4283-FUTGF,79.85,79.81023974956842,0.03976025043156994,Normal,No Offer Needed,False,Regular Customer,False
5213-TWWJU,91.0,91.04151512994957,-0.04151512994957329,Normal,No Offer Needed,False,Regular Customer,True
1569-TTNYJ,78.75,78.59879707961983,0.1512029203801717,Normal,No Offer Needed,False,Regular Customer,False
8628-MFKAX,116.75,116.84401480482867,-0.09401480482867441,Normal,No Offer Needed,False,Regular Customer,True
2397-BRLOM,80.45,80.47047884420414,-0.020478844204134816,Normal,No Offer Needed,False,Regular Customer,True
7629-WIXZF,59.1,59.450649436233796,-0.35064943623379463,Normal,No Offer Needed,False,Regular Customer,False
5445-GLVOT,49.8,49.97310116041526,-0.17310116041526413,Normal,No Offer Needed,False,Regular Customer,False
3976-HXHCE,19.3,19.45373756228307,-0.15373756228306945,Normal,No Offer Needed,False,Regular Customer,True
2466-NEJOJ,19.65,20.2329492327297,-0.5829492327296997,Normal,No Offer Needed,False,Regular Customer,False
0254-KCJGT,81.4,81.1155192650331,0.2844807349669054,Normal,No Offer Needed,False,Regular Customer,True
5472-CVMDX,38.9,38.71860213125283,0.1813978687471689,Normal,No Offer Needed,False,Regular Customer,True
6461-SZMCV,87.95,87.65642181106666,0.2935781889333384,Normal,No Offer Needed,False,Regular Customer,True
8150-QUDFX,19.85,20.302147390468765,-0.4521473904687632,Normal,No Offer Needed,False,Regular Customer,False
9508-ILZDG,96.35,95.94634066652284,0.403659333477151,Normal,No Offer Needed,False,Regular Customer,True
2346-DJQTB,24.15,24.548893802524404,-0.3988938025244053,Normal,No Offer Needed,False,Regular Customer,False
1697-LYYYX,19.1,19.01938161935484,0.0806183806451628,Normal,No Offer Needed,False,Regular Customer,True
1942-OQFRW,44.0,44.369589262873895,-0.3695892628738946,Normal,No Offer Needed,False,Regular Customer,False
4749-VFKVB,50.1,49.95242148073014,0.14757851926986376,Normal,No Offer Needed,False,Regular Customer,False
9640-ZSLDC,60.6,60.411713572763944,0.18828642723605782,Normal,No Offer Needed,False,Regular Customer,True
4231-LZUYM,25.65,25.503459506946538,0.14654049305346106,Normal,No Offer Needed,False,Regular Customer,True
7598-UAASY,76.4,76.38925739825697,0.010742601743032765,Normal,No Offer Needed,False,Regular Customer,False
7938-OUHIO,98.7,98.64046158560178,0.05953841439821872,Normal,No Offer Needed,False,Regular Customer,True
8510-AWCXC,100.8,100.91742679971888,-0.11742679971888492,Normal,No Offer Needed,False,Regular Customer,True
6128-AQBMT,53.95,53.93923774163513,0.010762258364870547,Normal,No Offer Needed,False,Regular Customer,False
3594-BDSOA,20.4,20.83574966146316,-0.43574966146316285,Normal,No Offer Needed,False,Regular Customer,False
0431-APWVY,90.1,90.0498801928566,0.05011980714338904,Normal,No Offer Needed,False,Regular Customer,True
5133-VRSAB,29.35,29.75301537768553,-0.4030153776855272,Normal,No Offer Needed,False,Regular Customer,False
5996-DAOQL,20.45,20.88420983490988,-0.4342098349098791,Normal,No Offer Needed,False,Regular Customer,False
6838-YAUVY,95.1,95.07963697133496,0.020363028665030924,Normal,No Offer Needed,False,Regular Customer,True
0484-JPBRU,25.25,25.33656116918671,-0.08656116918670875,Normal,No Offer Needed,False,Regular Customer,False
7883-ROJOC,44.9,44.5558697553385,0.3441302446614998,Normal,No Offer Needed,False,Regular Customer,False
0244-LGNFY,92.65,92.27176872608383,0.37823127391617106,Normal,No Offer Needed,False,Regular Customer,True
7274-CGTOD,43.7,43.65646402759958,0.043535972400420064,Normal,No Offer Needed,False,Regular Customer,True
4295-YURET,72.6,72.78470506397025,-0.18470506397025588,Normal,No Offer Needed,False,Regular Customer,True
3426-NIYYL,51.55,51.8206504634815,-0.2706504634815019,Normal,No Offer Needed,False,Regular Customer,False
8225-BTJAU,79.25,79.70419743322981,-0.4541974332298082,Normal,No Offer Needed,False,Regular Customer,False
4635-EJYPD,18.95,19.086712594996474,-0.13671259499647448,Normal,No Offer Needed,False,Regular Customer,False
1866-ZSLJM,20.5,21.156370141420087,-0.6563701414200871,Normal,No Offer Needed,False,Regular Customer,False
4636-TVXVG,19.95,19.756939897282678,0.19306010271732177,Normal,No Offer Needed,False,Regular Customer,True
4236-UJPWO,24.5,25.23707388106463,-0.7370738810646316,Normal,No Offer Needed,False,Regular Customer,False
9392-XBGTD,20.6,20.917972792845664,-0.31797279284566216,Normal,No Offer Needed,False,Regular Customer,False
3387-VATUS,94.85,94.81755883794811,0.032441162051881633,Normal,No Offer Needed,False,Regular Customer,True
6402-SSEJG,61.05,61.22097186737614,-0.17097186737614578,Normal,No Offer Needed,False,Regular Customer,False
1143-NMNQJ,85.7,85.8635005617539,-0.16350056175389227,Normal,No Offer Needed,False,Regular Customer,True
1169-SAOCL,106.65,106.44555765158736,0.2044423484126412,Normal,No Offer Needed,False,Regular Customer,True
1110-KYLGQ,108.25,108.20718175996097,0.04281824003902557,Normal,No Offer Needed,False,Regular Customer,True
9929-PLVPA,20.4,21.063593900203315,-0.6635939002033169,Normal,No Offer Needed,False,Regular Customer,False
3518-PZXZQ,55.3,54.89091097030348,0.40908902969651706,Normal,No Offer Needed,False,Regular Customer,False
2371-JUNGC,20.25,20.59401324634077,-0.3440132463407686,Normal,No Offer Needed,False,Regular Customer,False
7693-QPEFS,72.95,72.8590650946648,0.0909349053352031,Normal,No Offer Needed,False,Regular Customer,True
0924-BJCRC,89.45,89.34013562535013,0.10986437464987375,Normal,No Offer Needed,False,Regular Customer,True
5074-FBGHB,104.65,104.77552289707369,-0.12552289707367947,Normal,No Offer Needed,False,Regular Customer,True
2351-BKRZW,75.2,75.06604852653801,0.1339514734619911,Normal,No Offer Needed,False,Regular Customer,False
4455-BFSPD,101.15,101.06435419152302,0.08564580847698267,Normal,No Offer Needed,False,Regular Customer,True
0415-MOSGF,44.4,44.45537312576286,-0.055373125762862685,Normal,No Offer Needed,False,Regular Customer,False
1724-BQUHA,89.5,89.81266396394746,-0.31266396394745755,Normal,No Offer Needed,False,Regular Customer,True
3948-KXDUF,68.75,68.40821660858471,0.3417833914152908,Normal,No Offer Needed,False,Regular Customer,True
2323-ARSVR,111.05,111.24090910432632,-0.19090910432632313,Normal,No Offer Needed,False,Regular Customer,True
0815-MFZGM,99.0,99.0715844897558,-0.0715844897557929,Normal,No Offer Needed,False,Regular Customer,True
4826-XTSOH,86.05,85.9542792105918,0.0957207894081904,Normal,No Offer Needed,False,Regular Customer,True
5480-XTFFL,21.0,21.065951430098597,-0.06595143009859683,Normal,No Offer Needed,False,Regular Customer,False
8295-FHIVV,19.4,19.78394374232452,-0.3839437423245222,Normal,No Offer Needed,False,Regular Customer,False
2495-INZWQ,44.55,45.42820837323098,-0.8782083732309829,Normal,No Offer Needed,False,Regular Customer,False
9086-YJYXS,77.2,76.73584824203229,0.4641517579677128,High Drop,Online Security Add-on,True,Outreach Customer,False
1179-INLAT,19.45,19.892505851368195,-0.4425058513681961,Normal,No Offer Needed,False,Regular Customer,False
7909-FIOIY,24.85,24.767049575846286,0.08295042415371512,Normal,No Offer Needed,False,Regular Customer,False
4139-SUGLD,35.4,35.672358872501235,-0.27235887250123625,Normal,No Offer Needed,False,Regular Customer,False
6857-VWJDT,95.65,95.29823535619042,0.35176464380958805,Normal,No Offer Needed,False,Regular Customer,True
6351-SCJKT,41.35,41.42125863999999,-0.07125863999998927,Normal,No Offer Needed,False,Regular Customer,False
5468-BPMMO,19.6,19.812521407301958,-0.21252140730195634,Normal,No Offer Needed,False,Regular Customer,False
5624-BQSSA,20.95,21.477883616966654,-0.5278836169666548,Normal,No Offer Needed,False,Regular Customer,False
0197-PNKNK,84.45,84.00774587239145,0.44225412760854965,High Drop,Premium Entertainment Bundle,True,Outreach Customer,True
2439-QKJUL,20.25,20.664879459538884,-0.4148794595388843,Normal,No Offer Needed,False,Regular Customer,False
1194-SPVSP,19.65,20.343413663508404,-0.6934136635084052,Normal,No Offer Needed,False,Regular Customer,False
9534-NSXEM,20.65,21.267686981996317,-0.617686981996318,Normal,No Offer Needed,False,Regular Customer,False
2408-WITXK,34.7,35.586795152022454,-0.8867951520224508,Normal,No Offer Needed,False,Regular Customer,False
8929-KSWIH,99.3,99.32000281418148,-0.0200028141814812,Normal,No Offer Needed,False,Regular Customer,True
2250-IVBWA,81.05,80.93836667899166,0.11163332100834111,Normal,No Offer Needed,False,Regular Customer,True
1810-MVMAI,67.6,66.97788563044146,0.6221143695585312,High Drop,Loyalty Discount Offer,True,Outreach Customer,False
9506-UXUSK,70.15,70.34484374189721,-0.194843741897202,Normal,No Offer Needed,False,Regular Customer,False
1229-RCALF,115.0,114.77480197902322,0.22519802097677655,Normal,No Offer Needed,False,Regular Customer,True
3572-UOLYZ,84.8,84.25187694868879,0.5481230513112081,High Drop,Premium Entertainment Bundle,True,Outreach Customer,True
1429-UYJSV,19.7,19.97964841276207,-0.27964841276207153,Normal,No Offer Needed,False,Regular Customer,False
5577-OTWWW,19.75,20.3648464455759,-0.6148464455758997,Normal,No Offer Needed,False,Regular Customer,False
6100-QQHEB,92.55,92.50673531786354,0.04326468213645285,Normal,No Offer Needed,False,Regular Customer,True
6366-XIVKZ,63.15,62.62454381587927,0.5254561841207277,High Drop,Loyalty Discount Offer,True,Outreach Customer,False
3470-OBUET,74.0,73.71350241253562,0.2864975874643818,Normal,No Offer Needed,False,Regular Customer,True
2770-NSVDG,29.1,29.34731396195258,-0.24731396195257815,Normal,No Offer Needed,False,Regular Customer,False
9375-MHRRS,50.05,49.88262937263342,0.16737062736658004,Normal,No Offer Needed,False,Regular Customer,False
2634-HCZGT,60.05,60.06399513712293,-0.013995137122932988,Normal,No Offer Needed,False,Regular Customer,True
7503-QQRVF,74.3,74.35878170430816,-0.05878170430815999,Normal,No Offer Needed,False,Regular Customer,False
4860-YZGZM,20.0,20.744745211614642,-0.7447452116146422,Normal,No Offer Needed,False,Regular Customer,False
6599-GZWCM,74.65,74.17461044852793,0.47538955147207673,High Drop,Premium Entertainment Bundle,True,Outreach Customer,False
2691-NZETQ,85.35,85.40428546128632,-0.05428546128632661,Normal,No Offer Needed,False,Regular Customer,True
4404-HIBDJ,74.3,73.6767888333439,0.6232111666560911,High Drop,Personalized Retention Offer,True,Outreach Customer,False
5533-NHFRF,44.4,44.90081821892256,-0.5008182189225607,Normal,No Offer Needed,False,Regular Customer,False
7037-MTYVW,85.4,85.122031375295,0.2779686247050108,Normal,No Offer Needed,False,Regular Customer,True
4760-THGOT,94.1,93.9974683939456,0.1025316060543986,Normal,No Offer Needed,False,Regular Customer,True
7295-JOMMD,98.1,97.7076792674035,0.39232073259648814,Normal,No Offer Needed,False,Regular Customer,True
4016-BJKTZ,108.9,108.65380355853644,0.24619644146356734,Normal,No Offer Needed,False,Regular Customer,True
6584-VQMYT,56.2,55.79839964995535,0.401600350044653,Normal,No Offer Needed,False,Regular Customer,False
9838-BFCQT,26.1,25.691830165112425,0.40816983488757685,Normal,No Offer Needed,False,Regular Customer,True
2790-XUYMV,85.45,85.41470109450673,0.035298905493277744,Normal,No Offer Needed,False,Regular Customer,True
0581-MDMPW,88.95,88.60909086457666,0.34090913542334533,Normal,No Offer Needed,False,Regular Customer,True
5013-SBUIH,109.65,110.01543863785469,-0.36543863785468034,Normal,No Offer Needed,False,Regular Customer,True
1023-BQXZE,74.35,74.53117388399744,-0.18117388399744527,Normal,No Offer Needed,False,Regular Customer,True
9163-GHAYE,48.85,48.84122451098537,0.008775489014631432,Normal,No Offer Needed,False,Regular Customer,False
3904-UKFRE,80.1,80.15255657779045,-0.05255657779045464,Normal,No Offer Needed,False,Regular Customer,True
5353-WILCI,56.05,56.012659037979,0.03734096202099835,Normal,No Offer Needed,False,Regular Customer,False
0709-TVGUR,74.55,74.6514846903846,-0.10148469038460917,Normal,No Offer Needed,False,Regular Customer,False
0058-EVZWM,89.8,89.54537935421534,0.25462064578465515,Normal,No Offer Needed,False,Regular Customer,True
6023-YEBUP,100.95,100.8151377144493,0.13486228555069601,Normal,No Offer Needed,False,Regular Customer,True
7209-JCUDS,94.9,94.99811019239357,-0.09811019239356256,Normal,No Offer Needed,False,Regular Customer,True
7009-PCARS,19.1,19.0973156384757,0.0026843615243024033,Normal,No Offer Needed,False,Regular Customer,True
0519-DRGTI,20.35,20.290174611134194,0.05982538886580713,Normal,No Offer Needed,False,Regular Customer,False
1017-FBQMM,106.05,105.86025013351747,0.18974986648252923,Normal,No Offer Needed,False,Regular Customer,True
3001-CBHLQ,104.9,104.73962122089581,0.1603787791041924,Normal,No Offer Needed,False,Regular Customer,True
1985-MBRYP,19.65,20.003061152703232,-0.35306115270323346,Normal,No Offer Needed,False,Regular Customer,False
6158-DWPZT,24.1,24.760716229976442,-0.6607162299764404,Normal,No Offer Needed,False,Regular Customer,False
9372-TXXPS,59.85,59.59985299380616,0.250147006193842,Normal,No Offer Needed,False,Regular Customer,True
3259-QMXUN,86.1,85.99608140662201,0.10391859337798337,Normal,No Offer Needed,False,Regular Customer,True
1015-JPFYW,19.45,19.7631363218131,-0.3131363218131007,Normal,No Offer Needed,False,Regular Customer,False
6645-MXQJT,97.1,97.01798164924632,0.08201835075367114,Normal,No Offer Needed,False,Regular Customer,True
4360-QRAVE,36.65,36.71144091328087,-0.06144091328086887,Normal,No Offer Needed,False,Regular Customer,False
8433-WPJTV,103.9,103.48555928729544,0.41444071270456107,Normal,No Offer Needed,False,Regular Customer,True
5804-JMYIO,19.75,19.718172497572834,0.031827502427166365,Normal,No Offer Needed,False,Regular Customer,False
3763-GCZHZ,104.05,104.16951360589647,-0.11951360589647209,Normal,No Offer Needed,False,Regular Customer,True
6484-LATFU,24.55,24.406899877508067,0.1431001224919335,Normal,No Offer Needed,False,Regular Customer,True
7599-NTMDP,48.7,48.54853166846965,0.15146833153035288,Normal,No Offer Needed,False,Regular Customer,True
0772-GYEQQ,88.35,87.83162170995806,0.5183782900419374,High Drop,Premium Entertainment Bundle,True,Outreach Customer,True
0536-ACXIP,109.55,109.71243191679753,-0.1624319167975301,Normal,No Offer Needed,False,Regular Customer,True
0936-NQLJU,20.65,21.133827165467235,-0.48382716546723614,Normal,No Offer Needed,False,Regular Customer,False
4831-EOBFE,94.65,94.90463694064513,-0.25463694064512765,Normal,No Offer Needed,False,Regular Customer,True
1575-KRZZE,55.2,55.25993216342299,-0.05993216342298524,Normal,No Offer Needed,False,Regular Customer,False
3251-YMVWZ,24.05,24.06942160720665,-0.019421607206648872,Normal,No Offer Needed,False,Regular Customer,True
4102-OQUPX,74.4,74.46561463440794,-0.06561463440793602,Normal,No Offer Needed,False,Regular Customer,False
9170-GYZJC,79.9,79.5541856392779,0.3458143607221018,Normal,No Offer Needed,False,Regular Customer,False
4884-LEVMQ,20.45,20.816453479142602,-0.36645347914260284,Normal,No Offer Needed,False,Regular Customer,False
8857-CUPFQ,19.25,19.146069560807593,0.10393043919240696,Normal,No Offer Needed,False,Regular Customer,True
7610-TVOPG,26.35,26.849170233530305,-0.4991702335303039,Normal,No Offer Needed,False,Regular Customer,False
3638-DIMPH,43.8,43.91227100500661,-0.1122710050066118,Normal,No Offer Needed,False,Regular Customer,False
1845-ZLLIG,50.15,49.87234383575686,0.2776561642431403,Normal,No Offer Needed,False,Regular Customer,False
8559-WNQZS,20.45,21.15093539391817,-0.7009353939181722,Normal,No Offer Needed,False,Regular Customer,False
3999-QGRJH,69.7,70.06334672910693,-0.36334672910692234,Normal,No Offer Needed,False,Regular Customer,False
1699-UOTXU,61.4,61.40058601400098,-0.0005860140009801285,Normal,No Offer Needed,False,Regular Customer,True
2454-RPBRZ,98.1,97.45989362127517,0.6401063787248233,High Drop,Premium Entertainment Bundle,True,Outreach Customer,True
0635-WKOLD,70.75,70.38239745490647,0.36760254509353274,Normal,No Offer Needed,False,Regular Customer,False
5993-JSUWV,61.15,60.87959685974229,0.27040314025770584,Normal,No Offer Needed,False,Regular Customer,True
4518-FZBSX,20.25,20.046066429335433,0.2039335706645673,Normal,No Offer Needed,False,Regular Customer,False
5387-ASZNZ,63.85,63.568151777743864,0.28184822225613715,Normal,No Offer Needed,False,Regular Customer,True
6988-CJEYV,98.7,98.7442354141514,-0.04423541415140164,Normal,No Offer Needed,False,Regular Customer,True
2002-MZHWP,20.5,21.03203858141053,-0.5320385814105286,Normal,No Offer Needed,False,Regular Customer,False
3097-FQTVJ,20.0,20.177029827607576,-0.17702982760757635,Normal,No Offer Needed,False,Regular Customer,False
5465-BUBFA,19.3,19.475790613268888,-0.17579061326888734,Normal,No Offer Needed,False,Regular Customer,False
7299-GNVPL,84.4,83.66099902937263,0.739000970627373,High Drop,Premium Entertainment Bundle,True,Outreach Customer,True
9743-DQKQW,25.1,25.90782619350538,-0.8078261935053774,Normal,No Offer Needed,False,Regular Customer,False
1215-VFYVK,48.25,48.338442753169765,-0.08844275316976535,Normal,No Offer Needed,False,Regular Customer,False
9371-BITHB,19.85,19.684999873644294,0.16500012635570727,Normal,No Offer Needed,False,Regular Customer,True
2265-CYWIV,99.6,99.53419039530498,0.06580960469501917,Normal,No Offer Needed,False,Regular Customer,True
9093-FPDLG,94.2,93.83694900259177,0.3630509974082372,Normal,No Offer Needed,False,Regular Customer,True
0541-FITGH,62.15,61.959556190617405,0.1904438093825931,Normal,No Offer Needed,False,Regular Customer,False
6985-HAYWX,79.3,78.78210119422519,0.5178988057748057,High Drop,Premium Entertainment Bundle,True,Outreach Customer,False
7508-KBIMB,56.25,56.12534398312099,0.12465601687900829,Normal,No Offer Needed,False,Regular Customer,False
6838-HVLXG,20.3,20.55190782797327,-0.2519078279732696,Normal,No Offer Needed,False,Regular Customer,False
2277-DJJDL,99.0,99.07840110975036,-0.07840110975035941,Normal,No Offer Needed,False,Regular Customer,True
1897-OKVMW,90.6,89.91619755866432,0.683802441335672,High Drop,Personalized Retention Offer,True,Outreach Customer,True
5485-ITNPC,85.9,85.73089752451165,0.16910247548835855,Normal,No Offer Needed,False,Regular Customer,True
0233-FTHAV,79.2,78.85278431500254,0.34721568499746525,Normal,No Offer Needed,False,Regular Customer,True
4644-PIZRT,70.35,69.76689338799174,0.5831066120082511,High Drop,Personalized Retention Offer,True,Outreach Customer,False
8922-NPKBJ,19.35,19.38398147321826,-0.033981473218258174,Normal,No Offer Needed,False,Regular Customer,False
2740-TVLFN,50.15,50.312482653397296,-0.16248265339729784,Normal,No Offer Needed,False,Regular Customer,False
7771-CFQRQ,63.8,63.59772436609216,0.20227563390783843,Normal,No Offer Needed,False,Regular Customer,False
9512-PHSMG,20.55,20.68336210249259,-0.1333621024925904,Normal,No Offer Needed,False,Regular Customer,False
6963-EZQEE,88.55,88.51741859139031,0.032581408609686946,Normal,No Offer Needed,False,Regular Customer,True
2452-KDRRH,101.4,101.55341319572959,-0.15341319572958412,Normal,No Offer Needed,False,Regular Customer,True
2004-OCQXK,81.95,82.27486685079997,-0.3248668507999639,Normal,No Offer Needed,False,Regular Customer,True
5027-QPKTE,69.35,69.57636156626508,-0.22636156626508352,Normal,No Offer Needed,False,Regular Customer,False
4146-SVFUD,44.6,44.57615854587297,0.023841454127030204,Normal,No Offer Needed,False,Regular Customer,False
1564-HJUVY,63.75,63.44510194478811,0.3048980552118934,Normal,No Offer Needed,False,Regular Customer,False
3617-XLSGQ,109.25,109.03629077866498,0.2137092213350229,Normal,No Offer Needed,False,Regular Customer,True
7517-LDMPS,84.6,84.58766279311415,0.01233720688584583,Normal,No Offer Needed,False,Regular Customer,True
7244-KXYZN,20.45,21.021962423730525,-0.5719624237305254,Normal,No Offer Needed,False,Regular Customer,False
5226-NOZFC,85.75,85.62255515840741,0.12744484159259173,Normal,No Offer Needed,False,Regular Customer,True
2672-HUYVI,91.1,91.28787801358764,-0.18787801358764966,Normal,No Offer Needed,False,Regular Customer,True
1400-WIVLL,107.95,108.03722219087514,-0.0872221908751385,Normal,No Offer Needed,False,Regular Customer,True
7508-MYBOG,86.1,86.0453807777057,0.05461922229429206,Normal,No Offer Needed,False,Regular Customer,True
8148-NLEGT,22.95,23.155262217030007,-0.20526221703000758,Normal,No Offer Needed,False,Regular Customer,False
0148-DCDOS,94.7,94.7685556775682,-0.0685556775681988,Normal,No Offer Needed,False,Regular Customer,True
8347-GDTMP,19.45,19.66788431868883,-0.2178843186888315,Normal,No Offer Needed,False,Regular Customer,True
9992-RRAMN,85.1,85.28443194221077,-0.18443194221077874,Normal,No Offer Needed,False,Regular Customer,True
6746-WAUWT,19.7,20.38916609106653,-0.6891660910665323,Normal,No Offer Needed,False,Regular Customer,False
0310-MVLET,99.15,99.06482901732201,0.08517098267799383,Normal,No Offer Needed,False,Regular Customer,True
0428-IKYCP,87.0,86.55223333006548,0.4477666699345235,High Drop,Premium Entertainment Bundle,True,Outreach Customer,True
4550-VBOFE,102.95,102.9133534245385,0.03664657546150352,Normal,No Offer Needed,False,Regular Customer,True
2187-PKZAY,79.95,80.09639999336746,-0.1463999933674529,Normal,No Offer Needed,False,Regular Customer,False
4003-OCTMP,64.0,64.0715327202928,-0.07153272029279378,Normal,No Offer Needed,False,Regular Customer,False
6652-YFFJO,64.9,65.06534040708266,-0.16534040708265252,Normal,No Offer Needed,False,Regular Customer,False
7225-IILWY,25.75,25.37105450644204,0.3789454935579606,Normal,No Offer Needed,False,Regular Customer,True
5248-RPYWW,90.15,89.77591386186216,0.37408613813784086,Normal,No Offer Needed,False,Regular Customer,True
7923-IYJWY,116.1,116.39505896356994,-0.295058963569943,Normal,No Offer Needed,False,Regular Customer,True
3170-GWYKC,104.95,104.89548383754533,0.054516162454675055,Normal,No Offer Needed,False,Regular Customer,True
5696-QURRL,45.05,45.16304187352438,-0.11304187352438078,Normal,No Offer Needed,False,Regular Customer,False
7409-KIUTL,71.0,71.16550066656096,-0.16550066656095908,Normal,No Offer Needed,False,Regular Customer,False
9830-ECLEN,50.0,49.36901622929645,0.6309837707035513,High Drop,Personalized Retention Offer,True,Outreach Customer,True
1732-VHUBQ,70.55,70.44412501005765,0.10587498994235034,Normal,No Offer Needed,False,Regular Customer,False
0495-RVCBF,79.7,80.04564167301936,-0.3456416730193581,Normal,No Offer Needed,False,Regular Customer,False
2668-TZSPS,20.45,20.90513231510057,-0.4551323151005704,Normal,No Offer Needed,False,Regular Customer,False
7854-EDSSA,59.0,59.08654930683808,-0.08654930683808004,Normal,No Offer Needed,False,Regular Customer,False
8869-TORSS,60.35,60.36774880094566,-0.017748800945661003,Normal,No Offer Needed,False,Regular Customer,False
7446-SFAOA,19.85,19.92589195657555,-0.07589195657554981,Normal,No Offer Needed,False,Regular Customer,False
9522-ZSINC,19.95,20.662023882054697,-0.712023882054698,Normal,No Offer Needed,False,Regular Customer,False
8234-GSZYK,26.45,26.785602993244108,-0.3356029932441089,Normal,No Offer Needed,False,Regular Customer,False
6505-OZNPG,63.4,63.33547878338408,0.06452121661591548,Normal,No Offer Needed,False,Regular Customer,False
6164-HAQTX,53.95,53.91039253257594,0.03960746742406229,Normal,No Offer Needed,False,Regular Customer,True
0679-IDSTG,69.25,69.30449044171408,-0.05449044171407991,Normal,No Offer Needed,False,Regular Customer,False
7765-LWVVH,95.1,95.0551172145718,0.04488278542820012,Normal,No Offer Needed,False,Regular Customer,True
1658-TJVOA,74.1,74.25292857132308,-0.15292857132308768,Normal,No Offer Needed,False,Regular Customer,False
0953-LGOVU,35.5,35.27933720469207,0.22066279530793054,Normal,No Offer Needed,False,Regular Customer,False
2115-BFTIW,70.95,70.92709098980103,0.022909010198972624,Normal,No Offer Needed,False,Regular Customer,False
4692-NNQRU,79.2,78.91666859054659,0.2833314094534103,Normal,No Offer Needed,False,Regular Customer,False
7742-MYPGI,48.8,48.31019455821503,0.48980544178496643,High Drop,Loyalty Discount Offer,True,Outreach Customer,False
0611-DFXKO,89.0,88.8545693195121,0.1454306804879053,Normal,No Offer Needed,False,Regular Customer,True
7780-OTDSO,99.4,99.49944659906869,-0.0994465990686848,Normal,No Offer Needed,False,Regular Customer,True
9619-GSATL,55.45,55.26647653206641,0.18352346793358976,Normal,No Offer Needed,False,Regular Customer,False
5622-UEJFI,25.4,25.692854854800515,-0.29285485480051676,Normal,No Offer Needed,False,Regular Customer,False
9747-DDZOS,73.5,73.40081384049807,0.09918615950192589,Normal,No Offer Needed,False,Regular Customer,False
0674-DGMAQ,93.5,93.14371691852328,0.35628308147671817,Normal,No Offer Needed,False,Regular Customer,True
6203-HBZPA,63.9,64.29620040417225,-0.3962004041722551,Normal,No Offer Needed,False,Regular Customer,True
0484-FFVBJ,64.85,64.91759976059531,-0.06759976059531425,Normal,No Offer Needed,False,Regular Customer,False
0301-FIDRB,63.8,63.64780676352655,0.15219323647344396,Normal,No Offer Needed,False,Regular Customer,True
4139-JPIAM,44.45,44.97157889880865,-0.5215788988086487,Normal,No Offer Needed,False,Regular Customer,True
2181-TIDSV,19.95,19.883423879128664,0.06657612087133558,Normal,No Offer Needed,False,Regular Customer,True
2761-XECQW,43.35,43.21647937870788,0.13352062129212072,Normal,No Offer Needed,False,Regular Customer,False
1936-CZAKF,49.65,50.10299318440154,-0.45299318440154224,Normal,No Offer Needed,False,Regular Customer,False
9453-PATOS,85.1,84.67169389773908,0.4283061022609189,High Drop,Personalized Retention Offer,True,Outreach Customer,True
0564-JJHGS,95.5,95.63543369076713,-0.13543369076712963,Normal,No Offer Needed,False,Regular Customer,True
3348-CFRNX,92.35,92.20359141868029,0.14640858131970447,Normal,No Offer Needed,False,Regular Customer,True
4402-FTBXC,89.8,89.42534400482506,0.3746559951749333,Normal,No Offer Needed,False,Regular Customer,True
1428-GTBJJ,74.55,74.69134797458429,-0.14134797458429205,Normal,No Offer Needed,False,Regular Customer,False
2931-XIQBR,103.05,102.44294528680055,0.6070547131994459,High Drop,Premium Entertainment Bundle,True,Outreach Customer,True
0106-UGRDO,116.0,116.08363619550106,-0.08363619550105739,Normal,No Offer Needed,False,Regular Customer,True
5542-TBBWB,69.9,70.09678572732979,-0.1967857273297824,Normal,No Offer Needed,False,Regular Customer,False
1930-QPBVZ,95.1,95.30830469990049,-0.20830469990049494,Normal,No Offer Needed,False,Regular Customer,True
2606-PKWJB,40.25,40.01441647774856,0.23558352225143864,Normal,No Offer Needed,False,Regular Customer,False
5322-ZSMZY,25.75,25.738640501689765,0.011359498310234528,Normal,No Offer Needed,False,Regular Customer,False
8059-UDZFY,105.35,104.70037429239608,0.6496257076039171,High Drop,Premium Entertainment Bundle,True,Outreach Customer,True
7740-BTPUX,113.6,113.53584413160984,0.0641558683901593,Normal,No Offer Needed,False,Regular Customer,True
5220-AGAAX,24.0,23.84289124262142,0.15710875737858032,Normal,No Offer Needed,False,Regular Customer,True
0208-BPQEJ,19.4,19.650272274536544,-0.2502722745365453,Normal,No Offer Needed,False,Regular Customer,False
9435-JMLSX,86.1,85.94872820394954,0.1512717960504517,Normal,No Offer Needed,False,Regular Customer,True
3352-ALMCK,102.65,102.00830238954924,0.6416976104507626,High Drop,Premium Entertainment Bundle,True,Outreach Customer,True
5312-IRCFR,92.85,92.47898331063769,0.3710166893623068,Normal,No Offer Needed,False,Regular Customer,True
5294-IMHHT,97.75,97.48924698115103,0.2607530188489733,Normal,No Offer Needed,False,Regular Customer,True
8802-UNOJF,83.8,83.22794048056893,0.5720595194310647,High Drop,Premium Entertainment Bundle,True,Outreach Customer,True
6313-GIDIT,54.45,54.67649048128901,-0.22649048128900517,Normal,No Offer Needed,False,Regular Customer,True
6176-YJWAS,97.95,97.95843087940287,-0.008430879402865799,Normal,No Offer Needed,False,Regular Customer,True
5310-NOOVA,19.95,20.54411707109879,-0.5941170710987898,Normal,No Offer Needed,False,Regular Customer,False
4526-EXKKN,24.6,24.718110814690732,-0.11811081469073059,Normal,No Offer Needed,False,Regular Customer,False
5311-IHLEI,50.95,51.077875165189226,-0.1278751651892236,Normal,No Offer Needed,False,Regular Customer,False
3987-KQDDU,75.6,75.83836466790152,-0.23836466790152144,Normal,No Offer Needed,False,Regular Customer,False
3404-JNXAX,80.75,80.43121702376334,0.31878297623666185,Normal,No Offer Needed,False,Regular Customer,True
5131-PONJI,90.4,89.98176741057746,0.41823258942254427,Normal,No Offer Needed,False,Regular Customer,True
2845-AFFTX,99.8,99.81152369843353,-0.011523698433535401,Normal,No Offer Needed,False,Regular Customer,True
3489-VSFRD,60.25,60.06680605253717,0.1831939474628328,Normal,No Offer Needed,False,Regular Customer,True
3345-JHUEO,20.2,20.98607060025386,-0.7860706002538613,Normal,No Offer Needed,False,Regular Customer,False
5815-HGGHV,64.15,63.94927234454348,0.20072765545652516,Normal,No Offer Needed,False,Regular Customer,False
5260-UMPWX,20.25,20.515490241749696,-0.2654902417496956,Normal,No Offer Needed,False,Regular Customer,False
2249-YPRNG,105.85,105.16268405596794,0.6873159440320507,High Drop,Premium Entertainment Bundle,True,Outreach Customer,True
7410-YTJIK,75.45,75.1712770981807,0.27872290181930737,Normal,No Offer Needed,False,Regular Customer,False
4626-GYCZP,93.85,93.99030043278292,-0.14030043278292226,Normal,No Offer Needed,False,Regular Customer,True
5649-RXQTV,99.0,98.94035891072576,0.05964108927423695,Normal,No Offer Needed,False,Regular Customer,True
2674-MIAHT,80.3,79.6234086887129,0.6765913112870976,High Drop,Premium Entertainment Bundle,True,Outreach Customer,True
2576-HXMPA,19.55,20.355017045083724,-0.8050170450837228,Normal,No Offer Needed,False,Regular Customer,False
7587-AOVVU,100.75,100.26763625946367,0.4823637405363286,High Drop,Premium Entertainment Bundle,True,Outreach Customer,True
5590-BYNII,100.75,100.97783698384357,-0.22783698384357365,Normal,No Offer Needed,False,Regular Customer,True
6898-MDLZW,53.75,53.3302288846845,0.4197711153154984,High Drop,Loyalty Discount Offer,True,Outreach Customer,False
3237-AJGEH,31.0,31.12567449202842,-0.12567449202841985,Normal,No Offer Needed,False,Regular Customer,False
4707-YNOQA,25.6,25.672534106882875,-0.07253410688287332,Normal,No Offer Needed,False,Regular Customer,False
9357-UJRUN,58.35,58.254829068929546,0.09517093107045582,Normal,No Offer Needed,False,Regular Customer,False
1591-NFNLQ,80.0,80.11505449688124,-0.11505449688124259,Normal,No Offer Needed,False,Regular Customer,True
8648-PFRMP,46.35,46.923030942238555,-0.5730309422385531,Normal,No Offer Needed,False,Regular Customer,False
7663-CUXZB,113.75,113.7670764008361,-0.01707640083610329,Normal,No Offer Needed,False,Regular Customer,True
0258-NOKBL,90.4,90.2121463714192,0.187853628580811,Normal,No Offer Needed,False,Regular Customer,True
1163-VIPRI,109.3,109.42667579858484,-0.12667579858484146,Normal,No Offer Needed,False,Regular Customer,True
2815-CPTUL,70.25,70.21727407769332,0.03272592230668181,Normal,No Offer Needed,False,Regular Customer,False
9348-ROUAI,90.3,90.00948848478225,0.29051151521774443,Normal,No Offer Needed,False,Regular Customer,True
9443-JUBUO,65.25,65.32008670427076,-0.07008670427076424,Normal,No Offer Needed,False,Regular Customer,True
0596-BQCEQ,100.15,100.02381909099178,0.12618090900822665,Normal,No Offer Needed,False,Regular Customer,True
1481-ZUWZA,94.5,94.72599970001487,-0.22599970001486724,Normal,No Offer Needed,False,Regular Customer,True
3043-TYBNO,60.65,60.5708528144892,0.07914718551079858,Normal,No Offer Needed,False,Regular Customer,False
4830-FAXFM,24.1,24.506936601824204,-0.4069366018242029,Normal,No Offer Needed,False,Regular Customer,False
5906-BFOZT,19.5,19.94298142651362,-0.4429814265136187,Normal,No Offer Needed,False,Regular Customer,False
2960-NKRSO,85.95,85.62503899496903,0.32496100503097125,Normal,No Offer Needed,False,Regular Customer,True
8996-ZROXE,53.5,53.29323947734666,0.20676052265334022,Normal,No Offer Needed,False,Regular Customer,True
5598-IKHQQ,25.45,25.623400348955844,-0.17340034895584466,Normal,No Offer Needed,False,Regular Customer,True
0397-ZXWQF,20.5,20.722387505731486,-0.22238750573148636,Normal,No Offer Needed,False,Regular Customer,True
5266-PFRQK,20.85,20.938861994181924,-0.0888619941819222,Normal,No Offer Needed,False,Regular Customer,True
4674-HGNUA,89.9,89.78399406893838,0.11600593106162194,Normal,No Offer Needed,False,Regular Customer,True
6765-MBQNU,26.0,25.839656054057563,0.1603439459424365,Normal,No Offer Needed,False,Regular Customer,False
9786-IJYDL,113.2,112.65791873976018,0.5420812602398257,High Drop,Premium Entertainment Bundle,True,Outreach Customer,True
1303-SRDOK,69.05,69.20297742616606,-0.15297742616606058,Normal,No Offer Needed,False,Regular Customer,True
3769-MHZNV,20.1,20.137996657198116,-0.03799665719811429,Normal,No Offer Needed,False,Regular Customer,False
6295-OSINB,109.65,109.83523095941933,-0.18523095941932866,Normal,No Offer Needed,False,Regular Customer,True
3308-MHOOC,19.2,19.542269178409533,-0.3422691784095342,Normal,No Offer Needed,False,Regular Customer,False
2309-OSFEU,33.9,34.479371987273346,-0.5793719872733476,Normal,No Offer Needed,False,Regular Customer,False
2207-QPJED,90.0,89.64995301798041,0.3500469820195917,Normal,No Offer Needed,False,Regular Customer,True
4177-JPDFU,34.0,34.02633706214998,-0.02633706214997744,Normal,No Offer Needed,False,Regular Customer,False
2239-CFOUJ,20.4,20.643982417951193,-0.24398241795119446,Normal,No Offer Needed,False,Regular Customer,False
8046-DNVTL,38.6,38.8185097829462,-0.2185097829461995,Normal,No Offer Needed,False,Regular Customer,True
2209-XADXF,25.25,25.833781936293864,-0.5837819362938639,Normal,No Offer Needed,False,Regular Customer,False
6620-JDYNW,60.6,60.03390822546419,0.5660917745358134,High Drop,Loyalty Discount Offer,True,Outreach Customer,False
1891-FZYSA,89.95,89.88880177146076,0.06119822853924006,Normal,No Offer Needed,False,Regular Customer,True
4770-UEZOX,74.75,74.72001347111346,0.029986528886539077,Normal,No Offer Needed,False,Regular Customer,False
1038-RQOST,20.6,20.63180644769066,-0.03180644769065921,Normal,No Offer Needed,False,Regular Customer,False
7613-LLQFO,84.45,84.53115425623122,-0.08115425623121553,Normal,No Offer Needed,False,Regular Customer,True
4568-TTZRT,20.4,20.767613924743667,-0.3676139247436687,Normal,No Offer Needed,False,Regular Customer,False
9513-DXHDA,81.7,81.70491119651746,-0.004911196517454641,Normal,No Offer Needed,False,Regular Customer,True
2640-PMGFL,79.5,79.52048229720707,-0.02048229720706729,Normal,No Offer Needed,False,Regular Customer,False
3801-HMYNL,89.15,88.84159332344186,0.3084066765581497,Normal,No Offer Needed,False,Regular Customer,True
0516-QREYC,20.3,20.39783820058702,-0.0978382005870202,Normal,No Offer Needed,False,Regular Customer,False
9685-WKZGT,74.95,75.14416837373336,-0.19416837373336193,Normal,No Offer Needed,False,Regular Customer,False
6022-UGGSO,74.4,74.45192188490688,-0.05192188490687499,Normal,No Offer Needed,False,Regular Customer,False
8084-OIVBS,20.0,20.2816649970865,-0.2816649970865015,Normal,No Offer Needed,False,Regular Customer,False
8896-BQTTI,25.0,25.262798912535533,-0.26279891253553345,Normal,No Offer Needed,False,Regular Customer,False
3865-QBWSJ,80.45,80.09620797844516,0.35379202155483824,Normal,No Offer Needed,False,Regular Customer,True
3352-RICWQ,19.75,20.060476865005366,-0.3104768650053664,Normal,No Offer Needed,False,Regular Customer,False
2160-GPFXD,65.65,65.48074977259549,0.16925022740451823,Normal,No Offer Needed,False,Regular Customer,True
2065-MMKGR,71.0,71.05147538212205,-0.051475382122049496,Normal,No Offer Needed,False,Regular Customer,False
5857-TYBCJ,89.2,88.89500038594015,0.3049996140598523,Normal,No Offer Needed,False,Regular Customer,True
1498-NHTLT,86.75,86.6460983545476,0.103901645452396,Normal,No Offer Needed,False,Regular Customer,True
4484-CGXFK,55.3,55.78314645183246,-0.48314645183246085,Normal,No Offer Needed,False,Regular Customer,False
1402-PTHGN,61.5,60.78327783145822,0.7167221685417786,High Drop,Personalized Retention Offer,True,Outreach Customer,False
4176-RELJR,25.1,25.40131567487801,-0.30131567487800837,Normal,No Offer Needed,False,Regular Customer,True
6214-EDAKZ,55.15,54.9385320005704,0.21146799942960115,Normal,No Offer Needed,False,Regular Customer,False
5199-FPUSP,34.05,34.491803657895844,-0.4418036578958464,Normal,No Offer Needed,False,Regular Customer,False
6377-KSLXC,19.95,20.367126071510338,-0.41712607151033865,Normal,No Offer Needed,False,Regular Customer,False
1796-JANOW,19.95,20.313736696635353,-0.36373669663535324,Normal,No Offer Needed,False,Regular Customer,False
0238-WHBIQ,89.7,89.54540129969111,0.15459870030889533,Normal,No Offer Needed,False,Regular Customer,True
8735-NBLWT,20.4,20.664623021954384,-0.26462302195438525,Normal,No Offer Needed,False,Regular Customer,False
6651-RLGGM,26.3,25.931753428000235,0.36824657199976585,Normal,No Offer Needed,False,Regular Customer,True
6127-ISGTU,84.95,84.8215206361275,0.12847936387250058,Normal,No Offer Needed,False,Regular Customer,True
1614-JBEBI,20.7,20.965129871552563,-0.2651298715525634,Normal,No Offer Needed,False,Regular Customer,False
8740-XLHDR,43.25,43.25595752453601,-0.005957524536007952,Normal,No Offer Needed,False,Regular Customer,False
1208-DNHLN,48.35,48.39860317936445,-0.04860317936444858,Normal,No Offer Needed,False,Regular Customer,False
1761-AEZZR,79.55,79.7658775844391,-0.21587758443909877,Normal,No Offer Needed,False,Regular Customer,False
3923-CSIHK,71.05,71.16200219584412,-0.11200219584412707,Normal,No Offer Needed,False,Regular Customer,False
5696-EXCYS,19.45,20.41610115130288,-0.9661011513028797,Normal,No Offer Needed,False,Regular Customer,False
5795-KTGUD,110.8,110.72422885033248,0.07577114966751708,Normal,No Offer Needed,False,Regular Customer,True
7120-RFMVS,84.5,84.56169584052755,-0.061695840527548285,Normal,No Offer Needed,False,Regular Customer,True
7924-GJZFI,69.3,69.30068342009415,-0.0006834200941483459,Normal,No Offer Needed,False,Regular Customer,False
4702-HDRKD,49.35,49.22785280270743,0.12214719729256984,Normal,No Offer Needed,False,Regular Customer,True
8512-WIWYV,20.35,20.92352524037662,-0.5735252403766182,Normal,No Offer Needed,False,Regular Customer,False
5897-ZYEKH,105.6,105.63360253243738,-0.03360253243738498,Normal,No Offer Needed,False,Regular Customer,True
5456-ITGIC,64.45,64.67077177632166,-0.220771776321655,Normal,No Offer Needed,False,Regular Customer,True
7317-GGVPB,108.6,108.832095121121,-0.23209512112100583,Normal,No Offer Needed,False,Regular Customer,True
1406-PUQVY,49.9,49.90906068934588,-0.00906068934587978,Normal,No Offer Needed,False,Regular Customer,False
1322-AGOQM,30.3,30.501575325677123,-0.20157532567712266,Normal,No Offer Needed,False,Regular Customer,False
3677-IYRBF,30.4,31.030224062704246,-0.6302240627042472,Normal,No Offer Needed,False,Regular Customer,False
5692-FPTAH,45.4,45.425217391252446,-0.02521739125244693,Normal,No Offer Needed,False,Regular Customer,False
9114-AAFQH,65.65,65.30995270022245,0.3400472997775523,Normal,No Offer Needed,False,Regular Customer,False
8715-KKTFG,103.3,102.99781532702553,0.3021846729744624,Normal,No Offer Needed,False,Regular Customer,True
1550-LOAHA,84.15,84.06956900467318,0.08043099532682163,Normal,No Offer Needed,False,Regular Customer,True
1728-BQDMA,44.45,44.72370509554187,-0.27370509554186384,Normal,No Offer Needed,False,Regular Customer,False
0268-QKIWO,19.75,20.65459225067668,-0.9045922506766786,Normal,No Offer Needed,False,Regular Customer,False
0876-WDUUZ,85.4,85.67522008674192,-0.27522008674191056,Normal,No Offer Needed,False,Regular Customer,True
5117-ZSMHQ,89.9,89.47967973568943,0.42032026431057545,High Drop,Personalized Retention Offer,True,Outreach Customer,True
5151-HQRDG,55.05,54.593739230033755,0.4562607699662422,High Drop,Loyalty Discount Offer,True,Outreach Customer,False
0960-HUWBM,104.1,103.97571784304989,0.12428215695010181,Normal,No Offer Needed,False,Regular Customer,True
6465-GSRCL,106.6,106.37602372721493,0.22397627278506604,Normal,No Offer Needed,False,Regular Customer,True
0617-FHSGK,75.2,75.37106703978444,-0.1710670397844325,Normal,No Offer Needed,False,Regular Customer,False
0263-FJTQO,70.5,70.4569409771561,0.043059022843905836,Normal,No Offer Needed,False,Regular Customer,False
7319-ZNRTR,19.6,19.955527910409096,-0.35552791040909426,Normal,No Offer Needed,False,Regular Customer,False
2858-MOFSQ,55.85,55.304280931746774,0.5457190682532271,High Drop,Online Security Add-on,True,Outreach Customer,False
7503-EPSZW,24.05,23.615698374985186,0.4343016250148146,High Drop,Personalized Retention Offer,True,Outreach Customer,True
7089-XXAYG,38.1,38.289936080896,-0.1899360808959969,Normal,No Offer Needed,False,Regular Customer,False
8118-LSUEL,106.4,106.19088261426545,0.20911738573455807,Normal,No Offer Needed,False,Regular Customer,True
8070-AAWZP,34.25,34.02813000515974,0.2218699948402616,Normal,No Offer Needed,False,Regular Customer,False
1666-JXLKU,100.05,99.90015885825099,0.14984114174900753,Normal,No Offer Needed,False,Regular Customer,True
7855-DIWPO,68.65,68.77189907173266,-0.12189907173265624,Normal,No Offer Needed,False,Regular Customer,False
5133-POWUA,45.8,45.744156160498605,0.05584383950139227,Normal,No Offer Needed,False,Regular Customer,False
5652-MSDEY,75.75,75.30298647415219,0.44701352584780807,High Drop,Premium Entertainment Bundle,True,Outreach Customer,False
7005-CCBKV,84.4,84.62947135270194,-0.22947135270193542,Normal,No Offer Needed,False,Regular Customer,True
1810-BOHSY,96.4,96.46688692312416,-0.06688692312415867,Normal,No Offer Needed,False,Regular Customer,True
1784-BXEFA,20.55,20.796559899207242,-0.24655989920724153,Normal,No Offer Needed,False,Regular Customer,False
7351-MHQVU,50.95,51.45337289729081,-0.5033728972908094,Normal,No Offer Needed,False,Regular Customer,False
9224-VTYID,90.5,89.84172348577474,0.658276514225264,High Drop,Personalized Retention Offer,True,Outreach Customer,True
9500-IWPXQ,79.4,78.86986319005973,0.5301368099402737,High Drop,Personalized Retention Offer,True,Outreach Customer,True
5762-TJXGK,58.75,58.89832404214827,-0.14832404214826767,Normal,No Offer Needed,False,Regular Customer,True
4504-YOULA,59.45,59.06190796335841,0.388092036641595,Normal,No Offer Needed,False,Regular Customer,False
5569-IDSEY,105.7,105.39634129777376,0.3036587022262438,Normal,No Offer Needed,False,Regular Customer,True
4250-FDVOU,56.25,56.467343183944955,-0.2173431839449549,Normal,No Offer Needed,False,Regular Customer,False
7284-ZZLOH,53.3,53.412795104561035,-0.11279510456103736,Normal,No Offer Needed,False,Regular Customer,False
5277-ZLOOR,85.55,85.50793184630132,0.04206815369867911,Normal,No Offer Needed,False,Regular Customer,True
2141-RRYGO,68.65,68.61321829237355,0.03678170762646005,Normal,No Offer Needed,False,Regular Customer,False
1777-JYQPJ,24.3,24.733967070569477,-0.4339670705694765,Normal,No Offer Needed,False,Regular Customer,False
6376-GAHQE,77.85,78.10385920665529,-0.25385920665529227,Normal,No Offer Needed,False,Regular Customer,False
3401-URHDA,59.9,59.925704218704794,-0.025704218704795778,Normal,No Offer Needed,False,Regular Customer,True
1599-EAHXY,23.95,23.871522687853037,0.07847731214696196,Normal,No Offer Needed,False,Regular Customer,True
8631-XVRZL,20.15,20.514225759638578,-0.36422575963857895,Normal,No Offer Needed,False,Regular Customer,False
5052-PNLOS,105.35,104.83349654671757,0.5165034532824251,High Drop,Premium Entertainment Bundle,True,Outreach Customer,True
3853-LYGAM,95.65,95.29798934527876,0.3520106547212407,Normal,No Offer Needed,False,Regular Customer,True
6979-ZNSFF,87.05,87.01968784988016,0.030312150119840453,Normal,No Offer Needed,False,Regular Customer,True
5751-USDBL,81.0,80.67791804993303,0.3220819500669734,Normal,No Offer Needed,False,Regular Customer,True
5680-LQOGP,82.45,82.5316818152155,-0.08168181521550366,Normal,No Offer Needed,False,Regular Customer,True
2386-LAHRK,53.5,53.48125286353139,0.018747136468611814,Normal,No Offer Needed,False,Regular Customer,False
8189-DUKMV,20.5,20.959428802977975,-0.4594288029779747,Normal,No Offer Needed,False,Regular Customer,False
6032-IGALN,25.1,25.595310471585055,-0.4953104715850536,Normal,No Offer Needed,False,Regular Customer,False
9931-DCEZH,54.4,54.256306718512775,0.1436932814872236,Normal,No Offer Needed,False,Regular Customer,False
1898-JSNDC,58.6,58.43216857389907,0.16783142610093194,Normal,No Offer Needed,False,Regular Customer,False
0315-LVCRK,84.8,84.85674581454379,-0.05674581454378824,Normal,No Offer Needed,False,Regular Customer,True
3911-RSNHI,61.4,61.43408464510907,-0.03408464510906839,Normal,No Offer Needed,False,Regular Customer,True
2410-CIYFZ,20.4,20.741610908845452,-0.3416109088454533,Normal,No Offer Needed,False,Regular Customer,False
4248-HCETZ,79.65,79.06728852159712,0.5827114784028851,High Drop,Premium Entertainment Bundle,True,Outreach Customer,False
5505-OVWQW,20.15,20.368674140012022,-0.21867414001202334,Normal,No Offer Needed,False,Regular Customer,False
7271-AJDTL,94.45,93.91472121853285,0.5352787814671558,High Drop,Premium Entertainment Bundle,True,Outreach Customer,True
1867-TJHTS,79.8,79.6824195251818,0.11758047481819744,Normal,No Offer Needed,False,Regular Customer,True
0516-WJVXC,54.2,54.54881629949746,-0.3488162994974573,Normal,No Offer Needed,False,Regular Customer,False
9174-FKWZE,19.45,20.363687597021574,-0.9136875970215748,Normal,No Offer Needed,False,Regular Customer,False
6860-YRJZP,74.05,74.09070668255366,-0.04070668255366172,Normal,No Offer Needed,False,Regular Customer,False
4429-WYGFR,49.15,49.11859415814592,0.03140584185408102,Normal,No Offer Needed,False,Regular Customer,False
2817-LVCPP,19.4,19.916739835991418,-0.5167398359914195,Normal,No Offer Needed,False,Regular Customer,False
5038-ETMLM,113.65,113.55289720950407,0.0971027904959385,Normal,No Offer Needed,False,Regular Customer,True
5056-FIMPT,106.0,105.96489519504291,0.035104804957086344,Normal,No Offer Needed,False,Regular Customer,True
4521-WFJAI,25.95,26.141758120636865,-0.19175812063686593,Normal,No Offer Needed,False,Regular Customer,True
6569-KTMDU,19.1,19.483004365172174,-0.38300436517217307,Normal,No Offer Needed,False,Regular Customer,False
8809-RIHDD,103.4,103.52374541429104,-0.12374541429103658,Normal,No Offer Needed,False,Regular Customer,True
8809-XKHMD,100.55,100.73582909710905,-0.1858290971090497,Normal,No Offer Needed,False,Regular Customer,True
0396-YCHWO,95.4,95.3989946058748,0.0010053941252010645,Normal,No Offer Needed,False,Regular Customer,True
0867-LDTTC,75.15,74.91817457561423,0.23182542438577514,Normal,No Offer Needed,False,Regular Customer,False
4822-NGOCH,84.45,84.09914500565172,0.35085499434828193,Normal,No Offer Needed,False,Regular Customer,True
9391-DXGGG,89.15,89.11921720291157,0.030782797088434677,Normal,No Offer Needed,False,Regular Customer,True
9844-FELAJ,107.9,107.49798571292725,0.40201428707275966,Normal,No Offer Needed,False,Regular Customer,True
2122-SZZZD,19.5,19.92521117806343,-0.42521117806343156,Normal,No Offer Needed,False,Regular Customer,False
5307-DZCVC,85.95,85.87751781275291,0.07248218724708977,Normal,No Offer Needed,False,Regular Customer,True
3148-AOIQT,24.95,24.994317800593407,-0.04431780059340795,Normal,No Offer Needed,False,Regular Customer,True
8679-JOEVF,59.4,59.56483188335203,-0.16483188335202925,Normal,No Offer Needed,False,Regular Customer,False
8395-ETZKQ,19.5,19.213385367234444,0.28661463276555565,Normal,No Offer Needed,False,Regular Customer,True
6692-YQHXC,69.95,70.19756619400849,-0.24756619400848479,Normal,No Offer Needed,False,Regular Customer,False
3889-VWBID,82.85,82.8392597162287,0.010740283771298209,Normal,No Offer Needed,False,Regular Customer,True
5222-JCXZT,19.0,19.43539450265458,-0.43539450265458157,Normal,No Offer Needed,False,Regular Customer,False
9754-CLVZW,38.85,38.9221921291548,-0.0721921291548,Normal,No Offer Needed,False,Regular Customer,False
1432-FPAXX,30.6,30.998562762227884,-0.39856276222788267,Normal,No Offer Needed,False,Regular Customer,False
2739-CCZMB,20.35,21.0892263329709,-0.7392263329708975,Normal,No Offer Needed,False,Regular Customer,False
7080-TNUWP,95.0,94.46506864907263,0.5349313509273657,High Drop,Premium Entertainment Bundle,True,Outreach Customer,True
0496-AHOOK,74.4,74.33292296221819,0.0670770377818144,Normal,No Offer Needed,False,Regular Customer,False
8336-TAVKX,78.45,78.14369115430665,0.3063088456933514,Normal,No Offer Needed,False,Regular Customer,True
2468-SJFLM,74.3,74.00069177364695,0.2993082263530482,Normal,No Offer Needed,False,Regular Customer,False
3181-VTHOE,51.05,50.76925605121058,0.28074394878941433,Normal,No Offer Needed,False,Regular Customer,True
7168-HDQHG,19.2,19.192622022487456,0.007377977512543765,Normal,No Offer Needed,False,Regular Customer,False
4803-AXVYP,99.55,99.67667225985006,-0.1266722598500678,Normal,No Offer Needed,False,Regular Customer,True
3884-HCSWG,70.0,70.25784694424644,-0.25784694424643817,Normal,No Offer Needed,False,Regular Customer,False
4567-AKPIA,109.1,108.32310950393195,0.7768904960680487,High Drop,Premium Entertainment Bundle,True,Outreach Customer,True
5077-DXTCG,45.3,45.71403148109351,-0.4140314810935095,Normal,No Offer Needed,False,Regular Customer,False
1142-WACZW,29.85,30.564751487761175,-0.7147514877611734,Normal,No Offer Needed,False,Regular Customer,False
7901-HXJVA,76.45,76.42660735464607,0.023392645353936814,Normal,No Offer Needed,False,Regular Customer,False
5649-ANRML,95.1,94.98093632316935,0.119063676830649,Normal,No Offer Needed,False,Regular Customer,True
4892-VLANZ,19.8,20.423094702694367,-0.6230947026943667,Normal,No Offer Needed,False,Regular Customer,False
5924-IFQTT,72.8,72.01511677744843,0.7848832225515707,High Drop,Loyalty Discount Offer,True,Outreach Customer,False
7968-QUXNS,18.95,19.36192790837321,-0.4119279083732117,Normal,No Offer Needed,False,Regular Customer,False
2919-HBCJO,76.65,76.53215291553315,0.11784708446685954,Normal,No Offer Needed,False,Regular Customer,False
4236-XPXAV,99.15,98.41145477126872,0.738545228731283,High Drop,Premium Entertainment Bundle,True,Outreach Customer,True
8903-WMRNW,101.75,101.55719851198502,0.19280148801497887,Normal,No Offer Needed,False,Regular Customer,True
2452-SNHFZ,75.45,75.6777686214972,-0.2277686214971908,Normal,No Offer Needed,False,Regular Customer,False
3629-WEAAM,64.1,63.688718239047446,0.41128176095254787,Normal,No Offer Needed,False,Regular Customer,False
6029-CSMJE,25.65,25.906503606443334,-0.25650360644333503,Normal,No Offer Needed,False,Regular Customer,False
7993-NQLJE,75.1,74.73737605048909,0.3626239495109047,Normal,No Offer Needed,False,Regular Customer,False
9909-DFRJA,95.85,95.67120093761739,0.178799062382609,Normal,No Offer Needed,False,Regular Customer,True
9099-FTUHS,54.4,54.44862750260341,-0.04862750260340931,Normal,No Offer Needed,False,Regular Customer,False
0581-BXBUB,72.75,72.68655341290392,0.06344658709608098,Normal,No Offer Needed,False,Regular Customer,False
4962-CHQPW,19.85,19.90768212282497,-0.05768212282496776,Normal,No Offer Needed,False,Regular Customer,False
9467-ROOLM,19.05,19.160564589726164,-0.11056458972616312,Normal,No Offer Needed,False,Regular Customer,False
3030-YZADT,44.95,45.044896930355904,-0.09489693035590108,Normal,No Offer Needed,False,Regular Customer,False
7410-KTVFV,49.55,49.207120644718806,0.34287935528119107,Normal,No Offer Needed,False,Regular Customer,False
5150-ITWWB,94.85,94.82105422420113,0.02894577579886004,Normal,No Offer Needed,False,Regular Customer,True
2253-KPMNB,46.25,45.88837399604003,0.36162600395996947,Normal,No Offer Needed,False,Regular Customer,True
1345-ZUKID,19.35,19.700583354155423,-0.35058335415542174,Normal,No Offer Needed,False,Regular Customer,False
6429-SHBCB,69.6,69.33163623176902,0.2683637682309694,Normal,No Offer Needed,False,Regular Customer,False
9281-OFDMF,90.7,90.70965018562099,-0.009650185620984075,Normal,No Offer Needed,False,Regular Customer,True
2603-HVKCG,101.4,101.21913197501992,0.1808680249800858,Normal,No Offer Needed,False,Regular Customer,True
1834-WULEG,20.25,20.232913407985354,0.01708659201464613,Normal,No Offer Needed,False,Regular Customer,False
9097-ZUBYC,48.8,48.706037358485936,0.09396264151406086,Normal,No Offer Needed,False,Regular Customer,False
5148-ORICT,74.35,73.88037250683799,0.46962749316200814,High Drop,Personalized Retention Offer,True,Outreach Customer,True
4893-GYUJU,19.35,19.195291304418436,0.15470869558156508,Normal,No Offer Needed,False,Regular Customer,False
4578-PHJYZ,68.75,68.10015676098787,0.649843239012128,High Drop,Online Security Add-on,True,Outreach Customer,True
7272-QDCKA,100.2,100.09373953195943,0.1062604680405741,Normal,No Offer Needed,False,Regular Customer,True
8908-SLFCJ,20.85,21.65027271761139,-0.8002727176113886,Normal,No Offer Needed,False,Regular Customer,False
8393-DLHGA,95.9,95.97699518013889,-0.07699518013887996,Normal,No Offer Needed,False,Regular Customer,True
9766-HGEDE,19.35,19.439097934060772,-0.08909793406077071,Normal,No Offer Needed,False,Regular Customer,False
6968-MHOMU,45.0,45.35281264600798,-0.35281264600798323,Normal,No Offer Needed,False,Regular Customer,True
7395-IGJOS,81.5,81.67697378047878,-0.1769737804787752,Normal,No Offer Needed,False,Regular Customer,True
5044-XDPYX,25.5,25.316034918141366,0.18396508185863425,Normal,No Offer Needed,False,Regular Customer,True
1814-WFGVS,48.9,48.53563928297995,0.36436071702004824,Normal,No Offer Needed,False,Regular Customer,True
2834-SPCJV,84.1,84.36851003919743,-0.2685100391974373,Normal,No Offer Needed,False,Regular Customer,True
3721-WKIIL,19.6,19.920964671709818,-0.3209646717098167,Normal,No Offer Needed,False,Regular Customer,False
6734-CKRSM,20.0,20.35339368181395,-0.3533936818139516,Normal,No Offer Needed,False,Regular Customer,False
1265-ZFOSD,81.3,80.71430241773491,0.5856975822650838,High Drop,Personalized Retention Offer,True,Outreach Customer,True
6568-POCUI,95.2,95.49780101927757,-0.2978010192775713,Normal,No Offer Needed,False,Regular Customer,True
7890-VYYWG,36.45,36.73077039425553,-0.2807703942555264,Normal,No Offer Needed,False,Regular Customer,False
5197-LQXXH,83.3,83.05354360627385,0.2464563937261488,Normal,No Offer Needed,False,Regular Customer,True
9907-SWKKF,25.05,25.571680428848655,-0.5216804288486543,Normal,No Offer Needed,False,Regular Customer,False
3457-PQBYH,20.3,20.484351948388145,-0.1843519483881444,Normal,No Offer Needed,False,Regular Customer,True
7682-AZNDK,89.85,89.32861026421523,0.5213897357847657,High Drop,Premium Entertainment Bundle,True,Outreach Customer,True
0587-DMGBH,49.85,50.252883146315256,-0.40288314631525424,Normal,No Offer Needed,False,Regular Customer,False
5384-ZTTWP,19.8,19.785666339880034,0.014333660119966396,Normal,No Offer Needed,False,Regular Customer,False
3745-HRPHI,54.65,54.66788732769798,-0.01788732769798429,Normal,No Offer Needed,False,Regular Customer,True
7636-OWBPG,29.35,29.88498875953979,-0.5349887595397895,Normal,No Offer Needed,False,Regular Customer,False
1231-YNDEK,19.15,19.41750829365853,-0.2675082936585298,Normal,No Offer Needed,False,Regular Customer,True
1407-DIGZV,19.1,19.47457033163261,-0.3745703316326079,Normal,No Offer Needed,False,Regular Customer,False
6397-JNZZG,55.55,55.657162305692005,-0.10716230569200746,Normal,No Offer Needed,False,Regular Customer,False
0570-BFQHT,80.55,80.19912689603281,0.3508731039671886,Normal,No Offer Needed,False,Regular Customer,True
4393-OBCRR,20.25,20.621694545648445,-0.3716945456484453,Normal,No Offer Needed,False,Regular Customer,False
3523-QRQLL,69.5,69.23228125999943,0.26771874000057494,Normal,No Offer Needed,False,Regular Customer,False
8564-LDKFL,106.0,105.46448085191693,0.5355191480830683,High Drop,Premium Entertainment Bundle,True,Outreach Customer,True
3696-DFHHB,25.5,25.52934606467114,-0.029346064671141647,Normal,No Offer Needed,False,Regular Customer,True
0895-DQHEW,104.3,104.10102981119626,0.19897018880374162,Normal,No Offer Needed,False,Regular Customer,True
4717-GHADL,79.6,79.2154467383181,0.3845532616819014,Normal,No Offer Needed,False,Regular Customer,False
5501-TVMGM,55.25,55.65676658058323,-0.40676658058323056,Normal,No Offer Needed,False,Regular Customer,False
5879-HMFFH,88.05,87.7733768045349,0.27662319546509195,Normal,No Offer Needed,False,Regular Customer,True
6772-WFQRD,20.4,20.562404586406455,-0.16240458640645627,Normal,No Offer Needed,False,Regular Customer,False
3810-DVDQQ,117.6,117.38904776133673,0.21095223866326762,Normal,No Offer Needed,False,Regular Customer,True
6972-SNKKW,20.0,20.317212911894238,-0.31721291189423795,Normal,No Offer Needed,False,Regular Customer,False
3694-GLTJM,19.65,20.387408182764194,-0.7374081827641952,Normal,No Offer Needed,False,Regular Customer,False
8550-XSXUQ,70.55,70.22674058854699,0.32325941145300874,Normal,No Offer Needed,False,Regular Customer,False
8149-RSOUN,93.85,93.88182349818432,-0.031823498184323284,Normal,No Offer Needed,False,Regular Customer,True
9055-MOJJJ,65.8,65.12402424561444,0.6759757543855613,High Drop,Personalized Retention Offer,True,Outreach Customer,True
4359-INNWN,20.05,20.692421986665614,-0.6424219866656138,Normal,No Offer Needed,False,Regular Customer,False
0585-EGDDA,80.0,79.65351727611787,0.34648272388213286,Normal,No Offer Needed,False,Regular Customer,False
4032-RMHCI,35.4,35.42213573258395,-0.022135732583954848,Normal,No Offer Needed,False,Regular Customer,False
0549-CYCQN,79.6,79.3299060031318,0.2700939968681979,Normal,No Offer Needed,False,Regular Customer,True
3481-JHUZH,80.25,80.01820554146276,0.23179445853723735,Normal,No Offer Needed,False,Regular Customer,True
7250-EQKIY,50.45,50.01483473178181,0.4351652682181921,High Drop,Loyalty Discount Offer,True,Outreach Customer,False
3594-IVHJZ,20.45,20.789009338032944,-0.33900933803294464,Normal,No Offer Needed,False,Regular Customer,False
6869-FGJJC,79.6,79.52386204250747,0.07613795749252006,Normal,No Offer Needed,False,Regular Customer,True
3896-ZVNET,24.7,24.681843949745254,0.018156050254745537,Normal,No Offer Needed,False,Regular Customer,False
8205-VSLRB,77.3,77.45238074783997,-0.15238074783997035,Normal,No Offer Needed,False,Regular Customer,True
5960-MVTUK,29.75,30.429041074797063,-0.6790410747970625,Normal,No Offer Needed,False,Regular Customer,False
6817-WTYHE,44.9,45.103106899657085,-0.20310689965708661,Normal,No Offer Needed,False,Regular Customer,False
3082-VQXNH,29.8,30.29600550889866,-0.4960055088986586,Normal,No Offer Needed,False,Regular Customer,False
4013-UBXWQ,74.65,74.70779116653613,-0.05779116653611993,Normal,No Offer Needed,False,Regular Customer,False
4931-TRZWN,71.95,72.13307911413156,-0.18307911413155864,Normal,No Offer Needed,False,Regular Customer,False
0750-EKNGL,20.75,21.136227766335853,-0.3862277663358533,Normal,No Offer Needed,False,Regular Customer,False
7669-LCRSD,56.3,55.81667288162342,0.4833271183765788,High Drop,Loyalty Discount Offer,True,Outreach Customer,False
3567-PQTSO,105.25,104.87464885580862,0.3753511441913844,Normal,No Offer Needed,False,Regular Customer,True
5519-NPHVG,94.2,94.26355515262527,-0.06355515262526978,Normal,No Offer Needed,False,Regular Customer,True
8043-PNYSD,19.55,19.34145153851254,0.2085484614874602,Normal,No Offer Needed,False,Regular Customer,True
9938-EKRGF,84.45,83.74191630709676,0.7080836929032444,High Drop,Loyalty Discount Offer,True,Outreach Customer,True
2703-AMTUL,53.65,53.086978696468705,0.5630213035312934,High Drop,Personalized Retention Offer,True,Outreach Customer,False
0928-JMXNP,29.9,30.308255923140642,-0.4082559231406435,Normal,No Offer Needed,False,Regular Customer,False
8173-RXAYP,19.7,19.833014650500825,-0.13301465050082584,Normal,No Offer Needed,False,Regular Customer,False
4825-XJGDM,43.7,43.59332543685856,0.1066745631414463,Normal,No Offer Needed,False,Regular Customer,True
5402-HTOTQ,55.3,55.19977494693369,0.10022505306631047,Normal,No Offer Needed,False,Regular Customer,False
6734-JDTTV,19.85,20.017830245754084,-0.16783024575408234,Normal,No Offer Needed,False,Regular Customer,True
7850-THJMU,19.65,20.188086861391827,-0.5380868613918288,Normal,No Offer Needed,False,Regular Customer,False
3890-RTCMS,49.45,49.223386578048896,0.22661342195110734,Normal,No Offer Needed,False,Regular Customer,False
8849-GYOKR,106.55,106.50638493065408,0.0436150693459183,Normal,No Offer Needed,False,Regular Customer,True
3148-BLQJT,20.1,20.72032472639845,-0.6203247263984473,Normal,No Offer Needed,False,Regular Customer,False
3717-FDJFU,20.45,21.004691447008522,-0.5546914470085227,Normal,No Offer Needed,False,Regular Customer,False
3665-JATSN,39.7,40.134429549516895,-0.43442954951689217,Normal,No Offer Needed,False,Regular Customer,False
7966-YOTQW,54.5,54.70313972830451,-0.20313972830450666,Normal,No Offer Needed,False,Regular Customer,False
0461-CVKMU,83.8,83.3340992040406,0.46590079595939926,High Drop,Premium Entertainment Bundle,True,Outreach Customer,True
8806-EAGWC,55.15,55.128542252357725,0.02145774764227326,Normal,No Offer Needed,False,Regular Customer,False
8853-TZDGH,111.6,111.54254213999843,0.05745786000156272,Normal,No Offer Needed,False,Regular Customer,True
7779-LGOVN,86.65,86.79120184384091,-0.1412018438409035,Normal,No Offer Needed,False,Regular Customer,True
4324-BZCKL,55.55,54.671350118050356,0.8786498819496416,High Drop,Loyalty Discount Offer,True,Outreach Customer,False
6924-TDGMT,20.55,20.75720347194954,-0.20720347194954059,Normal,No Offer Needed,False,Regular Customer,False
9710-ZUSHQ,106.75,106.69236154930672,0.057638450693275445,Normal,No Offer Needed,False,Regular Customer,True
1536-YHDOE,62.1,61.53172314257815,0.56827685742185,High Drop,Personalized Retention Offer,True,Outreach Customer,False
8123-QBNAZ,104.5,104.17479783326624,0.3252021667337601,Normal,No Offer Needed,False,Regular Customer,True
3629-ZNKXA,101.8,101.53745507420957,0.2625449257904222,Normal,No Offer Needed,False,Regular Customer,True
4827-LTQRJ,110.6,110.48997731293511,0.11002268706488394,Normal,No Offer Needed,False,Regular Customer,True
7711-YIJWC,84.9,84.43689205179267,0.46310794820733747,High Drop,Personalized Retention Offer,True,Outreach Customer,True
5482-VXSXJ,93.2,92.83979518545014,0.36020481454986,Normal,No Offer Needed,False,Regular Customer,True
7365-BVCJH,24.4,25.21229658499201,-0.8122965849920121,Normal,No Offer Needed,False,Regular Customer,False
9620-ENEJV,70.55,70.71648318523013,-0.16648318523013472,Normal,No Offer Needed,False,Regular Customer,False
4183-WCSEP,78.45,78.52479384400337,-0.07479384400336642,Normal,No Offer Needed,False,Regular Customer,False
2378-YIZKA,85.0,84.81864258340084,0.18135741659915539,Normal,No Offer Needed,False,Regular Customer,True
5498-TXHLF,87.45,87.0553379237146,0.3946620762853996,Normal,No Offer Needed,False,Regular Customer,True
0689-DSXGL,85.8,85.09344367710315,0.7065563228968443,High Drop,Premium Entertainment Bundle,True,Outreach Customer,True
6818-DJXAA,91.1,90.63637095960515,0.4636290403948493,High Drop,Premium Entertainment Bundle,True,Outreach Customer,True
9722-UJOJR,70.75,70.8483840707713,-0.09838407077130285,Normal,No Offer Needed,False,Regular Customer,False
0464-WJTKO,20.1,19.940773689906525,0.15922631009347654,Normal,No Offer Needed,False,Regular Customer,True
8902-ZEOVF,20.05,19.792065734210066,0.2579342657899346,Normal,No Offer Needed,False,Regular Customer,False
6778-EICRF,74.8,74.35607933827104,0.44392066172895284,High Drop,Personalized Retention Offer,True,Outreach Customer,False
2662-NNTDK,24.8,24.887804823009763,-0.08780482300976189,Normal,No Offer Needed,False,Regular Customer,True
4132-KALRO,100.85,100.21758419462526,0.632415805374734,High Drop,Premium Entertainment Bundle,True,Outreach Customer,True
3902-FOIGH,101.35,101.16361102404312,0.18638897595687354,Normal,No Offer Needed,False,Regular Customer,True
6772-KSATR,81.7,81.89096898570381,-0.1909689857038046,Normal,No Offer Needed,False,Regular Customer,True
7112-OPOTK,68.25,68.6042892820558,-0.35428928205580235,Normal,No Offer Needed,False,Regular Customer,False
2874-YXVVA,105.1,104.79100560437118,0.30899439562881525,Normal,No Offer Needed,False,Regular Customer,True
1245-HARPS,20.4,20.748745643165265,-0.348745643165266,Normal,No Offer Needed,False,Regular Customer,False
4210-QFJMF,79.15,79.50566067561175,-0.35566067561174464,Normal,No Offer Needed,False,Regular Customer,False
4323-ELYYB,20.0,20.10640257217983,-0.10640257217983162,Normal,No Offer Needed,False,Regular Customer,False
4293-ETKAP,79.4,79.01177911354584,0.38822088645416386,Normal,No Offer Needed,False,Regular Customer,True
6064-PUPMC,57.2,57.232448077895796,-0.032448077895793404,Normal,No Offer Needed,False,Regular Customer,False
6504-VBLFL,58.6,58.45471754911917,0.1452824508808348,Normal,No Offer Needed,False,Regular Customer,True
6322-PJJDJ,94.8,95.05907921123301,-0.2590792112330149,Normal,No Offer Needed,False,Regular Customer,True
0330-BGYZE,102.5,102.135061875303,0.36493812469700515,Normal,No Offer Needed,False,Regular Customer,True
1085-LDWAM,20.35,20.178032302269823,0.17196769773017806,Normal,No Offer Needed,False,Regular Customer,True
7586-ZATGZ,84.9,84.87969032823993,0.020309671760074366,Normal,No Offer Needed,False,Regular Customer,True
7197-VOJMM,69.2,69.4291121632616,-0.229112163261604,Normal,No Offer Needed,False,Regular Customer,True
3318-OSATS,95.45,95.75791247772229,-0.30791247772228303,Normal,No Offer Needed,False,Regular Customer,True
5828-AVIPD,100.95,100.82522794164072,0.12477205835928373,Normal,No Offer Needed,False,Regular Customer,True
1843-TLSGD,20.85,21.102036535075722,-0.252036535075721,Normal,No Offer Needed,False,Regular Customer,False
9626-VFRGG,88.5,87.96261417364487,0.5373858263551341,High Drop,Premium Entertainment Bundle,True,Outreach Customer,True
7075-BNDVQ,35.0,35.10501117079754,-0.10501117079753897,Normal,No Offer Needed,False,Regular Customer,False
9143-CANJF,55.15,55.022488634576824,0.12751136542317454,Normal,No Offer Needed,False,Regular Customer,False
7284-BUYEC,50.95,51.37428709096339,-0.42428709096338935,Normal,No Offer Needed,False,Regular Customer,False
2041-JIJCI,64.0,63.934527012382816,0.06547298761718423,Normal,No Offer Needed,False,Regular Customer,False
1086-LXKFY,69.1,68.76299885109601,0.3370011489039797,Normal,No Offer Needed,False,Regular Customer,False
4900-MSOMT,80.2,79.5597742668688,0.6402257331312029,High Drop,Personalized Retention Offer,True,Outreach Customer,True
2229-VWQJH,49.3,49.25023436245741,0.049765637542584784,Normal,No Offer Needed,False,Regular Customer,False
9194-GFVOI,84.35,84.314465873489,0.035534126510995634,Normal,No Offer Needed,False,Regular Customer,True
1336-EZFZY,20.05,20.39182236296576,-0.3418223629657575,Normal,No Offer Needed,False,Regular Customer,False
4282-MSACW,117.2,117.2795008513176,-0.0795008513175901,Normal,No Offer Needed,False,Regular Customer,True
1403-LKLIK,20.1,19.89180409738899,0.20819590261100984,Normal,No Offer Needed,False,Regular Customer,False
2636-ALXXZ,69.6,69.88190944700857,-0.281909447008573,Normal,No Offer Needed,False,Regular Customer,False
7774-OJSXI,103.45,103.28487481141127,0.16512518858873193,Normal,No Offer Needed,False,Regular Customer,True
7786-WBJYI,77.95,77.70540285889963,0.24459714110037112,Normal,No Offer Needed,False,Regular Customer,False
0136-IFMYD,109.95,109.99260304386519,-0.042603043865184986,Normal,No Offer Needed,False,Regular Customer,True
5144-TVGLP,94.75,94.91579219891234,-0.16579219891234231,Normal,No Offer Needed,False,Regular Customer,True
9643-AVVWI,80.0,79.54290392732908,0.45709607267092167,High Drop,Premium Entertainment Bundle,True,Outreach Customer,False
0253-ZTEOB,79.65,79.44087567395604,0.20912432604396258,Normal,No Offer Needed,False,Regular Customer,False
2706-QZIHY,25.2,25.379094316488157,-0.17909431648815755,Normal,No Offer Needed,False,Regular Customer,False
6061-PQHMK,19.9,20.461882994638025,-0.5618829946380259,Normal,No Offer Needed,False,Regular Customer,False
9885-CSMWE,78.45,78.6173496154784,-0.16734961547840044,Normal,No Offer Needed,False,Regular Customer,False
6137-MFAJN,44.8,44.89506321392903,-0.09506321392903061,Normal,No Offer Needed,False,Regular Customer,False
9122-UMROB,20.3,20.756517303248533,-0.4565173032485319,Normal,No Offer Needed,False,Regular Customer,False
4232-JGKIY,19.2,20.054564647409325,-0.854564647409326,Normal,No Offer Needed,False,Regular Customer,False
2402-TAIRZ,80.05,79.79953588126237,0.2504641187376251,Normal,No Offer Needed,False,Regular Customer,True
9659-ZTWSM,107.35,106.95493683844997,0.3950631615500271,Normal,No Offer Needed,False,Regular Customer,True
9139-TWBAS,47.85,47.609522736574576,0.24047726342542575,Normal,No Offer Needed,False,Regular Customer,False
6685-GBWJZ,70.8,70.60603794804244,0.19396205195755556,Normal,No Offer Needed,False,Regular Customer,True
5016-ETTFF,29.5,29.766631934478845,-0.2666319344788448,Normal,No Offer Needed,False,Regular Customer,False
3866-MDTUB,70.75,71.10878532498667,-0.3587853249866697,Normal,No Offer Needed,False,Regular Customer,False
2195-VVRJF,59.1,59.40101779269208,-0.30101779269207896,Normal,No Offer Needed,False,Regular Customer,False
3913-RDSJZ,25.55,25.259214469632784,0.29078553036721644,Normal,No Offer Needed,False,Regular Customer,True
8058-JMEQO,84.45,84.64975564809899,-0.19975564809898572,Normal,No Offer Needed,False,Regular Customer,True
4203-QGNZA,20.25,20.215642783219334,0.03435721678066628,Normal,No Offer Needed,False,Regular Customer,False
5043-TRZWM,75.55,75.42692091631368,0.1230790836863207,Normal,No Offer Needed,False,Regular Customer,False
0697-ZMSWS,85.65,85.90407406466196,-0.2540740646619497,Normal,No Offer Needed,False,Regular Customer,True
7657-DYEPJ,70.15,69.9265861440739,0.22341385592611118,Normal,No Offer Needed,False,Regular Customer,False
9494-BDNNC,95.3,95.14673685232735,0.15326314767264648,Normal,No Offer Needed,False,Regular Customer,True
1640-PLFMP,70.25,70.35896124505786,-0.10896124505785565,Normal,No Offer Needed,False,Regular Customer,False
5366-OBVMR,50.3,49.84642555562282,0.45357444437717476,High Drop,Loyalty Discount Offer,True,Outreach Customer,False
8276-MQBYC,97.8,97.94421957875525,-0.14421957875525493,Normal,No Offer Needed,False,Regular Customer,True
7593-XFKDI,46.3,46.42242278581541,-0.12242278581540944,Normal,No Offer Needed,False,Regular Customer,False
4573-JKNAE,19.35,20.0613423370421,-0.7113423370420975,Normal,No Offer Needed,False,Regular Customer,False
0337-CNPZE,106.3,106.14539889316954,0.15460110683045514,Normal,No Offer Needed,False,Regular Customer,True
9817-APLHW,25.0,25.56543797745686,-0.5654379774568596,Normal,No Offer Needed,False,Regular Customer,False
8380-MQINP,20.3,20.086653460845067,0.21334653915493362,Normal,No Offer Needed,False,Regular Customer,True
0840-DFEZH,75.35,75.29515185524092,0.0548481447590774,Normal,No Offer Needed,False,Regular Customer,False
1513-XNPPH,89.4,89.43104911154299,-0.031049111542984065,Normal,No Offer Needed,False,Regular Customer,True
8690-ZVLCL,88.0,87.80020129660745,0.19979870339254546,Normal,No Offer Needed,False,Regular Customer,True
6015-VVHHE,83.15,83.17820110362958,-0.028201103629569957,Normal,No Offer Needed,False,Regular Customer,True
1125-SNVCK,43.8,43.4097239515035,0.3902760484964958,Normal,No Offer Needed,False,Regular Customer,False
0384-LPITE,62.05,62.312283876976025,-0.26228387697602784,Normal,No Offer Needed,False,Regular Customer,False
4616-EWBNJ,20.1,20.55786116610595,-0.45786116610594974,Normal,No Offer Needed,False,Regular Customer,False
6347-DCUIK,74.15,73.97202490971712,0.17797509028288516,Normal,No Offer Needed,False,Regular Customer,False
1335-HQMKX,101.35,101.1127020216767,0.2372979783232978,Normal,No Offer Needed,False,Regular Customer,True
2545-EBUPK,84.05,84.07558423729233,-0.025584237292335388,Normal,No Offer Needed,False,Regular Customer,True
6923-AQONU,20.9,21.12188824473257,-0.22188824473257185,Normal,No Offer Needed,False,Regular Customer,False
2172-EJXVF,105.9,105.80964751471434,0.09035248528566342,Normal,No Offer Needed,False,Regular Customer,True
0897-FEGMU,99.5,99.19991675582499,0.3000832441750134,Normal,No Offer Needed,False,Regular Customer,True
7663-RGWBC,44.15,44.27135180241213,-0.1213518024121285,Normal,No Offer Needed,False,Regular Customer,False
1120-BMWUB,53.9,53.534576932313755,0.365423067686244,Normal,No Offer Needed,False,Regular Customer,False
9124-LHCJQ,85.45,85.22526008105223,0.22473991894777612,Normal,No Offer Needed,False,Regular Customer,True
4536-PLEQY,85.05,85.02536400632113,0.024635993678870705,Normal,No Offer Needed,False,Regular Customer,True
7029-IJEJK,44.1,44.37925161516122,-0.2792516151612219,Normal,No Offer Needed,False,Regular Customer,True
8871-JLMHM,90.2,90.02037888888093,0.17962111111907575,Normal,No Offer Needed,False,Regular Customer,True
2235-ZGKPT,50.85,50.4801563548653,0.3698436451347007,Normal,No Offer Needed,False,Regular Customer,False
3891-PUQOD,59.2,59.36107684979663,-0.16107684979662906,Normal,No Offer Needed,False,Regular Customer,False
5447-VYTKW,53.45,53.25022760770896,0.19977239229104526,Normal,No Offer Needed,False,Regular Customer,False
3623-FQBOX,19.95,20.16737032184162,-0.21737032184162075,Normal,No Offer Needed,False,Regular Customer,False
0689-NKYLF,83.2,83.2032529482884,-0.0032529482883916216,Normal,No Offer Needed,False,Regular Customer,True
8659-HDIYE,74.65,74.33446087406597,0.31553912593403766,Normal,No Offer Needed,False,Regular Customer,True
3658-KIBGF,54.9,55.11431907345361,-0.21431907345360912,Normal,No Offer Needed,False,Regular Customer,False
3474-BAFSJ,57.5,57.45144617934,0.048553820659996916,Normal,No Offer Needed,False,Regular Customer,True
5519-YLDGW,103.9,103.73160676335904,0.1683932366409664,Normal,No Offer Needed,False,Regular Customer,True
3865-ZFZIB,19.65,20.155101192001595,-0.5051011920015966,Normal,No Offer Needed,False,Regular Customer,False
1855-AGAWH,93.8,93.72090049035562,0.0790995096443794,Normal,No Offer Needed,False,Regular Customer,True
7109-CQYUZ,89.25,88.82900558593755,0.42099441406244864,High Drop,Personalized Retention Offer,True,Outreach Customer,True
1370-GGAWX,94.15,93.93701182474476,0.21298817525524782,Normal,No Offer Needed,False,Regular Customer,True
4680-KUTAJ,55.6,55.662248596124485,-0.06224859612448341,Normal,No Offer Needed,False,Regular Customer,False
5307-UVGNB,48.7,48.38920275603703,0.31079724396297337,Normal,No Offer Needed,False,Regular Customer,True
4946-EDSEW,19.25,19.423337702143176,-0.17333770214317568,Normal,No Offer Needed,False,Regular Customer,False
2883-ILGWO,104.9,104.73490544879573,0.16509455120427674,Normal,No Offer Needed,False,Regular Customer,True
2516-VQRRV,75.45,75.16301689867664,0.2869831013233579,Normal,No Offer Needed,False,Regular Customer,False
7580-UGXNC,54.85,54.69803306749693,0.15196693250307192,Normal,No Offer Needed,False,Regular Customer,False
3642-BYHDO,19.9,19.742696622470664,0.15730337752933465,Normal,No Offer Needed,False,Regular Customer,True
9629-NHXFW,19.4,19.528661264379163,-0.12866126437916492,Normal,No Offer Needed,False,Regular Customer,False
2696-RZVZW,25.05,25.195151635567825,-0.1451516355678244,Normal,No Offer Needed,False,Regular Customer,True
5766-FTRTS,84.45,84.08630171546174,0.36369828453825903,Normal,No Offer Needed,False,Regular Customer,True
0396-HUJBP,19.3,19.671212276775332,-0.3712122767753314,Normal,No Offer Needed,False,Regular Customer,False
5178-LMXOP,95.1,95.08269216799523,0.017307832004760826,Normal,No Offer Needed,False,Regular Customer,True
8879-ZKJOF,79.85,79.6323066138458,0.21769338615419542,Normal,No Offer Needed,False,Regular Customer,False
6285-FTQBF,25.55,25.57666488328286,-0.026664883282858654,Normal,No Offer Needed,False,Regular Customer,True
8185-UPYBR,75.5,75.55137254034803,-0.05137254034802652,Normal,No Offer Needed,False,Regular Customer,False
4585-HETAI,73.75,73.56177434064061,0.1882256593593894,Normal,No Offer Needed,False,Regular Customer,False
7526-BEZQB,96.05,96.20246032726924,-0.15246032726923886,Normal,No Offer Needed,False,Regular Customer,True
1474-JUWSM,68.4,68.32764476825457,0.07235523174543346,Normal,No Offer Needed,False,Regular Customer,True
3530-CRZSB,20.65,20.955741158072893,-0.3057411580728946,Normal,No Offer Needed,False,Regular Customer,False
8498-XXGWA,55.15,54.45581806167401,0.6941819383259897,High Drop,Loyalty Discount Offer,True,Outreach Customer,True
9617-INGJY,70.6,70.40243168489687,0.19756831510312622,Normal,No Offer Needed,False,Regular Customer,False
0621-TSSMU,19.95,20.12232091516557,-0.1723209151655709,Normal,No Offer Needed,False,Regular Customer,True
7234-KMNRQ,19.0,19.43423028405527,-0.4342302840552712,Normal,No Offer Needed,False,Regular Customer,False
7636-PEPNS,44.1,43.397185524801166,0.702814475198835,High Drop,Online Security Add-on,True,Outreach Customer,True
4683-WYDOU,107.6,107.63748365609,-0.03748365609000359,Normal,No Offer Needed,False,Regular Customer,True
9052-DHNKM,61.55,61.478215608295926,0.07178439170407103,Normal,No Offer Needed,False,Regular Customer,False
6794-HKIAJ,90.7,90.36441043320501,0.33558956679499374,Normal,No Offer Needed,False,Regular Customer,True
5578-NKCXI,99.25,99.29115267860021,-0.041152678600212766,Normal,No Offer Needed,False,Regular Customer,True
1642-HMARX,91.7,91.5656695674254,0.13433043257460042,Normal,No Offer Needed,False,Regular Customer,True
3096-WPXBT,100.7,100.41769462500511,0.28230537499489117,Normal,No Offer Needed,False,Regular Customer,True
8434-PNQZX,78.45,78.46353475239275,-0.013534752392743599,Normal,No Offer Needed,False,Regular Customer,False
5950-AAAGJ,84.3,84.09487767987065,0.20512232012934817,Normal,No Offer Needed,False,Regular Customer,True
4299-OPXEJ,19.55,19.769374699726278,-0.2193746997262771,Normal,No Offer Needed,False,Regular Customer,True
4951-UKAAQ,88.95,88.91014084888691,0.039859151113091684,Normal,No Offer Needed,False,Regular Customer,True
9618-LFJRU,20.45,21.214115130215415,-0.7641151302154157,Normal,No Offer Needed,False,Regular Customer,False
6693-DJWTY,55.6,55.51907772276453,0.08092227723547296,Normal,No Offer Needed,False,Regular Customer,False
0744-GKNGE,86.8,86.39720031446436,0.4027996855356406,Normal,No Offer Needed,False,Regular Customer,True
6447-EGDIV,20.95,21.017223642225133,-0.06722364222513377,Normal,No Offer Needed,False,Regular Customer,False
1167-OYZJF,20.05,20.013074191733914,0.036925808266087046,Normal,No Offer Needed,False,Regular Customer,True
2108-YKQTY,50.7,50.91729182457229,-0.21729182457228546,Normal,No Offer Needed,False,Regular Customer,False
4806-DXQCE,113.65,113.64549891789713,0.004501082102876808,Normal,No Offer Needed,False,Regular Customer,True
4918-QLLIW,53.4,53.82755433804028,-0.42755433804028087,Normal,No Offer Needed,False,Regular Customer,False
7056-IMHCC,101.9,102.00596583936431,-0.10596583936430193,Normal,No Offer Needed,False,Regular Customer,True
4854-SSLTN,59.5,59.17494508745509,0.3250549125449069,Normal,No Offer Needed,False,Regular Customer,False
5294-DMSFH,87.8,87.77544428293542,0.02455571706457249,Normal,No Offer Needed,False,Regular Customer,True
4837-PZTIC,41.9,41.83143080988083,0.06856919011917029,Normal,No Offer Needed,False,Regular Customer,False
1625-JAIIY,83.0,82.92969242302607,0.07030757697393142,Normal,No Offer Needed,False,Regular Customer,True
0603-OLQDC,69.85,69.64299873006766,0.20700126993233425,Normal,No Offer Needed,False,Regular Customer,False
3272-VUHPV,56.3,55.8011463927987,0.4988536072012977,High Drop,Loyalty Discount Offer,True,Outreach Customer,False
4176-FXYBO,109.55,109.41058003265333,0.13941996734666873,Normal,No Offer Needed,False,Regular Customer,True
1063-DHQJF,92.15,91.78947441091766,0.3605255890823429,Normal,No Offer Needed,False,Regular Customer,True
8663-UPDGF,69.5,69.06438464006732,0.4356153599326831,High Drop,Loyalty Discount Offer,True,Outreach Customer,False
6719-FGEDO,97.0,96.72158394443386,0.27841605556614013,Normal,No Offer Needed,False,Regular Customer,True
1837-YQUCE,58.35,58.59179385022613,-0.24179385022613076,Normal,No Offer Needed,False,Regular Customer,True
2947-DOMLJ,50.6,50.649812070120994,-0.04981207012099276,Normal,No Offer Needed,False,Regular Customer,False
4112-LUEIZ,89.5,89.81347030393728,-0.3134703039372795,Normal,No Offer Needed,False,Regular Customer,True
0369-ZGOVK,70.4,70.13620413197988,0.2637958680201251,Normal,No Offer Needed,False,Regular Customer,False
4510-HIMLV,69.8,70.15966982504774,-0.3596698250477459,Normal,No Offer Needed,False,Regular Customer,False
9919-KNPOO,94.3,94.1284529316608,0.1715470683391942,Normal,No Offer Needed,False,Regular Customer,True
8749-JMNKX,93.8,93.57176232514666,0.22823767485333235,Normal,No Offer Needed,False,Regular Customer,True
7872-BAAZR,19.55,19.363284941775483,0.18671505822451806,Normal,No Offer Needed,False,Regular Customer,True
9391-LMANN,95.95,95.94911219920432,0.0008878007956809597,Normal,No Offer Needed,False,Regular Customer,True
2430-USGXP,101.05,100.90602078522001,0.1439792147799892,Normal,No Offer Needed,False,Regular Customer,True
8174-TBVCF,94.8,94.73683165772539,0.06316834227460788,Normal,No Offer Needed,False,Regular Customer,True
1698-XFZCI,107.75,107.73179607574018,0.018203924259822202,Normal,No Offer Needed,False,Regular Customer,True
1877-HKBQX,54.6,54.3675952694579,0.23240473054210042,Normal,No Offer Needed,False,Regular Customer,False
4450-DLLMH,71.3,71.5252960836163,-0.22529608361629982,Normal,No Offer Needed,False,Regular Customer,False
0428-AXXLJ,19.5,19.931666684642412,-0.431666684642412,Normal,No Offer Needed,False,Regular Customer,False
2746-DIJLO,56.3,56.07744999673246,0.2225500032675356,Normal,No Offer Needed,False,Regular Customer,False
5955-ERIHD,94.7,94.76152340208266,-0.061523402082656276,Normal,No Offer Needed,False,Regular Customer,True
0917-EZOLA,104.15,104.28591329975248,-0.1359132997524739,Normal,No Offer Needed,False,Regular Customer,True
3508-VLHCZ,90.55,90.27574817263863,0.2742518273613683,Normal,No Offer Needed,False,Regular Customer,True
4086-ATNFV,60.8,59.91244475551059,0.8875552444894055,High Drop,Personalized Retention Offer,True,Outreach Customer,False
0468-YRPXN,98.8,98.75476285595101,0.045237144048982714,Normal,No Offer Needed,False,Regular Customer,True
5996-NRVXR,98.15,97.84610857337587,0.3038914266241335,Normal,No Offer Needed,False,Regular Customer,True
3739-YBWAB,35.35,35.190875528918326,0.15912447108167527,Normal,No Offer Needed,False,Regular Customer,False
7047-FWEYA,103.15,102.84727892157741,0.3027210784225929,Normal,No Offer Needed,False,Regular Customer,True
2000-MPKCA,107.75,107.65271912534824,0.09728087465175861,Normal,No Offer Needed,False,Regular Customer,True
9762-YAQAA,81.4,81.3452455308024,0.054754469197604294,Normal,No Offer Needed,False,Regular Customer,True
5949-EBSQK,61.45,61.71244046795393,-0.2624404679539296,Normal,No Offer Needed,False,Regular Customer,False
5473-KHBPS,95.7,95.09368096897488,0.606319031025123,High Drop,Premium Entertainment Bundle,True,Outreach Customer,True
0100-DUVFC,104.8,104.64727009583852,0.15272990416147536,Normal,No Offer Needed,False,Regular Customer,True
5397-TUPSH,70.95,70.85520409258294,0.09479590741706545,Normal,No Offer Needed,False,Regular Customer,True
8950-MTZNV,44.95,44.90200442667038,0.04799557332962223,Normal,No Offer Needed,False,Regular Customer,False
0326-VDYXE,97.65,97.58714861840527,0.06285138159474002,Normal,No Offer Needed,False,Regular Customer,True
6773-LQTVT,35.65,35.05737186273069,0.5926281372693083,High Drop,Loyalty Discount Offer,True,Outreach Customer,False
7274-RTAPZ,90.55,90.82628569591904,-0.27628569591904295,Normal,No Offer Needed,False,Regular Customer,True
0436-TWFFZ,85.25,84.96105881596546,0.2889411840345417,Normal,No Offer Needed,False,Regular Customer,True
8566-YPRGL,19.5,19.858388583253593,-0.3583885832535927,Normal,No Offer Needed,False,Regular Customer,False
0311-UNPFF,88.8,88.93504675758281,-0.13504675758281337,Normal,No Offer Needed,False,Regular Customer,True
6609-MXJHJ,25.1,25.011825231149295,0.08817476885070619,Normal,No Offer Needed,False,Regular Customer,False
2669-OIDSD,100.05,99.9233377311516,0.12666226884839205,Normal,No Offer Needed,False,Regular Customer,True
8400-WZICQ,55.7,55.365762557064926,0.33423744293507696,Normal,No Offer Needed,False,Regular Customer,True
3834-XUIFC,85.2,85.08083304779532,0.11916695220467943,Normal,No Offer Needed,False,Regular Customer,True
9576-SYUHJ,91.15,91.1871863564652,-0.037186356465198855,Normal,No Offer Needed,False,Regular Customer,True
0410-IPFTY,83.85,83.623668181233,0.22633181876699382,Normal,No Offer Needed,False,Regular Customer,True
2831-EBWRN,45.9,46.21806698797355,-0.3180669879735518,Normal,No Offer Needed,False,Regular Customer,False
9430-NKQLY,25.1,25.093566264431928,0.006433735568073473,Normal,No Offer Needed,False,Regular Customer,True
8414-MYSHR,91.4,91.6887442807052,-0.2887442807051883,Normal,No Offer Needed,False,Regular Customer,True
0247-SLUJI,19.7,19.931406611533962,-0.2314066115339628,Normal,No Offer Needed,False,Regular Customer,False
9402-ORRAH,91.5,91.59122813857971,-0.09122813857970868,Normal,No Offer Needed,False,Regular Customer,True
6483-OATDN,51.3,51.429280601051744,-0.12928060105174666,Normal,No Offer Needed,False,Regular Customer,False
1293-HHSHJ,21.1,21.116914049624377,-0.016914049624375593,Normal,No Offer Needed,False,Regular Customer,False
4840-ORQXB,104.75,104.54299702345286,0.2070029765471446,Normal,No Offer Needed,False,Regular Customer,True
7599-FKVXZ,106.15,105.91080092732385,0.2391990726761577,Normal,No Offer Needed,False,Regular Customer,True
3982-DQLUS,85.75,85.55147501244582,0.1985249875541797,Normal,No Offer Needed,False,Regular Customer,True
8610-ZIKJJ,20.3,20.447483618353413,-0.14748361835341228,Normal,No Offer Needed,False,Regular Customer,False
3756-VNWDH,100.75,101.03281696352592,-0.28281696352591723,Normal,No Offer Needed,False,Regular Customer,True
7801-KICAO,74.15,74.1049654255392,0.04503457446080006,Normal,No Offer Needed,False,Regular Customer,False
7673-LPRNY,78.55,78.39962789788729,0.150372102112712,Normal,No Offer Needed,False,Regular Customer,False
8229-TNIQA,45.3,45.31261414538068,-0.012614145380680952,Normal,No Offer Needed,False,Regular Customer,False
6060-QBMGV,19.85,20.101319508959495,-0.25131950895949373,Normal,No Offer Needed,False,Regular Customer,True
7339-POGZN,50.7,50.7828135698661,-0.08281356986609723,Normal,No Offer Needed,False,Regular Customer,False
2828-SLQPF,45.0,45.082255390025516,-0.08225539002551585,Normal,No Offer Needed,False,Regular Customer,False
4465-VDKIQ,77.8,77.48787719963413,0.31212280036587003,Normal,No Offer Needed,False,Regular Customer,False
2921-XWDJH,83.45,83.63554153065029,-0.18554153065028345,Normal,No Offer Needed,False,Regular Customer,True
6221-AVQYL,73.25,73.48373223643439,-0.2337322364343919,Normal,No Offer Needed,False,Regular Customer,False
2558-BUOZZ,94.8,94.60015749824304,0.1998425017569616,Normal,No Offer Needed,False,Regular Customer,True
9257-AZMTZ,20.1,20.165295249749352,-0.06529524974935086,Normal,No Offer Needed,False,Regular Customer,True
0003-MKNFE,59.9,59.74807676470381,0.1519232352961879,Normal,No Offer Needed,False,Regular Customer,False
0975-UYDTX,90.1,89.55677238197501,0.5432276180249858,High Drop,Personalized Retention Offer,True,Outreach Customer,True
7743-EXURX,51.05,51.03146213058958,0.018537869410415908,Normal,No Offer Needed,False,Regular Customer,False
4682-BLBUC,70.95,70.45566903465102,0.49433096534897913,High Drop,Online Security Add-on,True,Outreach Customer,False
0975-VOOVL,29.2,29.318957398812042,-0.11895739881204292,Normal,No Offer Needed,False,Regular Customer,False
5968-VXZLG,46.6,46.761179477546186,-0.16117947754618456,Normal,No Offer Needed,False,Regular Customer,False
5569-KGJHX,85.35,84.93120216280097,0.41879783719902264,High Drop,Premium Entertainment Bundle,True,Outreach Customer,True
4988-IQIGL,75.35,75.53401146271058,-0.18401146271058622,Normal,No Offer Needed,False,Regular Customer,False
5201-FRKKS,74.3,74.42445042730948,-0.1244504273094833,Normal,No Offer Needed,False,Regular Customer,False
9799-CAYJJ,69.3,69.29829370822125,0.0017062917787455945,Normal,No Offer Needed,False,Regular Customer,False
7730-IUTDZ,75.2,75.60469493279368,-0.4046949327936744,Normal,No Offer Needed,False,Regular Customer,False
0426-TIRNE,20.9,21.42834527968264,-0.5283452796826431,Normal,No Offer Needed,False,Regular Customer,False
5443-SCMKX,94.3,94.03144421508291,0.26855578491708343,Normal,No Offer Needed,False,Regular Customer,True
8295-KMENE,76.45,75.71881521888706,0.7311847811129439,High Drop,Personalized Retention Offer,True,Outreach Customer,True
6738-ISCBM,54.0,54.38431953173903,-0.3843195317390311,Normal,No Offer Needed,False,Regular Customer,False
9821-BESNZ,104.25,104.32655150714109,-0.07655150714109027,Normal,No Offer Needed,False,Regular Customer,True
3678-MNGZX,19.95,19.92025022624024,0.029749773759760956,Normal,No Offer Needed,False,Regular Customer,True
1335-NTIUC,24.95,25.67007135260058,-0.7200713526005806,Normal,No Offer Needed,False,Regular Customer,False
2916-BQZLN,84.75,84.60607197049973,0.14392802950027317,Normal,No Offer Needed,False,Regular Customer,True
4558-CGYCZ,19.75,20.1781811774911,-0.4281811774911013,Normal,No Offer Needed,False,Regular Customer,False
2368-GAKKQ,113.65,113.6586641273667,-0.008664127366699859,Normal,No Offer Needed,False,Regular Customer,True
8710-YGLWG,44.9,44.85246608938636,0.04753391061363743,Normal,No Offer Needed,False,Regular Customer,False
3199-XGZCY,75.25,75.18336338885356,0.0666366111464356,Normal,No Offer Needed,False,Regular Customer,False
3785-KTYSH,24.6,24.605203222506894,-0.005203222506892757,Normal,No Offer Needed,False,Regular Customer,True
6814-ZPWFQ,25.0,25.037246330663145,-0.03724633066314453,Normal,No Offer Needed,False,Regular Customer,True
4063-EIKNQ,20.95,21.300322770035944,-0.3503227700359446,Normal,No Offer Needed,False,Regular Customer,False
6993-YCOBK,110.6,110.69423838430501,-0.09423838430501519,Normal,No Offer Needed,False,Regular Customer,True
5206-HPJKM,55.5,55.61246758186165,-0.11246758186165096,Normal,No Offer Needed,False,Regular Customer,False
7587-RZNME,43.3,43.80364054338944,-0.5036405433894444,Normal,No Offer Needed,False,Regular Customer,False
0748-RDGGM,109.5,109.48345958448823,0.01654041551176988,Normal,No Offer Needed,False,Regular Customer,True
8393-JMVMB,19.45,19.914365569420294,-0.46436556942029483,Normal,No Offer Needed,False,Regular Customer,False
5019-GQVCR,84.85,84.84830281455662,0.00169718544337627,Normal,No Offer Needed,False,Regular Customer,True
6036-TTFYU,19.6,19.684595837931926,-0.08459583793192493,Normal,No Offer Needed,False,Regular Customer,False
2550-AEVRU,53.45,53.10860949554711,0.341390504452896,Normal,No Offer Needed,False,Regular Customer,True
0969-RGKCU,19.8,20.065029446844306,-0.26502944684430574,Normal,No Offer Needed,False,Regular Customer,False
0378-CJKPV,112.1,112.18742283907314,-0.08742283907314174,Normal,No Offer Needed,False,Regular Customer,True
4706-AXVKM,84.8,85.03494739096126,-0.23494739096126693,Normal,No Offer Needed,False,Regular Customer,True
5889-JTMUL,95.05,94.67486788385085,0.3751321161491461,Normal,No Offer Needed,False,Regular Customer,True
9026-RNUJS,50.35,50.6025743383395,-0.2525743383394996,Normal,No Offer Needed,False,Regular Customer,False
3746-EUBYR,74.6,74.50178614973001,0.09821385026998541,Normal,No Offer Needed,False,Regular Customer,False
2332-EFBJY,19.7,20.14242133161319,-0.44242133161318975,Normal,No Offer Needed,False,Regular Customer,False
2880-FPNAE,74.2,74.02964374777025,0.1703562522297517,Normal,No Offer Needed,False,Regular Customer,False
1703-MGIAB,69.0,68.16761393057307,0.8323860694269314,High Drop,Loyalty Discount Offer,True,Outreach Customer,False
4311-QTTAI,19.35,20.005295322806063,-0.6552953228060616,Normal,No Offer Needed,False,Regular Customer,False
9474-PHLYD,59.45,59.65501335150648,-0.20501335150648003,Normal,No Offer Needed,False,Regular Customer,False
4318-RAJVY,19.8,20.075012575155405,-0.27501257515540445,Normal,No Offer Needed,False,Regular Customer,False
2165-VOEGB,105.2,105.15528554747647,0.0447144525235359,Normal,No Offer Needed,False,Regular Customer,True
3612-YUNGG,109.2,109.06525097990242,0.13474902009758694,Normal,No Offer Needed,False,Regular Customer,True
2254-DLXRI,79.15,78.47784723353267,0.6721527664673346,High Drop,Premium Entertainment Bundle,True,Outreach Customer,False
5062-CJJKH,53.65,52.85602579741017,0.7939742025898298,High Drop,Online Security Add-on,True,Outreach Customer,False
9028-LIHRP,100.2,100.20198598303386,-0.0019859830338617712,Normal,No Offer Needed,False,Regular Customer,True
2219-MVUSO,45.15,45.23897310119338,-0.08897310119338186,Normal,No Offer Needed,False,Regular Customer,False
1053-MXTTK,108.65,108.52855366536642,0.121446334633589,Normal,No Offer Needed,False,Regular Customer,True
1530-ZTDOZ,40.65,40.68014590058517,-0.030145900585168306,Normal,No Offer Needed,False,Regular Customer,False
1301-LOPVR,55.35,55.391745323388434,-0.041745323388433064,Normal,No Offer Needed,False,Regular Customer,False
0853-TWRVK,105.6,105.60978998927271,-0.009789989272718458,Normal,No Offer Needed,False,Regular Customer,True
8914-RBTSB,93.8,93.42874882762563,0.37125117237437166,Normal,No Offer Needed,False,Regular Customer,True
6212-ATMLK,95.7,95.79264279287266,-0.09264279287265254,Normal,No Offer Needed,False,Regular Customer,True
8200-LGKSR,83.2,83.32342285776922,-0.12342285776921358,Normal,No Offer Needed,False,Regular Customer,True
1568-BEKZM,90.05,90.02991708962848,0.020082910371513663,Normal,No Offer Needed,False,Regular Customer,True
0670-ANMUU,97.65,98.04065162342637,-0.39065162342636484,Normal,No Offer Needed,False,Regular Customer,True
6897-RWMUB,68.05,67.60739245425279,0.44260754574720806,High Drop,Personalized Retention Offer,True,Outreach Customer,True
0963-ZBDRN,96.2,96.54149791057849,-0.34149791057848233,Normal,No Offer Needed,False,Regular Customer,True
7594-RQHXR,79.6,79.84308277405131,-0.24308277405131662,Normal,No Offer Needed,False,Regular Customer,False
6999-CHVCF,102.1,102.28559080093274,-0.1855908009327436,Normal,No Offer Needed,False,Regular Customer,True
6134-KWTBV,23.4,23.541850515162302,-0.14185051516230374,Normal,No Offer Needed,False,Regular Customer,True
1077-HUUJM,71.05,71.04203793300053,0.00796206699946822,Normal,No Offer Needed,False,Regular Customer,False
6331-EWIEB,85.25,85.34532027617912,-0.0953202761791232,Normal,No Offer Needed,False,Regular Customer,True
0895-LNKRC,19.45,19.64630853290909,-0.19630853290908945,Normal,No Offer Needed,False,Regular Customer,False
2045-BMBTJ,59.45,59.395237832100044,0.054762167899959024,Normal,No Offer Needed,False,Regular Customer,False
8417-GSODA,92.2,91.93761725951613,0.2623827404838721,Normal,No Offer Needed,False,Regular Customer,True
5171-EPLKN,19.85,20.680814632362246,-0.8308146323622445,Normal,No Offer Needed,False,Regular Customer,False
4452-QIIEB,43.9,43.840871756586054,0.059128243413944404,Normal,No Offer Needed,False,Regular Customer,False
5998-VVEJY,80.5,80.61022544092235,-0.1102254409223491,Normal,No Offer Needed,False,Regular Customer,True
1624-NALOJ,89.8,89.85786972002607,-0.057869720026076266,Normal,No Offer Needed,False,Regular Customer,True
6741-EGCBI,90.5,90.74426996719491,-0.24426996719491,Normal,No Offer Needed,False,Regular Customer,True
7820-ZYGNY,90.45,90.66226825607764,-0.21226825607763544,Normal,No Offer Needed,False,Regular Customer,True
4317-VTEOA,50.75,51.01665541986009,-0.26665541986009345,Normal,No Offer Needed,False,Regular Customer,False
9677-AVKED,84.6,84.06681378484372,0.5331862151562774,High Drop,Online Security Add-on,True,Outreach Customer,True
1670-SVOWZ,89.65,89.50215277732971,0.14784722267029338,Normal,No Offer Needed,False,Regular Customer,True
2227-JRSJX,99.15,98.78470270305438,0.3652972969456272,Normal,No Offer Needed,False,Regular Customer,True
9847-HNVGP,19.95,20.24596009891021,-0.2959600989102107,Normal,No Offer Needed,False,Regular Customer,False
6696-YDAYZ,20.5,20.7979018780497,-0.29790187804970003,Normal,No Offer Needed,False,Regular Customer,False
8980-WQFWL,62.1,62.06895202703719,0.031047972962809922,Normal,No Offer Needed,False,Regular Customer,False
1730-ZMAME,79.5,79.76829814122284,-0.2682981412228429,Normal,No Offer Needed,False,Regular Customer,False
6506-EYCNH,19.55,19.606864511636406,-0.05686451163640527,Normal,No Offer Needed,False,Regular Customer,False
4634-JLRJT,20.35,20.700540317081828,-0.3505403170818262,Normal,No Offer Needed,False,Regular Customer,False
9501-UKKNL,51.7,52.044086379563765,-0.34408637956376253,Normal,No Offer Needed,False,Regular Customer,True
2560-QTSBS,23.3,22.768127824672803,0.531872175327198,High Drop,Personalized Retention Offer,True,Outreach Customer,True
7541-YLXCL,65.4,65.24091261260517,0.15908738739483397,Normal,No Offer Needed,False,Regular Customer,False
4795-WRNVT,65.1,64.57896984538704,0.5210301546129585,High Drop,Loyalty Discount Offer,True,Outreach Customer,False
6080-TCMYC,81.2,80.81733937327488,0.38266062672512646,Normal,No Offer Needed,False,Regular Customer,True
0260-ZDLGK,72.9,72.40554319269891,0.4944568073010913,High Drop,Loyalty Discount Offer,True,Outreach Customer,False
7860-UXCRM,74.5,74.23856401323924,0.26143598676075896,Normal,No Offer Needed,False,Regular Customer,True
6357-JJPQT,80.5,80.46237578123642,0.03762421876358246,Normal,No Offer Needed,False,Regular Customer,True
2292-XQWSV,60.3,59.77037762181025,0.5296223781897496,High Drop,Online Security Add-on,True,Outreach Customer,False
9552-TGUZV,75.0,74.72262139605856,0.2773786039414432,Normal,No Offer Needed,False,Regular Customer,False
5913-INRQV,90.15,89.78290145327051,0.36709854672949405,Normal,No Offer Needed,False,Regular Customer,True
8722-NGNBH,40.0,40.240180609022204,-0.24018060902220384,Normal,No Offer Needed,False,Regular Customer,False
6210-KBBPI,99.45,99.42902328426766,0.020976715732345497,Normal,No Offer Needed,False,Regular Customer,True
9643-YBLUR,69.05,68.72786949502697,0.32213050497303186,Normal,No Offer Needed,False,Regular Customer,False
8734-FNWVH,59.7,59.487544077270805,0.21245592272919822,Normal,No Offer Needed,False,Regular Customer,False
9447-YPTBX,19.85,19.77508992682206,0.07491007317794285,Normal,No Offer Needed,False,Regular Customer,False
0133-BMFZO,86.25,86.1996118260985,0.05038817390149575,Normal,No Offer Needed,False,Regular Customer,True
6128-CZOMY,45.65,46.06079984208161,-0.4107998420816088,Normal,No Offer Needed,False,Regular Customer,False
9540-JYROE,70.1,70.06466202950598,0.03533797049401244,Normal,No Offer Needed,False,Regular Customer,False
9026-LHEVG,40.75,41.27360014617502,-0.5236001461750206,Normal,No Offer Needed,False,Regular Customer,False
2260-USTRB,70.2,70.31383925101869,-0.11383925101868897,Normal,No Offer Needed,False,Regular Customer,False
3656-TKRVZ,55.35,55.57393803329958,-0.22393803329957507,Normal,No Offer Needed,False,Regular Customer,False
7011-CVEUC,95.7,95.72200182764459,-0.022001827644587024,Normal,No Offer Needed,False,Regular Customer,True
6185-TASNN,46.3,46.65333859229545,-0.35333859229545084,Normal,No Offer Needed,False,Regular Customer,False
7925-PNRGI,81.3,80.12176720263093,1.1782327973690627,High Drop,Loyalty Discount Offer,True,Outreach Customer,True
8623-TMRBY,84.2,83.78829435199346,0.41170564800654574,Normal,No Offer Needed,False,Regular Customer,True
1552-CZCLL,20.0,19.97160375645755,0.028396243542449184,Normal,No Offer Needed,False,Regular Customer,True
3038-PQIUY,66.15,65.56639312148602,0.5836068785139901,High Drop,Loyalty Discount Offer,True,Outreach Customer,False
1501-SGHBW,45.85,45.96877917454714,-0.11877917454713582,Normal,No Offer Needed,False,Regular Customer,False
9313-CDOGY,19.6,19.802893733494308,-0.20289373349430662,Normal,No Offer Needed,False,Regular Customer,False
8148-BPLZQ,49.8,49.76814524882549,0.031854751174506646,Normal,No Offer Needed,False,Regular Customer,False
2623-DRYAM,101.75,101.66695849187111,0.08304150812888622,Normal,No Offer Needed,False,Regular Customer,True
9987-LUTYD,55.15,54.929420408914076,0.2205795910859223,Normal,No Offer Needed,False,Regular Customer,False
3208-YPIOE,75.25,75.49774576471565,-0.24774576471564558,Normal,No Offer Needed,False,Regular Customer,False
4488-KQFDT,103.95,103.79140001610192,0.15859998389808538,Normal,No Offer Needed,False,Regular Customer,True
2612-RANWT,100.15,99.82157333970956,0.32842666029044665,Normal,No Offer Needed,False,Regular Customer,True
5693-PIPCS,99.65,99.9831237341962,-0.33312373419619234,Normal,No Offer Needed,False,Regular Customer,True
0491-KAPQG,73.7,73.74337757909672,-0.04337757909671325,Normal,No Offer Needed,False,Regular Customer,False
1925-LFCZZ,50.05,50.14543920780425,-0.09543920780425452,Normal,No Offer Needed,False,Regular Customer,True
8039-EQPIM,60.25,60.433587075777204,-0.18358707577720423,Normal,No Offer Needed,False,Regular Customer,True
6900-PXRMS,105.75,105.3398110645938,0.4101889354061967,Normal,No Offer Needed,False,Regular Customer,True
8707-RMEZH,87.3,87.49252390504546,-0.19252390504546213,Normal,No Offer Needed,False,Regular Customer,True
3346-BRMIS,48.35,48.70315327886833,-0.3531532788683265,Normal,No Offer Needed,False,Regular Customer,False
3209-ZPKFI,54.25,53.80973356169744,0.44026643830255807,High Drop,Loyalty Discount Offer,True,Outreach Customer,False
6479-VDGRK,85.3,84.99162024980849,0.30837975019150576,Normal,No Offer Needed,False,Regular Customer,True
9373-WSLOY,50.0,49.82022383699527,0.17977616300473187,Normal,No Offer Needed,False,Regular Customer,False
2933-FILNV,24.4,24.65841131348312,-0.25841131348312274,Normal,No Offer Needed,False,Regular Customer,False
3569-JFODW,90.95,90.76589437130674,0.18410562869325986,Normal,No Offer Needed,False,Regular Customer,True
9819-FBNSV,72.25,72.12957670283805,0.120423297161949,Normal,No Offer Needed,False,Regular Customer,False
9544-PYPSJ,96.1,95.76136474676441,0.3386352532355801,Normal,No Offer Needed,False,Regular Customer,True
1591-XWLGB,19.85,19.989841313501344,-0.13984131350134277,Normal,No Offer Needed,False,Regular Customer,True
0396-UKGAI,55.3,54.960383963168795,0.33961603683120245,Normal,No Offer Needed,False,Regular Customer,False
3243-ZHOHY,20.1,20.322170694997098,-0.22217069499709652,Normal,No Offer Needed,False,Regular Customer,False
5186-EJEGL,69.5,68.97277264102449,0.5272273589755088,High Drop,Loyalty Discount Offer,True,Outreach Customer,False
7527-QNRUS,25.15,25.264416662376025,-0.11441666237602632,Normal,No Offer Needed,False,Regular Customer,False
9986-BONCE,20.95,21.67664565483513,-0.7266456548351314,Normal,No Offer Needed,False,Regular Customer,False
2722-JMONI,49.55,49.87318204696561,-0.3231820469656128,Normal,No Offer Needed,False,Regular Customer,False
2203-GHNWN,79.65,78.86660703863423,0.7833929613657773,High Drop,Premium Entertainment Bundle,True,Outreach Customer,False
3878-AVSOQ,71.25,71.35471380509506,-0.10471380509505934,Normal,No Offer Needed,False,Regular Customer,False
3258-SYSWS,113.8,113.86717112038609,-0.0671711203860923,Normal,No Offer Needed,False,Regular Customer,True
5296-PSYVW,24.55,24.54173094016867,0.008269059831331305,Normal,No Offer Needed,False,Regular Customer,True
6319-QSUSR,19.7,20.289053271213657,-0.5890532712136576,Normal,No Offer Needed,False,Regular Customer,False
4083-EUGRJ,20.25,20.780286788189006,-0.5302867881890059,Normal,No Offer Needed,False,Regular Customer,False
7579-OOPEC,50.15,50.27318652719748,-0.12318652719748258,Normal,No Offer Needed,False,Regular Customer,False
0512-FLFDW,100.5,100.40287539230427,0.09712460769573283,Normal,No Offer Needed,False,Regular Customer,True
1771-OADNZ,95.9,95.68073471045071,0.21926528954929836,Normal,No Offer Needed,False,Regular Customer,True
0487-CRLZF,74.45,74.40274410135548,0.047255898644522176,Normal,No Offer Needed,False,Regular Customer,False
2107-FBPTK,104.1,103.69510893905311,0.40489106094688054,Normal,No Offer Needed,False,Regular Customer,True
9451-WLYRI,19.05,19.163035866085814,-0.11303586608581284,Normal,No Offer Needed,False,Regular Customer,True
8219-VYBVI,25.0,25.05357356313452,-0.05357356313452044,Normal,No Offer Needed,False,Regular Customer,False
1991-VOPLL,19.05,19.340615482326406,-0.2906154823264053,Normal,No Offer Needed,False,Regular Customer,False
9738-QLWTP,81.9,81.84297077556339,0.05702922443661862,Normal,No Offer Needed,False,Regular Customer,True
1016-DJTSV,69.7,69.90394937392034,-0.20394937392033796,Normal,No Offer Needed,False,Regular Customer,False
9419-IPPBE,90.15,89.88053376898496,0.26946623101504485,Normal,No Offer Needed,False,Regular Customer,True
0174-QRVVY,25.35,25.38955710485153,-0.039557104851528635,Normal,No Offer Needed,False,Regular Customer,True
5699-BNCAS,24.65,24.467455907854024,0.18254409214597445,Normal,No Offer Needed,False,Regular Customer,True
2900-PHPLN,19.55,19.709658772677276,-0.15965877267727535,Normal,No Offer Needed,False,Regular Customer,True
0612-RTZZA,25.25,26.157724542393808,-0.9077245423938081,Normal,No Offer Needed,False,Regular Customer,False
8106-GWQOK,60.0,60.26410903486747,-0.2641090348674666,Normal,No Offer Needed,False,Regular Customer,False
8751-EDEKA,89.9,89.62319798284794,0.27680201715206465,Normal,No Offer Needed,False,Regular Customer,True
6878-GGDWG,19.4,19.542252961777773,-0.1422529617777748,Normal,No Offer Needed,False,Regular Customer,False
4039-PIMHX,49.8,49.437073799839936,0.36292620016006083,Normal,No Offer Needed,False,Regular Customer,False
8450-LUGUK,24.1,24.160460675109217,-0.0604606751092156,Normal,No Offer Needed,False,Regular Customer,False
3604-WLABM,54.25,54.14393743277953,0.10606256722046936,Normal,No Offer Needed,False,Regular Customer,False
0795-GMVQO,109.9,109.87481019374704,0.025189806252967628,Normal,No Offer Needed,False,Regular Customer,True
2259-OUUSZ,35.5,35.949401437838866,-0.44940143783886555,Normal,No Offer Needed,False,Regular Customer,False
1142-IHLOO,87.55,87.85773865863331,-0.30773865863331196,Normal,No Offer Needed,False,Regular Customer,True
6410-LEFEN,45.15,45.543197333789664,-0.39319733378966504,Normal,No Offer Needed,False,Regular Customer,False
4633-MKHYU,88.4,88.08881018744168,0.31118981255832523,Normal,No Offer Needed,False,Regular Customer,True
6257-RJOHI,50.8,50.616854404615545,0.18314559538445252,Normal,No Offer Needed,False,Regular Customer,False
1545-JFUML,99.0,98.94998263039516,0.05001736960484493,Normal,No Offer Needed,False,Regular Customer,True
3194-ORPIK,84.4,84.0806565896303,0.3193434103697115,Normal,No Offer Needed,False,Regular Customer,True
7826-VVKWT,96.55,96.45126649746013,0.09873350253987212,Normal,No Offer Needed,False,Regular Customer,True
1353-GHZOS,59.75,59.6642942224717,0.08570577752829678,Normal,No Offer Needed,False,Regular Customer,False
2587-EKXTS,111.5,111.3443236288033,0.15567637119670508,Normal,No Offer Needed,False,Regular Customer,True
5442-BXVND,24.25,24.140404069711284,0.10959593028871595,Normal,No Offer Needed,False,Regular Customer,False
8816-VXNZD,75.1,75.19674111867356,-0.09674111867356316,Normal,No Offer Needed,False,Regular Customer,False
9378-FXTIZ,70.15,70.21099935498329,-0.060999354983280796,Normal,No Offer Needed,False,Regular Customer,True
1723-HKXJQ,101.75,101.87537923973414,-0.12537923973414422,Normal,No Offer Needed,False,Regular Customer,True
7825-GKXMW,45.8,46.230337334124336,-0.4303373341243386,Normal,No Offer Needed,False,Regular Customer,False
9753-OYLBX,20.5,20.870077809124556,-0.370077809124556,Normal,No Offer Needed,False,Regular Customer,False
2364-UFROM,70.4,70.29029896768729,0.10970103231271366,Normal,No Offer Needed,False,Regular Customer,False
6656-JWRQX,30.55,30.78637407318032,-0.23637407318031833,Normal,No Offer Needed,False,Regular Customer,False
6473-ULUHT,84.9,84.51240130937714,0.3875986906228661,Normal,No Offer Needed,False,Regular Customer,True
1240-KNSEZ,20.1,20.699402246207757,-0.599402246207756,Normal,No Offer Needed,False,Regular Customer,False
0836-SEYLU,40.65,40.79786347195269,-0.14786347195268945,Normal,No Offer Needed,False,Regular Customer,False
4433-JCGCG,101.0,101.01353100542532,-0.013531005425321041,Normal,No Offer Needed,False,Regular Customer,True
3716-BDVDB,69.1,69.46613310307154,-0.36613310307154734,Normal,No Offer Needed,False,Regular Customer,False
7688-AWMDX,54.5,54.46121843746459,0.038781562535412206,Normal,No Offer Needed,False,Regular Customer,True
2842-BCQGE,75.35,75.42167329908416,-0.07167329908416775,Normal,No Offer Needed,False,Regular Customer,False
7244-QWYHG,44.45,44.469215960416314,-0.019215960416310907,Normal,No Offer Needed,False,Regular Customer,False
5899-MQZZL,75.0,74.72356590490192,0.27643409509808237,Normal,No Offer Needed,False,Regular Customer,False
6849-OYAMU,100.0,99.698679274934,0.30132072506600593,Normal,No Offer Needed,False,Regular Customer,True
5312-UXESG,98.05,97.76021199467303,0.2897880053269688,Normal,No Offer Needed,False,Regular Customer,True
9488-HGMJH,71.15,71.417597902813,-0.26759790281299445,Normal,No Offer Needed,False,Regular Customer,False
6038-GCYEC,54.15,54.42708937738656,-0.2770893773865595,Normal,No Offer Needed,False,Regular Customer,False
2150-WLKUW,63.9,63.323564670756554,0.576435329243445,High Drop,Online Security Add-on,True,Outreach Customer,False
7159-FVYPK,69.15,68.23018313104619,0.9198168689538164,High Drop,Loyalty Discount Offer,True,Outreach Customer,False
7032-LMBHI,64.65,64.43045142697545,0.21954857302455366,Normal,No Offer Needed,False,Regular Customer,False
1150-WFARN,108.75,108.991832606273,-0.2418326062729932,Normal,No Offer Needed,False,Regular Customer,True
6088-BXMRG,98.85,98.42575164843875,0.4242483515612463,High Drop,Premium Entertainment Bundle,True,Outreach Customer,True
3144-AUDBS,49.15,49.3045503536337,-0.1545503536337023,Normal,No Offer Needed,False,Regular Customer,False
4821-SJHJV,89.6,89.33418848256312,0.26581151743687315,Normal,No Offer Needed,False,Regular Customer,True
7346-MEDWM,83.25,82.87546809060082,0.374531909399181,Normal,No Offer Needed,False,Regular Customer,True
1137-DGOWI,70.25,69.7470288014158,0.5029711985842056,High Drop,Online Security Add-on,True,Outreach Customer,False
5616-PRTNT,19.4,20.07529206755666,-0.6752920675566614,Normal,No Offer Needed,False,Regular Customer,False
3812-LRZIR,24.5,24.866332494764713,-0.36633249476471264,Normal,No Offer Needed,False,Regular Customer,False
4818-QIUFN,79.15,79.30205285788756,-0.15205285788755418,Normal,No Offer Needed,False,Regular Customer,False
9483-GCPWE,20.1,20.38780991938227,-0.2878099193822692,Normal,No Offer Needed,False,Regular Customer,False
4227-OJHAL,73.0,72.3864377577642,0.6135622422358011,High Drop,Personalized Retention Offer,True,Outreach Customer,True
9220-CXRSC,61.4,61.26461327311894,0.1353867268810589,Normal,No Offer Needed,False,Regular Customer,True
4993-JCRGJ,84.3,83.66163479608761,0.6383652039123859,High Drop,Premium Entertainment Bundle,True,Outreach Customer,True
9537-JALFH,19.9,19.850929338304365,0.04907066169563379,Normal,No Offer Needed,False,Regular Customer,True
6698-OXETB,20.4,20.993408638545088,-0.593408638545089,Normal,No Offer Needed,False,Regular Customer,False
2103-ZRXFN,50.75,50.539974416587064,0.21002558341293565,Normal,No Offer Needed,False,Regular Customer,False
3724-BSCVH,20.45,20.60316802597724,-0.15316802597724077,Normal,No Offer Needed,False,Regular Customer,False
4877-TSOFF,75.75,75.27438258137282,0.47561741862718065,High Drop,Personalized Retention Offer,True,Outreach Customer,True
9209-NWPGU,65.4,65.46077795860222,-0.06077795860221613,Normal,No Offer Needed,False,Regular Customer,False
6961-VCPMC,80.4,80.76572335857574,-0.36572335857573535,Normal,No Offer Needed,False,Regular Customer,True
7306-YDSOI,59.75,59.31204719407967,0.43795280592033237,High Drop,Personalized Retention Offer,True,Outreach Customer,True
5288-AHOUP,78.5,78.80124286270876,-0.30124286270876155,Normal,No Offer Needed,False,Regular Customer,False
6688-UZPWD,102.0,101.71756230668493,0.2824376933150745,Normal,No Offer Needed,False,Regular Customer,True
0655-YDGFJ,48.95,48.756568690073074,0.19343130992692892,Normal,No Offer Needed,False,Regular Customer,False
8468-EHYJA,99.65,99.70549212949216,-0.05549212949215132,Normal,No Offer Needed,False,Regular Customer,True
6823-SIDFQ,18.25,18.86767947273896,-0.6176794727389598,Normal,No Offer Needed,False,Regular Customer,False
1097-FSPVW,54.55,54.52760331972184,0.02239668027815611,Normal,No Offer Needed,False,Regular Customer,False
2839-RFSQE,20.65,21.169202148183775,-0.5192021481837763,Normal,No Offer Needed,False,Regular Customer,False
8328-SKJNO,40.65,40.77002815529269,-0.12002815529269384,Normal,No Offer Needed,False,Regular Customer,False
7010-ZMVBF,20.45,20.401558718515616,0.04844128148438287,Normal,No Offer Needed,False,Regular Customer,False
5201-CBWYG,24.8,24.48116485817281,0.31883514182718997,Normal,No Offer Needed,False,Regular Customer,True
0968-GSIKN,70.8,70.67795296305889,0.12204703694111174,Normal,No Offer Needed,False,Regular Customer,False
1965-DDBWU,89.05,89.29601968482028,-0.2460196848202827,Normal,No Offer Needed,False,Regular Customer,True
9057-SIHCH,96.6,96.61753715883289,-0.017537158832894306,Normal,No Offer Needed,False,Regular Customer,True
6352-GIGGQ,88.8,88.4249614827008,0.37503851729920257,Normal,No Offer Needed,False,Regular Customer,True
3635-QQRQD,20.05,20.478542647283916,-0.42854264728391556,Normal,No Offer Needed,False,Regular Customer,True
6771-XWBDM,104.5,104.34430187503084,0.15569812496916313,Normal,No Offer Needed,False,Regular Customer,True
2897-DOVND,69.8,69.99881835147004,-0.19881835147003812,Normal,No Offer Needed,False,Regular Customer,False
3082-YVEKW,77.15,76.60455091724866,0.5454490827513467,High Drop,Personalized Retention Offer,True,Outreach Customer,False
0191-EQUUH,35.05,35.49414297456678,-0.4441429745667804,Normal,No Offer Needed,False,Regular Customer,False
7134-HBPBS,108.1,108.02960136932609,0.07039863067390684,Normal,No Offer Needed,False,Regular Customer,True
3489-HHPFY,84.05,83.7165799422767,0.33342005772330197,Normal,No Offer Needed,False,Regular Customer,True
2926-JEJJC,20.2,20.720502757758236,-0.5205027577582371,Normal,No Offer Needed,False,Regular Customer,False
8601-QACRS,50.6,50.42916061360418,0.1708393863958193,Normal,No Offer Needed,False,Regular Customer,False
4950-BDEUX,49.2,49.54096035500681,-0.340960355006807,Normal,No Offer Needed,False,Regular Customer,False
5789-LDFXO,24.6,25.063623512700143,-0.463623512700142,Normal,No Offer Needed,False,Regular Customer,False
0508-OOLTO,71.65,71.51376971274401,0.13623028725599795,Normal,No Offer Needed,False,Regular Customer,False
2984-TBYKU,104.9,105.01955936932123,-0.11955936932122313,Normal,No Offer Needed,False,Regular Customer,True
9822-WMWVG,106.5,105.98816927576293,0.5118307242370719,High Drop,Premium Entertainment Bundle,True,Outreach Customer,True
2391-SOORI,49.35,49.78970180853466,-0.43970180853465735,Normal,No Offer Needed,False,Regular Customer,False
9040-KZVWO,75.5,75.37869059382605,0.1213094061739497,Normal,No Offer Needed,False,Regular Customer,False
2645-QTLMB,94.25,94.34140847484707,-0.09140847484707137,Normal,No Offer Needed,False,Regular Customer,True
4806-HIPDW,68.95,69.10575682805309,-0.15575682805308588,Normal,No Offer Needed,False,Regular Customer,False
1548-ARAGG,58.5,57.622639803777204,0.8773601962227957,High Drop,Loyalty Discount Offer,True,Outreach Customer,False
6339-RZCBJ,78.9,78.95574878250483,-0.05574878250482129,Normal,No Offer Needed,False,Regular Customer,False
4424-TKOPW,93.85,93.97807620579617,-0.12807620579617662,Normal,No Offer Needed,False,Regular Customer,True
4415-WNGVR,79.2,78.95942195019846,0.24057804980154174,Normal,No Offer Needed,False,Regular Customer,False
2522-AHJXR,109.45,109.25279476042078,0.19720523957921898,Normal,No Offer Needed,False,Regular Customer,True
0412-UCCNP,59.2,59.292276703897976,-0.09227670389797282,Normal,No Offer Needed,False,Regular Customer,True
1816-FLZDK,29.15,29.48389347248796,-0.3338934724879614,Normal,No Offer Needed,False,Regular Customer,False
7096-UCLNH,20.05,20.508825616828464,-0.458825616828463,Normal,No Offer Needed,False,Regular Customer,False
8443-ZRDBZ,76.05,76.22851776898158,-0.17851776898157823,Normal,No Offer Needed,False,Regular Customer,False
9136-ALYBR,24.45,25.0359049301529,-0.5859049301528998,Normal,No Offer Needed,False,Regular Customer,False
4615-PIVVU,66.5,66.700069096464,-0.20006909646400572,Normal,No Offer Needed,False,Regular Customer,False
8885-QSQBX,49.55,49.69733034096276,-0.14733034096276043,Normal,No Offer Needed,False,Regular Customer,False
7479-NITWS,89.35,89.2042867006995,0.14571329930049615,Normal,No Offer Needed,False,Regular Customer,True
8617-ENBDS,73.6,73.60020241674577,-0.00020241674577903268,Normal,No Offer Needed,False,Regular Customer,False
9385-NXKDA,82.65,82.53783660383277,0.11216339616723303,Normal,No Offer Needed,False,Regular Customer,True
0430-IHCDJ,49.0,49.108385441664986,-0.10838544166498565,Normal,No Offer Needed,False,Regular Customer,False
2959-MJHIC,80.35,80.43390279388109,-0.08390279388109434,Normal,No Offer Needed,False,Regular Customer,True
6674-KVJHG,25.2,25.6981245303787,-0.49812453037869986,Normal,No Offer Needed,False,Regular Customer,False
1814-DKOLC,25.45,25.607093035906114,-0.15709303590611512,Normal,No Offer Needed,False,Regular Customer,False
4201-JMNGR,55.8,55.9886160663334,-0.18861606633340244,Normal,No Offer Needed,False,Regular Customer,False
9351-HXDMR,110.9,111.30280073087255,-0.4028007308725421,Normal,No Offer Needed,False,Regular Customer,True
3537-HPKQT,77.75,77.4579528453265,0.2920471546734973,Normal,No Offer Needed,False,Regular Customer,True
2129-ALKBS,26.2,26.151960170244585,0.048039829755413876,Normal,No Offer Needed,False,Regular Customer,False
5821-MMEIL,19.9,20.002002417145288,-0.10200241714528957,Normal,No Offer Needed,False,Regular Customer,True
5960-WPXQM,79.05,79.27049421159896,-0.220494211598961,Normal,No Offer Needed,False,Regular Customer,False
0684-AOSIH,95.0,95.17860379657027,-0.1786037965702718,Normal,No Offer Needed,False,Regular Customer,True
8260-NGFNY,25.2,25.71530962634377,-0.5153096263437718,Normal,No Offer Needed,False,Regular Customer,False
1309-XGFSN,80.85,80.31845249847966,0.5315475015203361,High Drop,Online Security Add-on,True,Outreach Customer,True
1866-RZZQS,98.4,98.53663336526061,-0.13663336526060732,Normal,No Offer Needed,False,Regular Customer,True
6968-URWQU,56.35,55.89069893271178,0.45930106728822295,High Drop,Online Security Add-on,True,Outreach Customer,False
4742-TXUEX,19.3,19.409175400093954,-0.1091754000939531,Normal,No Offer Needed,False,Regular Customer,False
9631-XEYKE,50.4,50.412039028542985,-0.01203902854298633,Normal,No Offer Needed,False,Regular Customer,False
8631-NBHFZ,79.4,79.18644691983023,0.21355308016977403,Normal,No Offer Needed,False,Regular Customer,True
1335-MXCSE,55.25,55.104691651056335,0.14530834894366507,Normal,No Offer Needed,False,Regular Customer,True
8873-TMKGR,19.1,19.267063921125008,-0.16706392112500623,Normal,No Offer Needed,False,Regular Customer,False
8800-JOOCF,84.05,83.76503068272936,0.2849693172706367,Normal,No Offer Needed,False,Regular Customer,True
1469-LBJQJ,105.2,104.91661531945525,0.2833846805447564,Normal,No Offer Needed,False,Regular Customer,True
4958-XCBDQ,101.4,101.45243002837296,-0.052430028372953075,Normal,No Offer Needed,False,Regular Customer,True
8337-UPOAQ,89.8,89.71973271768658,0.08026728231341451,Normal,No Offer Needed,False,Regular Customer,True
0064-YIJGF,75.75,75.37362409642088,0.37637590357911677,Normal,No Offer Needed,False,Regular Customer,False
2386-OWURY,95.3,95.56819207650462,-0.2681920765046186,Normal,No Offer Needed,False,Regular Customer,True
1725-IQNIY,109.75,109.91941207646862,-0.16941207646861756,Normal,No Offer Needed,False,Regular Customer,True
0310-VQXAM,19.85,20.22216885029506,-0.37216885029505775,Normal,No Offer Needed,False,Regular Customer,False
6598-RFFVI,19.3,20.359533369842758,-1.0595333698427574,Normal,No Offer Needed,False,Regular Customer,False
3453-RTHJQ,69.1,69.30579893234578,-0.20579893234578606,Normal,No Offer Needed,False,Regular Customer,False
6712-OAWRH,91.25,91.54042847518473,-0.2904284751847257,Normal,No Offer Needed,False,Regular Customer,True
6278-FEPBZ,20.25,20.535367351043877,-0.28536735104387745,Normal,No Offer Needed,False,Regular Customer,False
4280-DLSHD,54.75,54.07507115914342,0.6749288408565803,High Drop,Loyalty Discount Offer,True,Outreach Customer,False
1508-DFXCU,81.45,81.49541436698077,-0.04541436698076495,Normal,No Offer Needed,False,Regular Customer,True
8614-VGMMV,49.1,49.26991950246409,-0.16991950246409004,Normal,No Offer Needed,False,Regular Customer,False
7868-BGSZA,80.2,80.05670568229317,0.14329431770683243,Normal,No Offer Needed,False,Regular Customer,True
2800-QQUSO,100.3,100.38039951700196,-0.08039951700196468,Normal,No Offer Needed,False,Regular Customer,True
2930-UOTMB,65.25,65.16146130396473,0.08853869603527187,Normal,No Offer Needed,False,Regular Customer,False
7973-DZRKH,90.95,90.97036811340607,-0.02036811340606448,Normal,No Offer Needed,False,Regular Customer,True
5914-DVBWJ,85.45,85.25013807168393,0.19986192831606786,Normal,No Offer Needed,False,Regular Customer,True
7698-YFGEZ,20.0,20.459287279544448,-0.4592872795444478,Normal,No Offer Needed,False,Regular Customer,False
2533-QVMSK,94.1,94.18745056465445,-0.08745056465446055,Normal,No Offer Needed,False,Regular Customer,True
9773-PEQBZ,79.85,79.68027439760232,0.1697256023976763,Normal,No Offer Needed,False,Regular Customer,False
8644-XLFBW,71.65,71.99757411891316,-0.34757411891315826,Normal,No Offer Needed,False,Regular Customer,False
0650-BWOZN,73.55,73.46629787796675,0.08370212203324456,Normal,No Offer Needed,False,Regular Customer,False
8625-AZYZY,104.65,104.32254594159032,0.32745405840968544,Normal,No Offer Needed,False,Regular Customer,True
7785-RDVIG,19.3,19.427454647180102,-0.1274546471801017,Normal,No Offer Needed,False,Regular Customer,False
9602-WCXPI,20.15,20.51002825916894,-0.3600282591689421,Normal,No Offer Needed,False,Regular Customer,False
2903-YYTBW,44.55,44.683860328691644,-0.13386032869164666,Normal,No Offer Needed,False,Regular Customer,False
3620-MWJNE,54.45,54.30899624532358,0.14100375467642579,Normal,No Offer Needed,False,Regular Customer,False
8573-JGCZW,19.65,20.167514086246683,-0.5175140862466847,Normal,No Offer Needed,False,Regular Customer,False
6837-HAEVO,105.0,104.97659140598225,0.023408594017752193,Normal,No Offer Needed,False,Regular Customer,True
6701-YVNQG,88.7,88.62937587606697,0.07062412393302964,Normal,No Offer Needed,False,Regular Customer,True
9306-CPCBC,74.25,74.35303762294485,-0.10303762294485352,Normal,No Offer Needed,False,Regular Customer,False
4304-XUMGI,75.15,74.8421034513258,0.3078965486742078,Normal,No Offer Needed,False,Regular Customer,False
9504-YAZWB,20.25,20.29185423843352,-0.04185423843351899,Normal,No Offer Needed,False,Regular Customer,True
8819-ZBYNA,109.1,109.27729733456226,-0.17729733456226882,Normal,No Offer Needed,False,Regular Customer,True
6174-NRBTZ,30.75,31.05902933139231,-0.3090293313923098,Normal,No Offer Needed,False,Regular Customer,False
9481-IEBZY,112.9,112.82312964840673,0.07687035159327138,Normal,No Offer Needed,False,Regular Customer,True
1833-VGRUM,74.2,74.31003686191825,-0.11003686191824613,Normal,No Offer Needed,False,Regular Customer,False
6137-NICCO,94.05,92.76601387317803,1.283986126821972,High Drop,Premium Entertainment Bundle,True,Outreach Customer,True
9065-ZCPQX,78.85,78.63680113785702,0.21319886214297412,Normal,No Offer Needed,False,Regular Customer,True
6402-EJMWF,55.3,55.31162723294492,-0.011627232944924515,Normal,No Offer Needed,False,Regular Customer,False
3620-EHIMZ,19.35,19.18143492789523,0.1685650721047729,Normal,No Offer Needed,False,Regular Customer,True
6870-ECSHE,20.45,20.8273367242638,-0.3773367242638024,Normal,No Offer Needed,False,Regular Customer,False
8747-UDCOI,19.35,19.37839304093359,-0.028393040933590186,Normal,No Offer Needed,False,Regular Customer,True
8374-XGEJJ,101.0,101.01952993649206,-0.019529936492062916,Normal,No Offer Needed,False,Regular Customer,True
2656-TABEH,100.2,99.97140512257673,0.22859487742327644,Normal,No Offer Needed,False,Regular Customer,True
6946-LMSQS,89.05,89.31068093769555,-0.2606809376955539,Normal,No Offer Needed,False,Regular Customer,True
4626-OZDTJ,78.65,78.31568035852877,0.3343196414712395,Normal,No Offer Needed,False,Regular Customer,True
9169-BSVIN,74.75,74.44577551719713,0.30422448280286574,Normal,No Offer Needed,False,Regular Customer,False
2325-ZUSFD,70.1,70.05899055321112,0.04100944678887686,Normal,No Offer Needed,False,Regular Customer,True
8194-PEEBY,19.9,19.821653666158383,0.07834633384161549,Normal,No Offer Needed,False,Regular Customer,False
6872-HXFNF,58.35,57.66199503043872,0.688004969561284,High Drop,Online Security Add-on,True,Outreach Customer,True
3932-CMDTD,105.65,105.29439326170598,0.35560673829402845,Normal,No Offer Needed,False,Regular Customer,True
7714-YXSMB,100.5,100.09868545245469,0.4013145475453115,Normal,No Offer Needed,False,Regular Customer,True
8387-UGUSU,20.05,20.035729187117052,0.014270812882948292,Normal,No Offer Needed,False,Regular Customer,False
1080-BWSYE,25.65,25.879538112032325,-0.22953811203232632,Normal,No Offer Needed,False,Regular Customer,True
4039-HEUNW,96.5,96.46576311512368,0.03423688487632148,Normal,No Offer Needed,False,Regular Customer,True
1194-HVAIF,95.0,94.8990383940244,0.10096160597559845,Normal,No Offer Needed,False,Regular Customer,True
0812-WUPTB,70.85,70.71082401824414,0.1391759817558551,Normal,No Offer Needed,False,Regular Customer,False
3594-UVONA,85.95,85.94935960740216,0.0006403925978446523,Normal,No Offer Needed,False,Regular Customer,True
0004-TLHLJ,73.9,74.01607343045923,-0.11607343045922391,Normal,No Offer Needed,False,Regular Customer,False
1767-TGTKO,45.45,45.44113262188508,0.00886737811492111,Normal,No Offer Needed,False,Regular Customer,False
8439-LTUGF,20.0,20.76491937017962,-0.7649193701796193,Normal,No Offer Needed,False,Regular Customer,False
8805-JNRAZ,49.2,48.86377999865191,0.3362200013480958,Normal,No Offer Needed,False,Regular Customer,False
5089-IFSDP,109.45,109.40101684470577,0.04898315529423769,Normal,No Offer Needed,False,Regular Customer,True
6418-HNFED,83.25,83.20913660703096,0.040863392969043844,Normal,No Offer Needed,False,Regular Customer,True
0206-OYVOC,19.25,19.117519614394727,0.1324803856052732,Normal,No Offer Needed,False,Regular Customer,False
7291-CDTMJ,19.65,20.322491183317712,-0.6724911833177138,Normal,No Offer Needed,False,Regular Customer,False
7128-GGCNO,72.8,72.69428904168525,0.10571095831474508,Normal,No Offer Needed,False,Regular Customer,False
0237-YFUTL,109.65,109.29246095777114,0.3575390422288649,Normal,No Offer Needed,False,Regular Customer,True
7691-KGKGP,65.0,64.58903088382723,0.4109691161727653,Normal,No Offer Needed,False,Regular Customer,True
6710-HSJRD,114.1,113.86780999944257,0.23219000055742356,Normal,No Offer Needed,False,Regular Customer,True
3675-EQOZA,20.65,21.28852416153762,-0.6385241615376209,Normal,No Offer Needed,False,Regular Customer,False
0840-DCNZE,86.95,86.65110712639584,0.29889287360416006,Normal,No Offer Needed,False,Regular Customer,True
1732-FEKLD,94.75,94.18852153354312,0.5614784664568759,High Drop,Premium Entertainment Bundle,True,Outreach Customer,True
9862-KJTYK,25.35,25.928303102591766,-0.5783031025917644,Normal,No Offer Needed,False,Regular Customer,False
0479-HMSWA,105.45,105.2060562312629,0.2439437687370969,Normal,No Offer Needed,False,Regular Customer,True
5854-KSRBJ,25.4,25.01423238350711,0.38576761649288827,Normal,No Offer Needed,False,Regular Customer,True
0365-BZUWY,102.55,102.01669057040657,0.5333094295934302,High Drop,Premium Entertainment Bundle,True,Outreach Customer,True
4817-VYYWS,100.2,100.16362349644773,0.03637650355227606,Normal,No Offer Needed,False,Regular Customer,True
5701-SVCWR,24.0,24.104879579385916,-0.10487957938591563,Normal,No Offer Needed,False,Regular Customer,False
3129-AAQOU,25.6,25.631538909572146,-0.031538909572145,Normal,No Offer Needed,False,Regular Customer,False
4922-CVPDX,73.5,73.37984592101165,0.12015407898834951,Normal,No Offer Needed,False,Regular Customer,False
1396-QWFBJ,74.05,73.72903971242525,0.32096028757474926,Normal,No Offer Needed,False,Regular Customer,False
1357-BIJKI,98.25,98.14091516048147,0.10908483951853043,Normal,No Offer Needed,False,Regular Customer,True
1099-BTKWT,54.4,54.47556293920966,-0.07556293920966084,Normal,No Offer Needed,False,Regular Customer,True
5299-SJCZT,101.55,101.24572323985036,0.3042767601496337,Normal,No Offer Needed,False,Regular Customer,True
2018-PZKMU,103.1,102.67993962520161,0.420060374798382,High Drop,Premium Entertainment Bundle,True,Outreach Customer,True
7340-KEFQE,34.2,34.32729349556093,-0.12729349556092728,Normal,No Offer Needed,False,Regular Customer,True
4570-QHXHL,43.75,43.971243308204,-0.22124330820400218,Normal,No Offer Needed,False,Regular Customer,False
2403-BCASL,111.95,111.57194966600849,0.37805033399151,Normal,No Offer Needed,False,Regular Customer,True
7392-YYPYJ,100.65,100.53315945457184,0.11684054542816114,Normal,No Offer Needed,False,Regular Customer,True
2898-LSJGD,55.95,56.240567467640716,-0.29056746764071306,Normal,No Offer Needed,False,Regular Customer,False
2223-GDSHL,116.05,115.95115526222239,0.09884473777761116,Normal,No Offer Needed,False,Regular Customer,True
7359-PTSXY,45.75,46.26539184010035,-0.5153918401003494,Normal,No Offer Needed,False,Regular Customer,False
9470-RTWDV,82.0,81.57646116241595,0.4235388375840472,High Drop,Online Security Add-on,True,Outreach Customer,True
2176-OSJUV,65.15,64.89257658929375,0.2574234107062523,Normal,No Offer Needed,False,Regular Customer,True
9348-YVOMK,44.8,45.161704721514774,-0.3617047215147764,Normal,No Offer Needed,False,Regular Customer,False
8104-OSKWT,79.8,79.7904064950238,0.009593504976194822,Normal,No Offer Needed,False,Regular Customer,False
4521-YEEHE,88.85,88.47077400474043,0.37922599525956,Normal,No Offer Needed,False,Regular Customer,True
4090-KPJIP,74.95,74.88491263796332,0.06508736203667809,Normal,No Offer Needed,False,Regular Customer,False
3786-WOVKF,106.85,106.75900929059021,0.09099070940978038,Normal,No Offer Needed,False,Regular Customer,True
4503-BDXBD,74.95,75.106515738463,-0.15651573846299982,Normal,No Offer Needed,False,Regular Customer,False
6086-ESGRL,80.15,80.5506860687125,-0.40068606871248846,Normal,No Offer Needed,False,Regular Customer,True
2592-HODOV,19.3,20.078613375095056,-0.7786133750950555,Normal,No Offer Needed,False,Regular Customer,False
3886-CERTZ,109.25,109.20049830341658,0.04950169658341963,Normal,No Offer Needed,False,Regular Customer,True
7995-ZHHNZ,56.1,56.09948236725137,0.0005176327486324794,Normal,No Offer Needed,False,Regular Customer,False
3824-RHKVR,19.7,20.32721267189301,-0.6272126718930124,Normal,No Offer Needed,False,Regular Customer,False
5816-SCGFC,51.3,50.91889719321078,0.38110280678921526,Normal,No Offer Needed,False,Regular Customer,False
5989-AXPUC,118.6,118.2662277265819,0.33377227341809146,Normal,No Offer Needed,False,Regular Customer,True
4979-HPRFL,24.15,24.140105090631987,0.009894909368011184,Normal,No Offer Needed,False,Regular Customer,True
8590-OHDIW,20.3,20.049682859414602,0.25031714058539833,Normal,No Offer Needed,False,Regular Customer,False
8015-IHCGW,115.5,115.49071531600806,0.009284683991936049,Normal,No Offer Needed,False,Regular Customer,True
2332-TODQS,25.05,25.219335249954213,-0.16933524995421223,Normal,No Offer Needed,False,Regular Customer,False
9278-VZKCD,109.1,108.79430199825804,0.30569800174195905,Normal,No Offer Needed,False,Regular Customer,True
8008-OTEZX,19.65,19.44308286776436,0.20691713223563823,Normal,No Offer Needed,False,Regular Customer,False
2773-OVBPK,111.3,111.18415934251794,0.11584065748205319,Normal,No Offer Needed,False,Regular Customer,True
5999-LCXAO,29.9,30.2805270610355,-0.38052706103550094,Normal,No Offer Needed,False,Regular Customer,False
5206-XZZQI,80.6,80.1765127240679,0.42348727593208935,High Drop,Premium Entertainment Bundle,True,Outreach Customer,True
4803-LBYPN,20.8,20.64750721606391,0.1524927839360899,Normal,No Offer Needed,False,Regular Customer,False
5759-RCVCB,35.2,35.980516547502425,-0.7805165475024225,Normal,No Offer Needed,False,Regular Customer,False
6372-RFVNS,78.8,78.83196374220317,-0.03196374220317466,Normal,No Offer Needed,False,Regular Customer,False
2139-FQHLM,89.95,89.33396485231302,0.6160351476869863,High Drop,Premium Entertainment Bundle,True,Outreach Customer,True
8261-GWDBQ,116.05,115.85041165121481,0.19958834878518417,Normal,No Offer Needed,False,Regular Customer,True
1093-YSWCA,19.55,20.57583309428973,-1.0258330942897302,Normal,No Offer Needed,False,Regular Customer,False
8938-UMKPI,106.4,106.29883227984531,0.10116772015469166,Normal,No Offer Needed,False,Regular Customer,True
0991-BRRFB,49.4,49.868362059182175,-0.46836205918217644,Normal,No Offer Needed,False,Regular Customer,False
3882-IYOIJ,115.25,115.12992614053977,0.12007385946023419,Normal,No Offer Needed,False,Regular Customer,True
8749-TZYEC,24.8,24.93864214139604,-0.13864214139604059,Normal,No Offer Needed,False,Regular Customer,True
1755-FZQEC,19.9,19.96232708054267,-0.062327080542672775,Normal,No Offer Needed,False,Regular Customer,False
3115-JPJDD,81.25,81.13998432378624,0.11001567621376296,Normal,No Offer Needed,False,Regular Customer,True
5600-KTXFM,69.95,69.54919494233158,0.4008050576684212,Normal,No Offer Needed,False,Regular Customer,False
3871-IKPYH,69.1,69.49204139761916,-0.3920413976191668,Normal,No Offer Needed,False,Regular Customer,False
6319-IEJWJ,90.2,90.31826377840561,-0.11826377840560554,Normal,No Offer Needed,False,Regular Customer,True
9025-AOMKI,93.55,93.44566196873335,0.10433803126664998,Normal,No Offer Needed,False,Regular Customer,True
6339-TBELP,86.4,86.55600058736161,-0.1560005873616035,Normal,No Offer Needed,False,Regular Customer,True
7964-YESJC,66.3,65.38643338748876,0.9135666125112323,High Drop,Loyalty Discount Offer,True,Outreach Customer,False
6173-GOLSU,94.65,94.78125005892339,-0.13125005892338493,Normal,No Offer Needed,False,Regular Customer,True
5275-SQEIZ,80.85,80.88172550940259,-0.031725509402591,Normal,No Offer Needed,False,Regular Customer,True
7716-YTYHG,82.05,81.76894362304175,0.28105637695824726,Normal,No Offer Needed,False,Regular Customer,True
9938-ZREHM,72.1,71.41429103999408,0.6857089600059112,High Drop,Online Security Add-on,True,Outreach Customer,False
7950-XWOVN,34.7,34.585999706724934,0.114000293275069,Normal,No Offer Needed,False,Regular Customer,False
4390-KYULV,20.55,21.42016871655142,-0.8701687165514187,Normal,No Offer Needed,False,Regular Customer,False
4647-MUZON,95.95,95.72910485132064,0.2208951486793609,Normal,No Offer Needed,False,Regular Customer,True
9702-AIUJO,44.8,44.489597099092556,0.31040290090744094,Normal,No Offer Needed,False,Regular Customer,False
8849-PRIQJ,109.4,109.23547820128552,0.1645217987144889,Normal,No Offer Needed,False,Regular Customer,True
8851-RAGOV,71.05,70.54259346069404,0.5074065393059612,High Drop,Loyalty Discount Offer,True,Outreach Customer,False
1304-NECVQ,78.55,78.41570527745945,0.1342947225405453,Normal,No Offer Needed,False,Regular Customer,False
5396-IZEPB,19.7,20.500159399886254,-0.8001593998862546,Normal,No Offer Needed,False,Regular Customer,False
1729-VLAZJ,40.25,40.14282497106534,0.10717502893466246,Normal,No Offer Needed,False,Regular Customer,False
8285-ABVLB,19.85,19.99420063793846,-0.14420063793845728,Normal,No Offer Needed,False,Regular Customer,True
0701-TJSEF,68.25,68.16491883608857,0.0850811639114255,Normal,No Offer Needed,False,Regular Customer,False
5712-VBOXD,20.15,20.892950611228844,-0.7429506112288458,Normal,No Offer Needed,False,Regular Customer,False
6629-LADHQ,50.95,50.85360365273619,0.09639634726381274,Normal,No Offer Needed,False,Regular Customer,False
8945-GRKHX,78.65,78.92277684584575,-0.27277684584574047,Normal,No Offer Needed,False,Regular Customer,False
1559-DTODC,25.15,25.61752063361511,-0.46752063361511276,Normal,No Offer Needed,False,Regular Customer,False
4797-MIWUM,20.25,20.627450390874817,-0.3774503908748166,Normal,No Offer Needed,False,Regular Customer,False
6959-UWKHF,42.9,43.420784134720876,-0.520784134720877,Normal,No Offer Needed,False,Regular Customer,False
8720-RQSBJ,44.0,44.37457507723082,-0.37457507723082273,Normal,No Offer Needed,False,Regular Customer,False
4537-CIBHB,20.25,20.320807861514197,-0.07080786151419716,Normal,No Offer Needed,False,Regular Customer,False
3815-SLMEF,34.25,34.67658306492769,-0.4265830649276907,Normal,No Offer Needed,False,Regular Customer,False
5154-VEKBL,58.5,58.59538628181563,-0.09538628181562814,Normal,No Offer Needed,False,Regular Customer,False
4324-AHJKS,55.8,55.8718908185071,-0.07189081850710011,Normal,No Offer Needed,False,Regular Customer,False
4355-CVPVS,88.9,88.79764704189051,0.10235295810949196,Normal,No Offer Needed,False,Regular Customer,True
4495-LHSSK,57.65,57.19828471521553,0.4517152847844699,High Drop,Loyalty Discount Offer,True,Outreach Customer,False
5655-JSMZM,96.2,96.5523094301488,-0.352309430148793,Normal,No Offer Needed,False,Regular Customer,True
5915-ANOEI,79.15,78.46952837399333,0.6804716260066783,High Drop,Personalized Retention Offer,True,Outreach Customer,True
9861-PDSZP,108.05,108.17731406687523,-0.12731406687522906,Normal,No Offer Needed,False,Regular Customer,True
4505-EXZHB,74.4,74.45478791481648,-0.054787914816472494,Normal,No Offer Needed,False,Regular Customer,False
7225-CBZPL,94.8,94.69241168427988,0.10758831572012184,Normal,No Offer Needed,False,Regular Customer,True
6704-UTUKK,45.9,46.3410357243728,-0.4410357243728029,Normal,No Offer Needed,False,Regular Customer,False
4587-VVTOX,105.3,104.73069442716569,0.5693055728343097,High Drop,Premium Entertainment Bundle,True,Outreach Customer,True
2019-HDCZY,102.6,102.78332807289745,-0.1833280728974529,Normal,No Offer Needed,False,Regular Customer,True
4652-NNHNY,73.85,73.78765497317112,0.06234502682887921,Normal,No Offer Needed,False,Regular Customer,False
8788-DOXSU,61.35,61.236278921561414,0.11372107843858714,Normal,No Offer Needed,False,Regular Customer,True
7404-JLKQG,57.55,57.443671668004,0.10632833199599645,Normal,No Offer Needed,False,Regular Customer,False
7421-ZLUPA,29.25,29.298465560706564,-0.04846556070656405,Normal,No Offer Needed,False,Regular Customer,False
8972-HJWNV,84.55,84.6275521119209,-0.07755211192090883,Normal,No Offer Needed,False,Regular Customer,True
3274-NSDWE,19.6,19.928548208992858,-0.3285482089928564,Normal,No Offer Needed,False,Regular Customer,True
2632-IVXVF,111.75,111.88300222964436,-0.1330022296443616,Normal,No Offer Needed,False,Regular Customer,True
3692-JHONH,106.5,106.16175301649696,0.3382469835030406,Normal,No Offer Needed,False,Regular Customer,True
8915-NNTRC,107.7,107.9833453024646,-0.2833453024645962,Normal,No Offer Needed,False,Regular Customer,True
5914-GXMDA,19.3,19.221099001014863,0.07890099898513725,Normal,No Offer Needed,False,Regular Customer,False
7463-IFMQU,20.05,19.986781664918947,0.06321833508105357,Normal,No Offer Needed,False,Regular Customer,True
2920-RNCEZ,69.95,69.95395030025372,-0.003950300253720229,Normal,No Offer Needed,False,Regular Customer,False
2541-YGPKE,63.7,63.82842777796852,-0.12842777796851834,Normal,No Offer Needed,False,Regular Customer,False
8515-OCTJS,24.75,25.5605523527661,-0.8105523527660985,Normal,No Offer Needed,False,Regular Customer,False
5382-TEMLV,50.9,50.90515544249403,-0.0051554424940292165,Normal,No Offer Needed,False,Regular Customer,False
3441-CGZJH,60.4,60.437411025802746,-0.03741102580274713,Normal,No Offer Needed,False,Regular Customer,False
9592-ERDKV,79.25,78.69747403889542,0.5525259611045783,High Drop,Personalized Retention Offer,True,Outreach Customer,False
2860-RANUS,85.8,86.06304094074301,-0.26304094074301076,Normal,No Offer Needed,False,Regular Customer,True
5261-QSHQM,24.45,25.306557460798516,-0.8565574607985162,Normal,No Offer Needed,False,Regular Customer,False
4778-IZARL,110.1,110.26793962691687,-0.16793962691687625,Normal,No Offer Needed,False,Regular Customer,True
0432-CAJZV,90.7,90.44674832656484,0.25325167343515886,Normal,No Offer Needed,False,Regular Customer,True
7008-LZVOZ,25.3,25.358217336792528,-0.05821733679252716,Normal,No Offer Needed,False,Regular Customer,True
8868-WOZGU,105.7,105.52192792587606,0.17807207412394632,Normal,No Offer Needed,False,Regular Customer,True
1200-TUZHR,85.2,85.25268044571223,-0.05268044571222674,Normal,No Offer Needed,False,Regular Customer,True
9365-CSLBQ,24.35,24.05878714203636,0.29121285796364305,Normal,No Offer Needed,False,Regular Customer,True
1334-FJSVR,24.25,25.225642345425946,-0.9756423454259462,Normal,No Offer Needed,False,Regular Customer,False
5884-FBCTL,25.1,24.848946095002137,0.25105390499786395,Normal,No Offer Needed,False,Regular Customer,True
7130-CTCUS,54.55,54.34599880444124,0.20400119555876017,Normal,No Offer Needed,False,Regular Customer,False
6242-FEGFD,96.6,96.14657716029701,0.4534228397029807,High Drop,Premium Entertainment Bundle,True,Outreach Customer,True
7625-XCQRH,76.5,76.59340154216284,-0.09340154216283736,Normal,No Offer Needed,False,Regular Customer,False
6194-HBGQN,81.15,80.745856405275,0.4041435947249994,Normal,No Offer Needed,False,Regular Customer,True
7634-WSWDB,38.5,39.18187084945344,-0.6818708494534391,Normal,No Offer Needed,False,Regular Customer,False
6986-IXNDM,92.9,93.0594909006813,-0.15949090068129124,Normal,No Offer Needed,False,Regular Customer,True
1731-TVIUK,93.5,93.35107603578967,0.14892396421032572,Normal,No Offer Needed,False,Regular Customer,True
2987-BJXIK,84.7,84.33632469156508,0.3636753084349209,Normal,No Offer Needed,False,Regular Customer,True
9769-TSBZE,66.0,65.89074976579664,0.10925023420335833,Normal,No Offer Needed,False,Regular Customer,True
0406-BPDVR,101.5,101.52949958827163,-0.02949958827163357,Normal,No Offer Needed,False,Regular Customer,True
0618-XWMSS,74.9,75.03526040071557,-0.13526040071556622,Normal,No Offer Needed,False,Regular Customer,False
1395-WSWXR,20.75,21.19570874619613,-0.44570874619612866,Normal,No Offer Needed,False,Regular Customer,False
6023-GSSXW,61.45,61.51867054829668,-0.06867054829668007,Normal,No Offer Needed,False,Regular Customer,True
6752-APNJL,54.5,53.89535328623015,0.6046467137698528,High Drop,Loyalty Discount Offer,True,Outreach Customer,False
5276-KQWHG,69.6,69.87985719796092,-0.2798571979609221,Normal,No Offer Needed,False,Regular Customer,False
0420-HLGXF,99.75,99.6255244298214,0.12447557017860333,Normal,No Offer Needed,False,Regular Customer,True
7446-KQISO,109.75,109.31245598406902,0.4375440159309818,High Drop,Premium Entertainment Bundle,True,Outreach Customer,True
9823-EALYC,80.85,80.27013460258468,0.5798653974153183,High Drop,Personalized Retention Offer,True,Outreach Customer,True
0582-AVCLN,20.3,20.50575170412038,-0.2057517041203809,Normal,No Offer Needed,False,Regular Customer,False
5803-NQJZO,67.8,67.3035397479999,0.4964602520000909,High Drop,Personalized Retention Offer,True,Outreach Customer,True
2565-JSLRY,24.05,24.483531276425243,-0.43353127642524214,Normal,No Offer Needed,False,Regular Customer,False
2607-DHDAK,19.8,19.89268185826993,-0.09268185826993047,Normal,No Offer Needed,False,Regular Customer,True
1073-XXCZD,25.7,25.803095703419835,-0.10309570341983587,Normal,No Offer Needed,False,Regular Customer,True
0743-HRVFF,56.15,56.051449753138165,0.09855024686183356,Normal,No Offer Needed,False,Regular Customer,True
4006-HKYHO,86.7,86.6353781508023,0.06462184919770664,Normal,No Offer Needed,False,Regular Customer,True
3727-JEZTU,20.4,20.771001134556528,-0.37100113455652917,Normal,No Offer Needed,False,Regular Customer,False
8143-ETQTI,19.65,19.777658147471563,-0.12765814747156412,Normal,No Offer Needed,False,Regular Customer,False
6689-KXGBO,50.55,50.754831707654695,-0.20483170765469794,Normal,No Offer Needed,False,Regular Customer,False
9667-TKTVZ,54.35,53.93172911003028,0.41827088996971895,Normal,No Offer Needed,False,Regular Customer,False
3657-COGMW,108.1,108.03099247254369,0.06900752745630712,Normal,No Offer Needed,False,Regular Customer,True
8570-KLJYJ,54.45,54.06793266331672,0.38206733668328496,Normal,No Offer Needed,False,Regular Customer,False
7754-IXRMC,45.35,45.234640761873145,0.11535923812685667,Normal,No Offer Needed,False,Regular Customer,False
9473-CBZOP,59.0,58.44231544106363,0.5576845589363728,High Drop,Personalized Retention Offer,True,Outreach Customer,False
2969-WGHQO,69.45,68.9147580234575,0.5352419765425083,High Drop,Personalized Retention Offer,True,Outreach Customer,False
6615-NGGZJ,100.55,100.50481938830524,0.04518061169476084,Normal,No Offer Needed,False,Regular Customer,True
4334-HOWRP,64.95,65.14573325960319,-0.19573325960318755,Normal,No Offer Needed,False,Regular Customer,True
4255-DDUOU,20.5,20.780465456913436,-0.2804654569134364,Normal,No Offer Needed,False,Regular Customer,False
5863-OOKCL,18.85,19.128383185584667,-0.2783831855846657,Normal,No Offer Needed,False,Regular Customer,False
1686-STUHN,19.8,20.060794820720908,-0.260794820720907,Normal,No Offer Needed,False,Regular Customer,False
1329-VHWNP,25.05,25.579010700670548,-0.5290107006705469,Normal,No Offer Needed,False,Regular Customer,False
2984-MIIZL,74.8,74.75934424849285,0.04065575150714551,Normal,No Offer Needed,False,Regular Customer,False
0266-GMEAO,114.3,114.34660889372125,-0.046608893721256095,Normal,No Offer Needed,False,Regular Customer,True
5590-YRFJT,24.45,25.019108502671024,-0.5691085026710248,Normal,No Offer Needed,False,Regular Customer,False
5574-NXZIU,109.2,109.59802801660499,-0.3980280166049823,Normal,No Offer Needed,False,Regular Customer,True
0019-GFNTW,45.05,45.00945132363772,0.04054867636227755,Normal,No Offer Needed,False,Regular Customer,True
4256-ZWTZI,51.0,50.6296334395824,0.37036656041760097,Normal,No Offer Needed,False,Regular Customer,False
8309-PPCED,110.45,110.26977567609367,0.18022432390633014,Normal,No Offer Needed,False,Regular Customer,True
4098-NAUKP,84.65,84.14030770613579,0.5096922938642194,High Drop,Premium Entertainment Bundle,True,Outreach Customer,True
5196-WPYOW,60.05,59.32333813500752,0.7266618649924794,High Drop,Personalized Retention Offer,True,Outreach Customer,True
4608-LCIMN,44.65,44.58810929310496,0.06189070689504206,Normal,No Offer Needed,False,Regular Customer,False
1485-YDHMM,93.25,92.81571752490245,0.4342824750975467,High Drop,Premium Entertainment Bundle,True,Outreach Customer,True
4054-CUMIA,20.25,20.192127746025374,0.05787225397462592,Normal,No Offer Needed,False,Regular Customer,False
0603-TPMIB,25.45,25.094569677862825,0.35543032213717396,Normal,No Offer Needed,False,Regular Customer,True
2525-GVKQU,20.6,20.54091375764371,0.05908624235629034,Normal,No Offer Needed,False,Regular Customer,True
8161-QYMTT,94.1,94.09001265101335,0.00998734898664111,Normal,No Offer Needed,False,Regular Customer,True
9581-GVBXT,34.8,34.33201223977993,0.46798776022006905,High Drop,Personalized Retention Offer,True,Outreach Customer,True
5862-BRIXZ,60.75,61.1389307825663,-0.3889307825662982,Normal,No Offer Needed,False,Regular Customer,False
5404-GGUKR,51.35,51.43298842487894,-0.0829884248789412,Normal,No Offer Needed,False,Regular Customer,False
3308-JSGML,64.05,64.49407101935734,-0.44407101935733806,Normal,No Offer Needed,False,Regular Customer,True
2126-GSEGL,84.8,84.36433154689772,0.43566845310228075,High Drop,Online Security Add-on,True,Outreach Customer,True
3677-TNKIO,71.0,71.28335973656117,-0.28335973656116664,Normal,No Offer Needed,False,Regular Customer,False
0440-QEXBZ,50.15,49.62802473801461,0.5219752619853892,High Drop,Loyalty Discount Offer,True,Outreach Customer,False
2434-EEVDB,94.6,94.61060817354753,-0.010608173547538513,Normal,No Offer Needed,False,Regular Customer,True
6762-QVYJO,59.75,59.59561902712746,0.15438097287253782,Normal,No Offer Needed,False,Regular Customer,True
6199-IWKGC,100.25,100.21623881475426,0.033761185245737124,Normal,No Offer Needed,False,Regular Customer,True
2675-DHUTR,98.9,98.84521929074093,0.0547807092590773,Normal,No Offer Needed,False,Regular Customer,True
8152-VETUR,97.7,97.86938541769759,-0.1693854176975833,Normal,No Offer Needed,False,Regular Customer,True
9667-EQRXU,40.3,40.588091246787535,-0.2880912467875376,Normal,No Offer Needed,False,Regular Customer,False
7446-YPODE,60.25,60.052741001180806,0.19725899881919418,Normal,No Offer Needed,False,Regular Customer,False
9522-BNTHX,56.25,56.271225621885556,-0.021225621885555768,Normal,No Offer Needed,False,Regular Customer,False
4676-WLUHT,46.2,46.66999694875316,-0.4699969487531561,Normal,No Offer Needed,False,Regular Customer,True
3329-WDIOK,50.6,51.16607347222774,-0.5660734722277354,Normal,No Offer Needed,False,Regular Customer,False
7980-MHFLQ,24.9,24.420229108956036,0.4797708910439624,High Drop,Personalized Retention Offer,True,Outreach Customer,True
2873-ZLIWT,84.85,84.44494574221737,0.4050542577826235,Normal,No Offer Needed,False,Regular Customer,True
3415-TAILE,65.7,65.43561769280896,0.26438230719104183,Normal,No Offer Needed,False,Regular Customer,False
0757-WCUUZ,63.35,63.32633123248753,0.02366876751246849,Normal,No Offer Needed,False,Regular Customer,True
1629-DQQVB,50.1,50.184117549476845,-0.08411754947684358,Normal,No Offer Needed,False,Regular Customer,False
1915-IOFGU,70.5,70.7895361839546,-0.28953618395459557,Normal,No Offer Needed,False,Regular Customer,False
3045-XETSH,94.85,94.58633125413459,0.26366874586540234,Normal,No Offer Needed,False,Regular Customer,True
0374-AACSZ,50.15,50.44878640782796,-0.2987864078279614,Normal,No Offer Needed,False,Regular Customer,False
7239-HZZCX,19.75,20.373556365410355,-0.6235563654103551,Normal,No Offer Needed,False,Regular Customer,False
4872-VXRIL,64.65,64.28931204062465,0.3606879593753547,Normal,No Offer Needed,False,Regular Customer,True
9140-CZQZZ,79.6,79.56224939693489,0.03775060306510625,Normal,No Offer Needed,False,Regular Customer,True
3423-HHXAO,19.5,19.501721320299225,-0.0017213202992252263,Normal,No Offer Needed,False,Regular Customer,False
9938-TKDGL,99.55,99.9769295957851,-0.42692959578509715,Normal,No Offer Needed,False,Regular Customer,True
0531-ZZJWQ,74.0,73.93061379138459,0.06938620861541267,Normal,No Offer Needed,False,Regular Customer,True
6537-QLGEX,38.9,39.414637387204216,-0.5146373872042176,Normal,No Offer Needed,False,Regular Customer,False
2688-BHGOG,79.55,79.83868849398164,-0.2886884939816383,Normal,No Offer Needed,False,Regular Customer,False
7683-CBDKJ,65.45,65.35439517572428,0.09560482427572481,Normal,No Offer Needed,False,Regular Customer,False
0946-CLJTI,98.7,98.79350496204238,-0.09350496204237402,Normal,No Offer Needed,False,Regular Customer,True
3160-TYXLT,46.3,46.542178672862995,-0.2421786728629982,Normal,No Offer Needed,False,Regular Customer,True
1325-USMEC,99.35,99.33955809023998,0.010441909760018575,Normal,No Offer Needed,False,Regular Customer,True
0916-QOFDP,95.8,95.4943282023701,0.3056717976298984,Normal,No Offer Needed,False,Regular Customer,True
0628-CNQRM,67.5,67.16420706800992,0.33579293199008475,Normal,No Offer Needed,False,Regular Customer,False
5606-AMZBO,78.15,78.04729224728126,0.102707752718743,Normal,No Offer Needed,False,Regular Customer,False
6199-IPCAO,26.1,26.01788713567429,0.08211286432571185,Normal,No Offer Needed,False,Regular Customer,False
7665-TOALD,69.6,69.87692363265164,-0.2769236326516449,Normal,No Offer Needed,False,Regular Customer,False
0112-QWPNC,84.35,84.29302007747091,0.056979922529080795,Normal,No Offer Needed,False,Regular Customer,True
0324-BRPCJ,100.2,100.28600806452447,-0.08600806452446363,Normal,No Offer Needed,False,Regular Customer,True
2777-PHDEI,78.05,78.21605710284935,-0.1660571028493507,Normal,No Offer Needed,False,Regular Customer,False
5640-CAXOA,40.35,40.88319190676484,-0.5331919067648414,Normal,No Offer Needed,False,Regular Customer,False
2235-EZAIK,79.2,78.80126333307155,0.3987366669284569,Normal,No Offer Needed,False,Regular Customer,True
3847-BAERP,20.9,21.15599581302822,-0.25599581302822116,Normal,No Offer Needed,False,Regular Customer,False
1196-AMORA,73.6,73.81962192990676,-0.219621929906765,Normal,No Offer Needed,False,Regular Customer,False
4282-YMKNA,74.75,74.86248933581376,-0.11248933581376264,Normal,No Offer Needed,False,Regular Customer,False
1453-RZFON,49.9,49.7097217325988,0.19027826740119735,Normal,No Offer Needed,False,Regular Customer,False
8263-OKETD,68.9,68.74296802618548,0.15703197381452583,Normal,No Offer Needed,False,Regular Customer,False
0670-KDOMA,20.25,20.601463642513796,-0.3514636425137958,Normal,No Offer Needed,False,Regular Customer,False
2476-YGEFM,76.0,75.99312675422817,0.006873245771828351,Normal,No Offer Needed,False,Regular Customer,False
8687-BAFGU,74.0,74.11227499454266,-0.1122749945426591,Normal,No Offer Needed,False,Regular Customer,False
0641-EVBOJ,82.3,81.99500468800719,0.30499531199281193,Normal,No Offer Needed,False,Regular Customer,True
0829-XXPLX,89.4,89.07770458934816,0.3222954106518472,Normal,No Offer Needed,False,Regular Customer,True
9974-JFBHQ,99.15,99.20323193366805,-0.05323193366804446,Normal,No Offer Needed,False,Regular Customer,True
5356-RHIPP,20.2,20.798478920775782,-0.5984789207757828,Normal,No Offer Needed,False,Regular Customer,False
6624-JDRDS,29.45,30.01723810036245,-0.5672381003624523,Normal,No Offer Needed,False,Regular Customer,False
0608-JDVEC,19.8,20.229812235949304,-0.42981223594930285,Normal,No Offer Needed,False,Regular Customer,False
9780-FKVVF,59.15,59.41708881472553,-0.2670888147255326,Normal,No Offer Needed,False,Regular Customer,False
1919-RTPQD,44.75,44.85188443470094,-0.101884434700942,Normal,No Offer Needed,False,Regular Customer,False
5214-NLTIT,90.8,90.9706146596081,-0.1706146596081055,Normal,No Offer Needed,False,Regular Customer,True
3345-PBBFH,49.55,49.34792261367403,0.20207738632596772,Normal,No Offer Needed,False,Regular Customer,False
5055-BRMNE,106.7,106.99284918962105,-0.29284918962105166,Normal,No Offer Needed,False,Regular Customer,True
9189-JWSHV,93.55,93.57400214923823,-0.0240021492382283,Normal,No Offer Needed,False,Regular Customer,True
2190-PHBHR,94.45,94.78553840707025,-0.3355384070702456,Normal,No Offer Needed,False,Regular Customer,True
2650-GYRYL,19.45,19.54696360968796,-0.09696360968796114,Normal,No Offer Needed,False,Regular Customer,False
0746-JTRFU,25.05,26.009634736605292,-0.9596347366052917,Normal,No Offer Needed,False,Regular Customer,False
5208-FVQKB,67.95,67.73815169902649,0.21184830097351437,Normal,No Offer Needed,False,Regular Customer,True
7184-LRUUR,65.25,64.73399428955429,0.516005710445711,High Drop,Online Security Add-on,True,Outreach Customer,False
6627-CFOSN,99.45,99.14208791396216,0.30791208603784526,Normal,No Offer Needed,False,Regular Customer,True
3982-JGSFD,20.35,20.838885102888657,-0.4888851028886556,Normal,No Offer Needed,False,Regular Customer,False
1574-DYCWE,19.95,19.790443882710633,0.15955611728936603,Normal,No Offer Needed,False,Regular Customer,True
7247-XOZPB,77.4,76.88715164111005,0.5128483588899542,High Drop,Personalized Retention Offer,True,Outreach Customer,True
2466-FCCPT,19.7,19.88620885728866,-0.186208857288662,Normal,No Offer Needed,False,Regular Customer,False
6211-WWLTF,99.7,100.15616324911959,-0.4561632491195837,Normal,No Offer Needed,False,Regular Customer,True
4826-TZEVA,74.8,74.76634906552744,0.03365093447256129,Normal,No Offer Needed,False,Regular Customer,False
6016-NXBNJ,19.15,19.227003150459282,-0.07700315045928363,Normal,No Offer Needed,False,Regular Customer,False
9138-EFSMO,78.95,78.91251974932801,0.037480250671990234,Normal,No Offer Needed,False,Regular Customer,False
0576-WNXXC,95.55,95.31445536752966,0.23554463247033652,Normal,No Offer Needed,False,Regular Customer,True
4632-XJMEX,62.85,62.741790204833826,0.10820979516617513,Normal,No Offer Needed,False,Regular Customer,True
8910-LEDAG,71.55,71.66666980864902,-0.11666980864902143,Normal,No Offer Needed,False,Regular Customer,False
3452-GWUIN,94.95,94.76773121918217,0.18226878081783582,Normal,No Offer Needed,False,Regular Customer,True
2716-GFZOR,86.1,85.84061534901808,0.25938465098191443,Normal,No Offer Needed,False,Regular Customer,True
3724-UCSHY,19.55,19.72833277128812,-0.17833277128811886,Normal,No Offer Needed,False,Regular Customer,False
8626-XHBIE,24.8,24.664004735439256,0.1359952645607443,Normal,No Offer Needed,False,Regular Customer,True
4628-CTTLA,39.3,39.486708825596814,-0.186708825596817,Normal,No Offer Needed,False,Regular Customer,True
3192-LNKRK,84.05,83.33832325918691,0.7116767408130897,High Drop,Premium Entertainment Bundle,True,Outreach Customer,True
4439-YRNVD,36.25,36.57437186526731,-0.32437186526730954,Normal,No Offer Needed,False,Regular Customer,False
2876-VBBBL,20.25,20.76342441479977,-0.5134244147997684,Normal,No Offer Needed,False,Regular Customer,False
6834-NXDCA,23.9,24.669744971156753,-0.7697449711567543,Normal,No Offer Needed,False,Regular Customer,False
2208-UGTGR,98.6,98.67912408947814,-0.07912408947814242,Normal,No Offer Needed,False,Regular Customer,True
3005-TYFRD,103.65,103.3187131005408,0.33128689945920087,Normal,No Offer Needed,False,Regular Customer,True
8670-MEFCP,92.9,92.52839681120277,0.37160318879723775,Normal,No Offer Needed,False,Regular Customer,True
3079-BCHLN,19.9,19.97602261883592,-0.07602261883592121,Normal,No Offer Needed,False,Regular Customer,False
7777-UNYHB,20.1,20.525336983603747,-0.4253369836037457,Normal,No Offer Needed,False,Regular Customer,False
5597-GLBUC,85.45,85.32278197965238,0.12721802034762675,Normal,No Offer Needed,False,Regular Customer,True
7278-CKDNC,80.5,80.3697194217422,0.13028057825779626,Normal,No Offer Needed,False,Regular Customer,True
2748-MYRVK,99.9,99.91786436596041,-0.017864365960406303,Normal,No Offer Needed,False,Regular Customer,True
8450-UYIBU,39.85,39.95973848259583,-0.10973848259583008,Normal,No Offer Needed,False,Regular Customer,False
2969-VAPYH,60.5,60.31481316355913,0.1851868364408702,Normal,No Offer Needed,False,Regular Customer,True
4822-YCXMX,84.8,85.10477433999509,-0.30477433999509174,Normal,No Offer Needed,False,Regular Customer,True
7181-OQCUT,103.85,103.35653748445024,0.4934625155497514,High Drop,Premium Entertainment Bundle,True,Outreach Customer,True
8474-UMLNT,67.8,67.67332233136976,0.12667766863023644,Normal,No Offer Needed,False,Regular Customer,False
9821-POOTN,75.2,75.26705450822476,-0.06705450822475711,Normal,No Offer Needed,False,Regular Customer,False
3836-FZSDJ,24.85,24.818893567407684,0.031106432592316935,Normal,No Offer Needed,False,Regular Customer,True
9142-XMYJH,19.35,19.85263978408211,-0.5026397840821097,Normal,No Offer Needed,False,Regular Customer,False
6559-ILWKJ,49.35,49.828874360118746,-0.47887436011874485,Normal,No Offer Needed,False,Regular Customer,True
0187-QSXOE,89.0,89.02493341589984,-0.024933415899837996,Normal,No Offer Needed,False,Regular Customer,True
7733-UDMTP,55.0,54.964673612329086,0.03532638767091356,Normal,No Offer Needed,False,Regular Customer,True
2649-HWLYB,76.15,76.0730340820741,0.07696591792590368,Normal,No Offer Needed,False,Regular Customer,True
5214-CHIWJ,20.3,20.500344843401848,-0.20034484340184733,Normal,No Offer Needed,False,Regular Customer,False
4229-CZMLL,74.9,75.09100213901466,-0.1910021390146568,Normal,No Offer Needed,False,Regular Customer,False
6904-JLBGY,117.35,117.59952310147366,-0.2495231014736703,Normal,No Offer Needed,False,Regular Customer,True
2465-BLLEU,19.75,20.19067311293369,-0.44067311293369116,Normal,No Offer Needed,False,Regular Customer,False
1685-VAYJF,45.2,45.539158284646184,-0.3391582846461816,Normal,No Offer Needed,False,Regular Customer,False
8874-EJNSR,25.2,25.121012432043337,0.07898756795666273,Normal,No Offer Needed,False,Regular Customer,False
6917-YACBP,89.75,89.50664372715218,0.24335627284781935,Normal,No Offer Needed,False,Regular Customer,True
5049-MUBWG,75.0,75.06556041141934,-0.06556041141934088,Normal,No Offer Needed,False,Regular Customer,False
4223-WOZCM,49.95,49.674620910882474,0.2753790891175285,Normal,No Offer Needed,False,Regular Customer,False
0769-MURVM,65.7,65.52750649505401,0.17249350494599014,Normal,No Offer Needed,False,Regular Customer,True
9253-VIFJQ,67.05,66.61902160206068,0.43097839793931314,High Drop,Personalized Retention Offer,True,Outreach Customer,True
7030-FZTFM,110.9,110.90006690098853,-6.690098852857318e-05,Normal,No Offer Needed,False,Regular Customer,True
9741-YLNTD,87.95,87.80438633174806,0.14561366825194,Normal,No Offer Needed,False,Regular Customer,True
5917-RYRMG,19.8,20.35811538718407,-0.5581153871840705,Normal,No Offer Needed,False,Regular Customer,False
5120-ZBLAI,75.7,75.2637568517004,0.4362431482995959,High Drop,Online Security Add-on,True,Outreach Customer,False
1194-BHJYC,62.15,62.12718136106694,0.022818638933060242,Normal,No Offer Needed,False,Regular Customer,True
3663-MITLP,101.25,101.03258741132449,0.21741258867551494,Normal,No Offer Needed,False,Regular Customer,True
0906-QVPMS,115.15,115.17985236021032,-0.029852360210313122,Normal,No Offer Needed,False,Regular Customer,True
9025-ZRPVR,18.95,19.47316193058354,-0.5231619305835409,Normal,No Offer Needed,False,Regular Customer,False
1905-OEILC,19.5,19.879311063444284,-0.379311063444284,Normal,No Offer Needed,False,Regular Customer,False
7858-GTZSP,86.55,86.582074221583,-0.03207422158300233,Normal,No Offer Needed,False,Regular Customer,True
3285-UCQVC,28.6,29.093304692649223,-0.4933046926492217,Normal,No Offer Needed,False,Regular Customer,False
6248-BSHKG,20.4,19.983181419396836,0.416818580603163,Normal,No Offer Needed,False,Regular Customer,True
4685-TFLLS,19.8,20.089085672289336,-0.28908567228933535,Normal,No Offer Needed,False,Regular Customer,False
3470-BTGQO,45.65,45.40750920705255,0.24249079294745002,Normal,No Offer Needed,False,Regular Customer,False
1209-VFFOC,56.4,56.12921786248338,0.27078213751661906,Normal,No Offer Needed,False,Regular Customer,True
8224-DWCKX,73.3,73.37210422841693,-0.07210422841693287,Normal,No Offer Needed,False,Regular Customer,False
5482-PLVPE,24.35,25.254465536252376,-0.9044655362523741,Normal,No Offer Needed,False,Regular Customer,False
4553-DVPZG,101.35,101.18091724377777,0.1690827562222239,Normal,No Offer Needed,False,Regular Customer,True
4902-OHLSK,98.65,98.75769402305917,-0.10769402305916742,Normal,No Offer Needed,False,Regular Customer,True
6917-IAYHD,33.6,33.60767559791424,-0.007675597914236221,Normal,No Offer Needed,False,Regular Customer,False
0495-ZBNGW,79.9,79.54898600571362,0.35101399428639013,Normal,No Offer Needed,False,Regular Customer,False
8620-RJPZN,20.7,21.45612192266971,-0.7561219226697098,Normal,No Offer Needed,False,Regular Customer,False
7572-KPVKK,104.05,104.23287451899472,-0.18287451899472273,Normal,No Offer Needed,False,Regular Customer,True
2642-MAWLJ,20.25,20.481720837551983,-0.23172083755198258,Normal,No Offer Needed,False,Regular Customer,False
2357-COQEK,103.3,103.16008422150402,0.13991577849597547,Normal,No Offer Needed,False,Regular Customer,True
7103-ZGVNT,73.7,73.16268561231621,0.5373143876837929,High Drop,Personalized Retention Offer,True,Outreach Customer,True
3737-GCSPV,96.2,96.04968694571153,0.15031305428847475,Normal,No Offer Needed,False,Regular Customer,True
2027-WKXMW,108.75,108.39750658835663,0.35249341164336556,Normal,No Offer Needed,False,Regular Customer,True
7137-NAXML,20.15,20.603415678288705,-0.45341567828870666,Normal,No Offer Needed,False,Regular Customer,False
2428-ZMCTB,19.75,20.540264983057252,-0.7902649830572521,Normal,No Offer Needed,False,Regular Customer,False
2961-VNFKL,25.95,25.972104216471692,-0.022104216471692695,Normal,No Offer Needed,False,Regular Customer,True
1768-HNVGJ,70.05,70.07981711006731,-0.029817110067313024,Normal,No Offer Needed,False,Regular Customer,False
6963-KQYQB,24.05,23.588697225017423,0.46130277498257755,High Drop,Personalized Retention Offer,True,Outreach Customer,True
5934-RMPOV,84.75,84.70270537719755,0.047294622802454,Normal,No Offer Needed,False,Regular Customer,True
1207-BLKSA,23.05,22.764804166420884,0.2851958335791167,Normal,No Offer Needed,False,Regular Customer,True
4088-YLDSU,104.15,104.16956052384324,-0.019560523843239253,Normal,No Offer Needed,False,Regular Customer,True
8316-BBQAY,59.95,60.40678834856696,-0.4567883485669597,Normal,No Offer Needed,False,Regular Customer,True
1166-PQLGG,19.55,19.39652487677097,0.153475123229029,Normal,No Offer Needed,False,Regular Customer,True
3146-JTQHR,19.6,20.084263758927825,-0.48426375892782403,Normal,No Offer Needed,False,Regular Customer,False
4291-YZODP,20.05,20.26434131234617,-0.2143413123461677,Normal,No Offer Needed,False,Regular Customer,False
4395-PZMSN,85.55,85.59535630828674,-0.045356308286741864,Normal,No Offer Needed,False,Regular Customer,True
6427-FEFIG,78.6,78.48993003797123,0.11006996202875996,Normal,No Offer Needed,False,Regular Customer,False
0017-IUDMW,116.8,116.82346159351474,-0.023461593514738865,Normal,No Offer Needed,False,Regular Customer,True
8706-HRADD,43.55,43.647445220513276,-0.0974452205132792,Normal,No Offer Needed,False,Regular Customer,False
9955-QOPOY,60.8,60.71816675130289,0.08183324869710873,Normal,No Offer Needed,False,Regular Customer,True
4385-ZKVNW,54.9,54.38574753203106,0.5142524679689373,High Drop,Loyalty Discount Offer,True,Outreach Customer,False
5446-DKWYW,65.2,64.58915243172868,0.6108475682713248,High Drop,Online Security Add-on,True,Outreach Customer,True
2034-CGRHZ,102.95,102.79926371120777,0.15073628879223122,Normal,No Offer Needed,False,Regular Customer,True
5797-APWZC,90.6,90.81215367013371,-0.21215367013371633,Normal,No Offer Needed,False,Regular Customer,True
3683-QKIUE,50.8,50.91282032668473,-0.11282032668473363,Normal,No Offer Needed,False,Regular Customer,False
4228-ZGYUW,90.05,90.08709780587633,-0.03709780587632849,Normal,No Offer Needed,False,Regular Customer,True
9031-ZVQPT,108.2,108.25230759453581,-0.05230759453580447,Normal,No Offer Needed,False,Regular Customer,True
2990-IAJSV,92.0,91.92173746703303,0.07826253296697416,Normal,No Offer Needed,False,Regular Customer,True
8107-KNCIM,75.1,74.99862348733544,0.10137651266455805,Normal,No Offer Needed,False,Regular Customer,False
9027-YFHQJ,25.05,25.478710238894507,-0.42871023889450655,Normal,No Offer Needed,False,Regular Customer,False
5176-LDKUH,75.15,75.1424442620989,0.007555737901100201,Normal,No Offer Needed,False,Regular Customer,False
4644-OBGFZ,19.5,19.14078213422939,0.35921786577061,Normal,No Offer Needed,False,Regular Customer,True
7926-IJOOU,19.3,20.19191820192368,-0.89191820192368,Normal,No Offer Needed,False,Regular Customer,False
6480-YAGIY,112.2,112.18739398730527,0.012606012694732271,Normal,No Offer Needed,False,Regular Customer,True
4029-HPFVY,70.3,70.10665123347952,0.19334876652047228,Normal,No Offer Needed,False,Regular Customer,False
7602-DBTOU,19.6,19.32391789482942,0.2760821051705804,Normal,No Offer Needed,False,Regular Customer,True
5345-BMKWB,20.25,20.50216044308304,-0.25216044308303864,Normal,No Offer Needed,False,Regular Customer,False
3519-ZKXGG,75.85,75.82064472482216,0.029355275177834983,Normal,No Offer Needed,False,Regular Customer,False
5457-COLHT,80.65,80.59477031227198,0.05522968772802983,Normal,No Offer Needed,False,Regular Customer,True
6416-TVAIH,68.5,68.64102241135699,-0.14102241135698534,Normal,No Offer Needed,False,Regular Customer,False
5451-YHYPW,115.75,115.88906113220797,-0.13906113220797067,Normal,No Offer Needed,False,Regular Customer,True
5108-ADXWO,73.5,73.89643996432419,-0.3964399643241876,Normal,No Offer Needed,False,Regular Customer,False
7998-WNZEM,80.6,80.50100646854169,0.09899353145830503,Normal,No Offer Needed,False,Regular Customer,True
3066-RRJIO,69.95,69.83580122923065,0.11419877076934881,Normal,No Offer Needed,False,Regular Customer,False
4664-NJCMS,59.55,59.771058089549236,-0.22105808954923845,Normal,No Offer Needed,False,Regular Customer,False
0307-BCOPK,19.05,19.288605262823324,-0.23860526282332373,Normal,No Offer Needed,False,Regular Customer,False
7629-WFGLW,95.65,95.23667271427692,0.41332728572308497,Normal,No Offer Needed,False,Regular Customer,True
2542-HYGIQ,19.95,20.75132374335583,-0.8013237433558302,Normal,No Offer Needed,False,Regular Customer,False
6715-OFDBP,70.05,70.22208496999406,-0.1720849699940601,Normal,No Offer Needed,False,Regular Customer,False
5016-LIPDW,19.4,19.018642355935054,0.3813576440649449,Normal,No Offer Needed,False,Regular Customer,True
6481-LXPWL,36.1,35.81679621476979,0.2832037852302136,Normal,No Offer Needed,False,Regular Customer,True
1567-DSCIC,94.0,93.60541798934828,0.3945820106517175,Normal,No Offer Needed,False,Regular Customer,True
2150-UWTFY,61.15,60.47422632098955,0.6757736790104474,High Drop,Loyalty Discount Offer,True,Outreach Customer,False
6124-ACRHJ,19.75,20.127002749864356,-0.37700274986435645,Normal,No Offer Needed,False,Regular Customer,False
9362-MWODR,64.1,63.977409342535424,0.12259065746457054,Normal,No Offer Needed,False,Regular Customer,False
9975-GPKZU,19.75,20.14283428668975,-0.3928342866897516,Normal,No Offer Needed,False,Regular Customer,False
9625-RZFUK,19.7,19.496496454922248,0.20350354507775137,Normal,No Offer Needed,False,Regular Customer,True
5153-LXKDT,110.2,110.24961109440812,-0.04961109440812095,Normal,No Offer Needed,False,Regular Customer,True
5161-UBZXI,106.35,106.68084856514842,-0.330848565148429,Normal,No Offer Needed,False,Regular Customer,True
1020-JPQOW,90.55,90.01438589725863,0.5356141027413628,High Drop,Premium Entertainment Bundle,True,Outreach Customer,True
7919-ZODZZ,65.9,65.12781894949427,0.7721810505057363,High Drop,Online Security Add-on,True,Outreach Customer,False
0565-JUPYD,104.5,104.32625077519761,0.17374922480239263,Normal,No Offer Needed,False,Regular Customer,True
6867-ACCZI,52.5,52.26960923699895,0.2303907630010471,Normal,No Offer Needed,False,Regular Customer,False
5939-XAIXZ,56.1,55.464379862083845,0.6356201379161561,High Drop,Loyalty Discount Offer,True,Outreach Customer,False
9054-FOWNV,88.75,88.21718530734385,0.5328146926561459,High Drop,Premium Entertainment Bundle,True,Outreach Customer,True
2683-BPJSO,84.45,84.3871355482488,0.06286445175119582,Normal,No Offer Needed,False,Regular Customer,True
2157-MXBJS,75.3,74.81197827549488,0.48802172450511705,High Drop,Online Security Add-on,True,Outreach Customer,False
8207-VVMYB,26.0,25.88546861476629,0.11453138523371109,Normal,No Offer Needed,False,Regular Customer,True
9732-EQMWY,99.4,99.17354680414572,0.22645319585429036,Normal,No Offer Needed,False,Regular Customer,True
9360-AHGNL,109.55,109.11032054735205,0.43967945264795105,High Drop,Premium Entertainment Bundle,True,Outreach Customer,True
1087-UDSIH,19.6,20.097388293221048,-0.4973882932210465,Normal,No Offer Needed,False,Regular Customer,False
5269-NRGDP,73.15,72.89191339738935,0.2580866026106605,Normal,No Offer Needed,False,Regular Customer,False
6195-MELTI,54.65,54.08300471715788,0.5669952828421216,High Drop,Online Security Add-on,True,Outreach Customer,True
5485-WUYWF,66.4,66.37620096119325,0.023799038806757267,Normal,No Offer Needed,False,Regular Customer,False
2121-JAFOM,115.55,115.65791663690402,-0.10791663690402231,Normal,No Offer Needed,False,Regular Customer,True
8818-DOPVL,104.45,104.16916943675483,0.28083056324517486,Normal,No Offer Needed,False,Regular Customer,True
2632-UCGVD,100.05,100.40930588639671,-0.35930588639671157,Normal,No Offer Needed,False,Regular Customer,True
5445-PZWGX,102.0,102.39547938768764,-0.3954793876876437,Normal,No Offer Needed,False,Regular Customer,True
1227-UDMZR,91.15,90.8481836983974,0.3018163016025994,Normal,No Offer Needed,False,Regular Customer,True
5198-HQAEN,89.7,89.33598451472477,0.36401548527523175,Normal,No Offer Needed,False,Regular Customer,True
9170-CCKOU,90.2,89.9052914046667,0.2947085953333044,Normal,No Offer Needed,False,Regular Customer,True
2167-FQSTQ,92.4,92.27502932851789,0.12497067148211727,Normal,No Offer Needed,False,Regular Customer,True
2819-GWENI,19.9,19.762454031498812,0.13754596850118617,Normal,No Offer Needed,False,Regular Customer,False
1043-YCUTE,25.15,25.554408915438867,-0.4044089154388679,Normal,No Offer Needed,False,Regular Customer,True
3814-MLAXC,79.85,79.91087815170498,-0.06087815170498345,Normal,No Offer Needed,False,Regular Customer,False
3572-UUHRS,18.85,19.077564549408372,-0.22756454940837045,Normal,No Offer Needed,False,Regular Customer,False
2692-PFYTJ,25.75,25.921281128535707,-0.17128112853570698,Normal,No Offer Needed,False,Regular Customer,False
1226-UDFZR,49.6,49.40338934079043,0.19661065920956844,Normal,No Offer Needed,False,Regular Customer,False
5955-EPOAZ,20.95,21.237379988340255,-0.28737998834025547,Normal,No Offer Needed,False,Regular Customer,False
6821-JPCDC,97.05,96.78823892287379,0.26176107712620933,Normal,No Offer Needed,False,Regular Customer,True
8815-LMFLX,25.4,25.403366826147355,-0.0033668261473565053,Normal,No Offer Needed,False,Regular Customer,False
9135-HSWOC,19.7,19.690776955486214,0.009223044513785084,Normal,No Offer Needed,False,Regular Customer,True
8582-KRHPJ,35.0,34.83868108192307,0.16131891807692966,Normal,No Offer Needed,False,Regular Customer,False
5811-IWXYM,101.25,100.82993718419806,0.42006281580194127,High Drop,Premium Entertainment Bundle,True,Outreach Customer,True
7044-YAACC,70.2,70.27080323254025,-0.07080323254024279,Normal,No Offer Needed,False,Regular Customer,False
8189-XRIKE,90.95,91.12704825575453,-0.17704825575452787,Normal,No Offer Needed,False,Regular Customer,True
1506-YJTYT,73.85,73.66640009218476,0.1835999078152355,Normal,No Offer Needed,False,Regular Customer,False
4123-DVHPH,88.05,88.08508762836401,-0.03508762836401047,Normal,No Offer Needed,False,Regular Customer,True
6425-YQLLO,105.95,106.00606644907911,-0.05606644907911118,Normal,No Offer Needed,False,Regular Customer,True
5442-UTCVD,91.85,91.75673976129563,0.09326023870436018,Normal,No Offer Needed,False,Regular Customer,True
2228-BZDEE,20.1,20.134586178502865,-0.03458617850286316,Normal,No Offer Needed,False,Regular Customer,True
7734-DBOAI,40.1,40.513629375824294,-0.4136293758242928,Normal,No Offer Needed,False,Regular Customer,False
2789-CZANW,110.3,110.22523549526564,0.07476450473436103,Normal,No Offer Needed,False,Regular Customer,True
2091-RFFBA,73.9,74.01142626409768,-0.11142626409767331,Normal,No Offer Needed,False,Regular Customer,False
2114-MGINA,89.8,89.63374604038492,0.1662539596150765,Normal,No Offer Needed,False,Regular Customer,True
7596-LDUXP,85.15,85.21808165550947,-0.06808165550945944,Normal,No Offer Needed,False,Regular Customer,True
3740-RLMVT,60.95,60.56005328113978,0.38994671886022303,Normal,No Offer Needed,False,Regular Customer,True
4489-SNOJF,72.25,71.8340788444224,0.4159211555776068,Normal,No Offer Needed,False,Regular Customer,False
2192-OZITF,73.55,73.48183566283188,0.06816433716811332,Normal,No Offer Needed,False,Regular Customer,False
5651-CPDND,46.0,45.92076175580332,0.0792382441966808,Normal,No Offer Needed,False,Regular Customer,False
2186-QZEYA,58.55,58.21333553619216,0.33666446380783555,Normal,No Offer Needed,False,Regular Customer,False
1131-ALZWV,24.6,24.824726237937448,-0.22472623793744617,Normal,No Offer Needed,False,Regular Customer,False
7729-XBTWX,19.75,19.49384475820304,0.2561552417969608,Normal,No Offer Needed,False,Regular Customer,True
9134-WYRVP,86.35,86.19150792108996,0.15849207891002948,Normal,No Offer Needed,False,Regular Customer,True
3284-SVCRO,25.5,25.373656809659227,0.1263431903407728,Normal,No Offer Needed,False,Regular Customer,False
9732-OUYRN,19.0,19.159410118162796,-0.15941011816279627,Normal,No Offer Needed,False,Regular Customer,False
0559-CKHUS,19.55,19.705248220253896,-0.1552482202538954,Normal,No Offer Needed,False,Regular Customer,False
2931-SVLTV,110.1,109.86756983335665,0.23243016664333993,Normal,No Offer Needed,False,Regular Customer,True
6899-PPEEA,96.55,96.7550104937791,-0.20501049377909908,Normal,No Offer Needed,False,Regular Customer,True
7504-UWHNB,69.75,69.95623974133632,-0.20623974133631862,Normal,No Offer Needed,False,Regular Customer,False
2582-FFFZR,50.6,50.886986753534984,-0.2869867535349826,Normal,No Offer Needed,False,Regular Customer,False
8908-NMQTX,65.6,65.72088166956006,-0.12088166956006319,Normal,No Offer Needed,False,Regular Customer,True
2187-LZGPL,40.1,40.825550132693095,-0.725550132693094,Normal,No Offer Needed,False,Regular Customer,False
1431-AIDJQ,82.1,81.87488554272413,0.22511445727586477,Normal,No Offer Needed,False,Regular Customer,True
6288-LBEAR,79.1,78.51751618516148,0.5824838148385112,High Drop,Premium Entertainment Bundle,True,Outreach Customer,False
4597-NUCQV,101.25,101.26899297232012,-0.018992972320120316,Normal,No Offer Needed,False,Regular Customer,True
9019-QVLZD,79.55,79.70220722136976,-0.15220722136976406,Normal,No Offer Needed,False,Regular Customer,False
8413-YNHNV,90.65,90.33315729457296,0.3168427054270495,Normal,No Offer Needed,False,Regular Customer,True
5808-TOTXO,20.55,21.217675494025453,-0.6676754940254526,Normal,No Offer Needed,False,Regular Customer,False
4369-NYSCF,75.75,75.58373372832362,0.16626627167637764,Normal,No Offer Needed,False,Regular Customer,True
6333-YDVLT,110.0,110.18340824241979,-0.18340824241978737,Normal,No Offer Needed,False,Regular Customer,True
5324-KTGCG,20.85,20.834157347399586,0.01584265260041562,Normal,No Offer Needed,False,Regular Customer,True
5599-HVLTW,80.35,79.89013981292477,0.4598601870752219,High Drop,Premium Entertainment Bundle,True,Outreach Customer,True
7394-LWLYN,70.15,70.2560379294726,-0.10603792947259194,Normal,No Offer Needed,False,Regular Customer,False
3707-LRWZD,84.05,84.15207113310963,-0.10207113310963223,Normal,No Offer Needed,False,Regular Customer,True
6873-UDNLD,67.45,67.60359095357282,-0.1535909535728166,Normal,No Offer Needed,False,Regular Customer,False
2700-LUEVA,20.75,21.628529983160075,-0.8785299831600746,Normal,No Offer Needed,False,Regular Customer,False
1455-ESIQH,89.1,89.38967391468265,-0.2896739146826519,Normal,No Offer Needed,False,Regular Customer,True
0958-YHXGP,69.9,69.62375898222285,0.2762410177771528,Normal,No Offer Needed,False,Regular Customer,False
1101-SSWAG,51.1,50.96864689714413,0.13135310285586854,Normal,No Offer Needed,False,Regular Customer,False
2979-SXESE,94.4,93.99983649931433,0.40016350068567874,Normal,No Offer Needed,False,Regular Customer,True
4013-TLDHQ,78.25,78.17222234519734,0.07777765480265941,Normal,No Offer Needed,False,Regular Customer,False
5743-KHMNA,25.55,25.633843869803528,-0.08384386980352687,Normal,No Offer Needed,False,Regular Customer,True
4194-FJARJ,60.0,59.744292311376945,0.2557076886230547,Normal,No Offer Needed,False,Regular Customer,True
5325-UWTWJ,90.55,90.3064647707546,0.2435352292453956,Normal,No Offer Needed,False,Regular Customer,True
3969-GYXEL,76.4,76.5534422683774,-0.15344226837738972,Normal,No Offer Needed,False,Regular Customer,False
9208-OLGAQ,84.95,84.91618519219914,0.033814807800865765,Normal,No Offer Needed,False,Regular Customer,True
3244-CQPHU,110.1,110.2794662330184,-0.17946623301840248,Normal,No Offer Needed,False,Regular Customer,True
2674-MLXMN,99.65,99.72002161713588,-0.07002161713587896,Normal,No Offer Needed,False,Regular Customer,True
9708-HPXWZ,45.4,45.73215919375854,-0.3321591937585424,Normal,No Offer Needed,False,Regular Customer,False
6992-TKNYO,69.0,68.8190111677752,0.18098883222479856,Normal,No Offer Needed,False,Regular Customer,False
4468-YDOVK,48.65,48.6062984844337,0.043701515566297644,Normal,No Offer Needed,False,Regular Customer,False
3754-DXMRT,44.15,44.65928160698908,-0.5092816069890844,Normal,No Offer Needed,False,Regular Customer,False
5792-JALQC,59.85,59.689046005154566,0.1609539948454355,Normal,No Offer Needed,False,Regular Customer,True
7130-VTEWQ,75.75,75.85189895389807,-0.10189895389807191,Normal,No Offer Needed,False,Regular Customer,False
2200-DSAAL,80.65,80.51042329418894,0.1395767058110664,Normal,No Offer Needed,False,Regular Customer,True
4302-ZYFEL,20.55,20.45228717552413,0.09771282447587026,Normal,No Offer Needed,False,Regular Customer,True
9351-LZYGF,66.4,66.00123372314171,0.39876627685829646,Normal,No Offer Needed,False,Regular Customer,False
4366-CTOUZ,100.2,100.05416316281398,0.14583683718602458,Normal,No Offer Needed,False,Regular Customer,True
6121-VZNQB,19.1,19.624042657267456,-0.5240426572674544,Normal,No Offer Needed,False,Regular Customer,False
7903-CMPEY,80.3,80.38171293620194,-0.08171293620193865,Normal,No Offer Needed,False,Regular Customer,True
1518-OMDIK,44.55,44.61778603542524,-0.06778603542524309,Normal,No Offer Needed,False,Regular Customer,False
6671-NGWON,20.35,20.657443043910728,-0.30744304391072674,Normal,No Offer Needed,False,Regular Customer,False
0595-ITUDF,91.8,91.40873111241682,0.39126888758318046,Normal,No Offer Needed,False,Regular Customer,True
6996-KNSML,74.9,74.9239608237168,-0.023960823716791424,Normal,No Offer Needed,False,Regular Customer,False
1955-IBMMB,20.2,20.475777142759675,-0.2757771427596758,Normal,No Offer Needed,False,Regular Customer,True
0096-BXERS,50.35,50.299698861200405,0.050301138799596856,Normal,No Offer Needed,False,Regular Customer,False
3806-YAZOV,18.8,19.163106431211276,-0.36310643121127484,Normal,No Offer Needed,False,Regular Customer,False
7998-ZLXWN,20.45,20.97153354816813,-0.5215335481681294,Normal,No Offer Needed,False,Regular Customer,False
6253-WRFHY,64.75,64.7935701353473,-0.043570135347295036,Normal,No Offer Needed,False,Regular Customer,False
9133-AYJZG,98.7,98.50431546224151,0.19568453775849548,Normal,No Offer Needed,False,Regular Customer,True
2675-OTVVJ,89.45,89.37386150374854,0.07613849625145974,Normal,No Offer Needed,False,Regular Customer,True
8680-CGLTP,58.75,58.724051227879436,0.025948772120564456,Normal,No Offer Needed,False,Regular Customer,False
8430-TWCBX,20.7,20.86756404574829,-0.1675640457482892,Normal,No Offer Needed,False,Regular Customer,False
5018-GWURO,85.6,85.28704095682626,0.31295904317373413,Normal,No Offer Needed,False,Regular Customer,True
6741-QRLUP,80.3,80.26377846266847,0.036221537331528,Normal,No Offer Needed,False,Regular Customer,True
4737-HOBAX,79.8,79.81242097774329,-0.01242097774328954,Normal,No Offer Needed,False,Regular Customer,True
0537-QYZZN,79.85,79.69814972149848,0.151850278501513,Normal,No Offer Needed,False,Regular Customer,False
3340-QBBFM,54.1,53.91826158976074,0.1817384102392623,Normal,No Offer Needed,False,Regular Customer,False
1704-NRWYE,80.85,80.99510432771713,-0.1451043277171351,Normal,No Offer Needed,False,Regular Customer,True
2592-SEIFQ,24.75,25.72034837865804,-0.9703483786580414,Normal,No Offer Needed,False,Regular Customer,False
8200-KLNYW,80.9,80.29836381427734,0.6016361857226684,High Drop,Personalized Retention Offer,True,Outreach Customer,True
3372-CDXFJ,24.5,24.692099718417943,-0.1920997184179427,Normal,No Offer Needed,False,Regular Customer,False
4781-ZXYGU,20.15,20.58722391185145,-0.4372239118514507,Normal,No Offer Needed,False,Regular Customer,False
7632-YUTXB,20.05,19.952066901236535,0.09793309876346612,Normal,No Offer Needed,False,Regular Customer,False
2718-YSKCS,19.6,19.50879517288933,0.09120482711067268,Normal,No Offer Needed,False,Regular Customer,True
9896-UYMIE,114.3,114.10290598491495,0.19709401508504243,Normal,No Offer Needed,False,Regular Customer,True
0853-NWIFK,100.3,100.41058164451356,-0.11058164451355879,Normal,No Offer Needed,False,Regular Customer,True
8212-CRQXP,80.0,79.90226432531738,0.09773567468262456,Normal,No Offer Needed,False,Regular Customer,False
6980-CDGFC,20.85,20.5875132092669,0.262486790733103,Normal,No Offer Needed,False,Regular Customer,True
7691-XVTZH,89.95,89.68292834519197,0.26707165480803496,Normal,No Offer Needed,False,Regular Customer,True
7481-ATQQS,90.85,91.01303938244351,-0.16303938244351457,Normal,No Offer Needed,False,Regular Customer,True
2277-VWCNI,48.75,48.46091747323694,0.28908252676306034,Normal,No Offer Needed,False,Regular Customer,False
1088-CNNKB,80.0,79.72777620496866,0.2722237950313371,Normal,No Offer Needed,False,Regular Customer,True
8642-GVWRF,79.7,79.23766594694087,0.4623340530591378,High Drop,Premium Entertainment Bundle,True,Outreach Customer,False
1930-BZLHI,20.35,20.583976451295307,-0.2339764512953053,Normal,No Offer Needed,False,Regular Customer,False
3400-ESFUW,57.55,57.44782666271947,0.1021733372805258,Normal,No Offer Needed,False,Regular Customer,True
5868-YTYKS,20.25,20.58257426137382,-0.3325742613738214,Normal,No Offer Needed,False,Regular Customer,False
3525-DVKFN,19.4,19.85346320830021,-0.45346320830021014,Normal,No Offer Needed,False,Regular Customer,False
1482-OXZSY,100.4,100.36943480395743,0.03056519604257346,Normal,No Offer Needed,False,Regular Customer,True
0377-JBKKT,57.95,57.31051947599714,0.6394805240028631,High Drop,Loyalty Discount Offer,True,Outreach Customer,False
5778-BVOFB,59.5,59.32067757670263,0.17932242329737136,Normal,No Offer Needed,False,Regular Customer,False
3373-YZZYM,19.2,19.436023238693828,-0.23602323869382857,Normal,No Offer Needed,False,Regular Customer,False
2057-ZBLPD,86.5,86.58803555325224,-0.0880355532522401,Normal,No Offer Needed,False,Regular Customer,True
0228-MAUWC,59.55,59.33126489259956,0.218735107400434,Normal,No Offer Needed,False,Regular Customer,False
5502-RLUYV,103.95,103.79993661058718,0.15006338941282138,Normal,No Offer Needed,False,Regular Customer,True
0023-HGHWL,25.1,26.072779893611106,-0.9727798936111043,Normal,No Offer Needed,False,Regular Customer,False
7663-YJHSN,103.95,103.64886508025872,0.3011349197412869,Normal,No Offer Needed,False,Regular Customer,True
4915-BFSXL,68.95,68.79300608876437,0.1569939112356309,Normal,No Offer Needed,False,Regular Customer,True
3086-RUCRN,103.1,102.79036645035394,0.30963354964605116,Normal,No Offer Needed,False,Regular Customer,True
5215-LNLDJ,24.7,25.129003021027337,-0.4290030210273379,Normal,No Offer Needed,False,Regular Customer,False
7576-JMYWV,110.2,109.86434762755452,0.3356523724454803,Normal,No Offer Needed,False,Regular Customer,True
9039-RBEEE,48.95,49.313091216244985,-0.36309121624498175,Normal,No Offer Needed,False,Regular Customer,False
0257-KXZGU,62.45,61.61102360581923,0.8389763941807757,High Drop,Loyalty Discount Offer,True,Outreach Customer,False
1307-ATKGB,89.55,89.43767048088141,0.1123295191185889,Normal,No Offer Needed,False,Regular Customer,True
8417-FMLZI,83.55,83.57829432427208,-0.028294324272081894,Normal,No Offer Needed,False,Regular Customer,True
3714-XPXBW,78.9,78.38228087156347,0.5177191284365392,High Drop,Loyalty Discount Offer,True,Outreach Customer,False
1850-AKQEP,20.35,20.629249079512704,-0.2792490795127023,Normal,No Offer Needed,False,Regular Customer,False
2824-DXNKN,71.45,70.97369244563073,0.47630755436927075,High Drop,Personalized Retention Offer,True,Outreach Customer,True
5227-JSCFE,46.35,46.39470798420938,-0.04470798420938138,Normal,No Offer Needed,False,Regular Customer,True
0848-ZGQIJ,94.65,94.2383639775551,0.4116360224449096,Normal,No Offer Needed,False,Regular Customer,True
3621-CHYVB,49.9,49.79554164110986,0.10445835889014177,Normal,No Offer Needed,False,Regular Customer,True
8042-RNLKO,25.45,25.34206150150332,0.10793849849667936,Normal,No Offer Needed,False,Regular Customer,True
1792-UXAFY,89.15,88.8677619269294,0.28223807307060156,Normal,No Offer Needed,False,Regular Customer,True
5372-FBKBN,20.75,20.800307764123094,-0.05030776412309379,Normal,No Offer Needed,False,Regular Customer,False
0420-TXVSG,66.1,65.8939295844981,0.2060704155018982,Normal,No Offer Needed,False,Regular Customer,True
6217-TOWGS,75.4,74.90864170559578,0.49135829440422185,High Drop,Loyalty Discount Offer,True,Outreach Customer,False
0515-YPMCW,70.45,70.3122952209308,0.1377047790691961,Normal,No Offer Needed,False,Regular Customer,False
0378-XSZPU,60.3,60.171993447946875,0.1280065520531224,Normal,No Offer Needed,False,Regular Customer,True
1045-LTCYT,21.05,21.528722225345284,-0.4787222253452832,Normal,No Offer Needed,False,Regular Customer,False
1544-JJMYL,69.35,69.2869484811132,0.06305151888679461,Normal,No Offer Needed,False,Regular Customer,False
4636-JGAAI,88.85,88.34539388723418,0.5046061127658135,High Drop,Premium Entertainment Bundle,True,Outreach Customer,True
6874-SGLHU,97.0,96.91593891777731,0.08406108222268927,Normal,No Offer Needed,False,Regular Customer,True
5951-AOFIH,66.4,66.11631829477896,0.2836817052210421,Normal,No Offer Needed,False,Regular Customer,False
4729-XKASR,24.75,25.638465974056768,-0.8884659740567677,Normal,No Offer Needed,False,Regular Customer,False
3059-NGMXB,69.2,68.62788865999191,0.5721113400080924,High Drop,Loyalty Discount Offer,True,Outreach Customer,False
8652-YHIYU,79.5,79.30387547575253,0.19612452424746607,Normal,No Offer Needed,False,Regular Customer,False
5278-PNYOX,100.65,100.91414685015994,-0.264146850159932,Normal,No Offer Needed,False,Regular Customer,True
5449-FIBXJ,103.3,102.98018234744865,0.3198176525513503,Normal,No Offer Needed,False,Regular Customer,True
3486-HOOGQ,79.7,79.1013284928055,0.5986715071945099,High Drop,Personalized Retention Offer,True,Outreach Customer,True
5061-PBXFW,61.4,60.86872311735099,0.53127688264901,High Drop,Loyalty Discount Offer,True,Outreach Customer,False
8630-FJLIB,69.8,69.89894893057848,-0.0989489305784872,Normal,No Offer Needed,False,Regular Customer,False
3891-NLXJB,40.55,40.62982925604043,-0.07982925604043345,Normal,No Offer Needed,False,Regular Customer,False
4749-OJKQU,75.65,75.58220752298385,0.06779247701615532,Normal,No Offer Needed,False,Regular Customer,False
0577-WHMEV,90.7,90.11411549084053,0.5858845091594702,High Drop,Premium Entertainment Bundle,True,Outreach Customer,True
5453-AXEPF,80.5,80.0271752526945,0.47282474730549495,High Drop,Premium Entertainment Bundle,True,Outreach Customer,True
3639-XJHKQ,60.6,60.28097773966867,0.3190222603313302,Normal,No Offer Needed,False,Regular Customer,False
3716-LRGXK,101.15,101.38223136342533,-0.23223136342532769,Normal,No Offer Needed,False,Regular Customer,True
2263-SFSQZ,24.95,24.71881536923153,0.23118463076846751,Normal,No Offer Needed,False,Regular Customer,True
9950-MTGYX,20.3,20.863517608392087,-0.5635176083920861,Normal,No Offer Needed,False,Regular Customer,False
3397-AVTKU,60.0,60.31575876626024,-0.31575876626023813,Normal,No Offer Needed,False,Regular Customer,False
4825-FUREZ,20.25,20.76005922154373,-0.510059221543731,Normal,No Offer Needed,False,Regular Customer,False
9837-BMCLM,78.5,78.7298952370938,-0.22989523709379966,Normal,No Offer Needed,False,Regular Customer,False
2672-OJQZP,44.75,44.64018071446499,0.10981928553501064,Normal,No Offer Needed,False,Regular Customer,False
0137-UDEUO,19.85,20.366803527675373,-0.5168035276753713,Normal,No Offer Needed,False,Regular Customer,False
3134-DSHVC,98.0,98.01786277084125,-0.017862770841247766,Normal,No Offer Needed,False,Regular Customer,True
6161-UUUTA,79.9,80.12568213110183,-0.22568213110182,Normal,No Offer Needed,False,Regular Customer,False
7821-DPRQE,107.7,107.73604069956123,-0.036040699561226575,Normal,No Offer Needed,False,Regular Customer,True
6543-XRMYR,99.7,99.66981872940323,0.03018127059677056,Normal,No Offer Needed,False,Regular Customer,True
2001-EWBQU,104.7,104.77825385422092,-0.07825385422091813,Normal,No Offer Needed,False,Regular Customer,True
4925-LMHOK,58.6,58.60939214557895,-0.009392145578949851,Normal,No Offer Needed,False,Regular Customer,False
1608-GMEWB,93.9,93.90565528002423,-0.005655280024228659,Normal,No Offer Needed,False,Regular Customer,True
6695-AMZUF,86.45,86.42188833520436,0.028111664795645197,Normal,No Offer Needed,False,Regular Customer,True
1455-UGQVH,98.5,98.30516225576979,0.19483774423021316,Normal,No Offer Needed,False,Regular Customer,True
8410-BGQXN,19.4,19.83471321601849,-0.43471321601849056,Normal,No Offer Needed,False,Regular Customer,False
8280-MQRQN,50.45,50.22456289589751,0.22543710410248963,Normal,No Offer Needed,False,Regular Customer,False
1619-YWUBB,24.95,24.987526260648117,-0.037526260648117926,Normal,No Offer Needed,False,Regular Customer,True
7611-YKYTC,75.0,74.85229700315391,0.14770299684609256,Normal,No Offer Needed,False,Regular Customer,False
2037-SGXHH,94.65,94.16835974186785,0.4816402581321597,High Drop,Premium Entertainment Bundle,True,Outreach Customer,True
3178-FESZO,100.25,100.07935988203346,0.170640117966542,Normal,No Offer Needed,False,Regular Customer,True
0365-GXEZS,78.2,77.97912370499883,0.220876295001176,Normal,No Offer Needed,False,Regular Customer,False
0082-OQIQY,94.2,94.32135134085961,-0.1213513408596043,Normal,No Offer Needed,False,Regular Customer,True
6087-MVHJH,88.45,88.43670751485953,0.013292485140468102,Normal,No Offer Needed,False,Regular Customer,True
4603-JANFB,69.85,70.20920816233175,-0.359208162331754,Normal,No Offer Needed,False,Regular Customer,False
3018-TFTSU,81.7,81.67784862803663,0.0221513719633748,Normal,No Offer Needed,False,Regular Customer,True
3606-SBKRY,50.05,50.40419869940671,-0.3541986994067159,Normal,No Offer Needed,False,Regular Customer,False
4806-KEXQR,79.9,80.33467437210916,-0.43467437210915705,Normal,No Offer Needed,False,Regular Customer,False
0667-NSRGI,69.55,68.84272340471031,0.7072765952896845,High Drop,Online Security Add-on,True,Outreach Customer,False
7083-YNSKY,25.4,26.02827555121731,-0.6282755512173104,Normal,No Offer Needed,False,Regular Customer,False
6893-ODYYE,90.1,89.9874558638412,0.11254413615878889,Normal,No Offer Needed,False,Regular Customer,True
8242-JSVBO,44.65,44.80317942487921,-0.15317942487921243,Normal,No Offer Needed,False,Regular Customer,False
2479-BRAMR,83.75,83.50794455164194,0.2420554483580588,Normal,No Offer Needed,False,Regular Customer,True
9541-ZPSEA,80.35,80.49667716769396,-0.14667716769396577,Normal,No Offer Needed,False,Regular Customer,True
2665-NPTGL,98.1,97.58010992601564,0.5198900739843566,High Drop,Premium Entertainment Bundle,True,Outreach Customer,True
1139-WUOAH,53.35,53.82808674548305,-0.4780867454830471,Normal,No Offer Needed,False,Regular Customer,True
4693-VWVBO,19.55,20.294990812674534,-0.7449908126745335,Normal,No Offer Needed,False,Regular Customer,False
7434-SHXLS,20.9,21.42834527968264,-0.5283452796826431,Normal,No Offer Needed,False,Regular Customer,False
6937-GCDGQ,48.95,48.87307541013838,0.0769245898616262,Normal,No Offer Needed,False,Regular Customer,False
0988-JRWWP,54.2,54.30392611060309,-0.10392611060309065,Normal,No Offer Needed,False,Regular Customer,False
5075-JSDKI,24.45,24.713810298137954,-0.26381029813795465,Normal,No Offer Needed,False,Regular Customer,True
7908-QCBCA,69.4,69.16371109920011,0.23628890079989162,Normal,No Offer Needed,False,Regular Customer,False
8644-XYTSV,40.15,40.2606944959455,-0.11069449594550207,Normal,No Offer Needed,False,Regular Customer,False
6711-FLDFB,74.9,75.006343694959,-0.1063436949589942,Normal,No Offer Needed,False,Regular Customer,False
3873-WOSBC,25.6,25.78852344423883,-0.18852344423882883,Normal,No Offer Needed,False,Regular Customer,True
7465-ZZRVX,70.35,70.54263076288589,-0.19263076288589787,Normal,No Offer Needed,False,Regular Customer,False
7975-JMZNT,91.7,91.47029338432806,0.22970661567194384,Normal,No Offer Needed,False,Regular Customer,True
7251-XFOIL,89.2,88.83310836724459,0.3668916327554115,Normal,No Offer Needed,False,Regular Customer,True
4116-IQRFR,24.1,24.57113293769582,-0.4711329376958169,Normal,No Offer Needed,False,Regular Customer,False
3714-JTVOV,74.15,74.4180022688167,-0.2680022688167014,Normal,No Offer Needed,False,Regular Customer,False
8259-DZLIZ,53.85,53.09388080308479,0.7561191969152148,High Drop,Online Security Add-on,True,Outreach Customer,True
0442-ZXKVS,115.6,115.16403334658162,0.4359666534183759,High Drop,Premium Entertainment Bundle,True,Outreach Customer,True
7853-WNZSY,19.75,20.616840757289115,-0.8668407572891148,Normal,No Offer Needed,False,Regular Customer,False
3120-FAZKD,24.05,24.014138340948833,0.035861659051168004,Normal,No Offer Needed,False,Regular Customer,True
8606-OEGQZ,25.3,25.89634072182682,-0.5963407218268202,Normal,No Offer Needed,False,Regular Customer,False
0225-ZORZP,84.3,84.36666400990869,-0.06666400990869192,Normal,No Offer Needed,False,Regular Customer,True
4702-IOQDC,70.1,70.37230700549178,-0.27230700549178266,Normal,No Offer Needed,False,Regular Customer,False
9489-JMTTN,89.75,89.56515051511941,0.18484948488058706,Normal,No Offer Needed,False,Regular Customer,True
0575-CUQOV,97.95,97.83642669619361,0.11357330380639041,Normal,No Offer Needed,False,Regular Customer,True
0967-BMLBD,20.0,20.026759430360183,-0.026759430360183245,Normal,No Offer Needed,False,Regular Customer,False
6178-KFNHS,78.3,78.34341316800263,-0.04341316800262973,Normal,No Offer Needed,False,Regular Customer,False
2830-LEWOA,103.9,103.72242277686158,0.17757722313842805,Normal,No Offer Needed,False,Regular Customer,True
5006-MXVRN,20.7,21.316977538856154,-0.6169775388561547,Normal,No Offer Needed,False,Regular Customer,False
1264-BYWMS,96.8,97.17065573697788,-0.3706557369778807,Normal,No Offer Needed,False,Regular Customer,True
9658-WYUFB,94.4,94.23414382236307,0.1658561776369396,Normal,No Offer Needed,False,Regular Customer,True
8327-WKMIE,20.15,20.665593972365496,-0.5155939723654974,Normal,No Offer Needed,False,Regular Customer,False
6917-FIJHC,26.0,25.57462426829034,0.4253757317096607,High Drop,Personalized Retention Offer,True,Outreach Customer,True
5329-KRDTM,77.35,76.98653726015144,0.3634627398485577,Normal,No Offer Needed,False,Regular Customer,True
7797-EJMDP,66.05,66.14084204067251,-0.09084204067251278,Normal,No Offer Needed,False,Regular Customer,False
3530-VWVGU,19.9,19.804775155178934,0.09522484482106464,Normal,No Offer Needed,False,Regular Customer,False
2013-SGDXK,84.3,84.22670159490013,0.07329840509986241,Normal,No Offer Needed,False,Regular Customer,True
6368-NWMCE,68.15,68.02014731621479,0.12985268378521653,Normal,No Offer Needed,False,Regular Customer,False
3633-CDBUW,80.85,80.49654953022701,0.3534504697729801,Normal,No Offer Needed,False,Regular Customer,True
0707-HOVVN,75.5,74.97178839280882,0.5282116071911815,High Drop,Online Security Add-on,True,Outreach Customer,True
8580-QVLOC,92.45,92.37334089029153,0.07665910970847278,Normal,No Offer Needed,False,Regular Customer,True
3956-MGXOG,80.6,80.82441949435967,-0.22441949435967956,Normal,No Offer Needed,False,Regular Customer,True
9274-UARKJ,83.2,82.80629279816797,0.39370720183202934,Normal,No Offer Needed,False,Regular Customer,True
4077-HWUYD,87.55,87.2259732964282,0.3240267035718034,Normal,No Offer Needed,False,Regular Customer,True
2012-NWRPA,99.55,99.2702913698639,0.27970863013609915,Normal,No Offer Needed,False,Regular Customer,True
8808-ELEHO,81.25,81.17617099059558,0.07382900940442028,Normal,No Offer Needed,False,Regular Customer,True
0103-CSITQ,109.4,108.8630230973573,0.5369769026427065,High Drop,Premium Entertainment Bundle,True,Outreach Customer,True
3506-LCJDC,19.95,20.571953815192057,-0.6219538151920574,Normal,No Offer Needed,False,Regular Customer,False
8671-KKKOS,45.55,45.55328921608522,-0.003289216085221369,Normal,No Offer Needed,False,Regular Customer,False
7305-ZWMAJ,20.7,21.147945300160536,-0.44794530016053713,Normal,No Offer Needed,False,Regular Customer,False
9518-XXBXE,75.3,75.41629097803921,-0.11629097803921695,Normal,No Offer Needed,False,Regular Customer,False
3934-HXCFZ,99.25,98.82140817600732,0.4285918239926758,High Drop,Premium Entertainment Bundle,True,Outreach Customer,True
6578-KRMAW,93.4,93.40691096253897,-0.006910962538967169,Normal,No Offer Needed,False,Regular Customer,True
4860-IJUDE,73.75,74.02500547392438,-0.2750054739243808,Normal,No Offer Needed,False,Regular Customer,False
7666-WKRON,80.45,80.68599033450424,-0.2359903345042369,Normal,No Offer Needed,False,Regular Customer,True
9688-YGXVR,88.15,87.86422577883813,0.2857742211618728,Normal,No Offer Needed,False,Regular Customer,True
0423-UDIJQ,49.2,49.03380604016002,0.16619395983997975,Normal,No Offer Needed,False,Regular Customer,False
1945-XISKS,19.65,19.417307406890327,0.23269259310967172,Normal,No Offer Needed,False,Regular Customer,True
4910-AQFFX,79.35,78.90226576072304,0.4477342392769543,High Drop,Premium Entertainment Bundle,True,Outreach Customer,False
2154-KVJFF,79.75,79.62833252713898,0.12166747286102009,Normal,No Offer Needed,False,Regular Customer,False
5360-LJCNJ,105.15,105.01140648760698,0.13859351239302953,Normal,No Offer Needed,False,Regular Customer,True
2607-FBDFF,49.0,49.294123000954656,-0.2941230009546558,Normal,No Offer Needed,False,Regular Customer,False
9647-ERGBE,100.05,99.77533007842597,0.2746699215740307,Normal,No Offer Needed,False,Regular Customer,True
3428-XZMAZ,69.35,69.71382478949161,-0.36382478949161623,Normal,No Offer Needed,False,Regular Customer,False
1100-DDVRV,49.8,49.712376254351746,0.08762374564825137,Normal,No Offer Needed,False,Regular Customer,False
0378-TOVMS,85.8,86.0518683406052,-0.25186834060519914,Normal,No Offer Needed,False,Regular Customer,True
4355-HBJHH,79.7,79.84496907081166,-0.1449690708116549,Normal,No Offer Needed,False,Regular Customer,True
6728-WYQBC,20.95,21.63141043289276,-0.6814104328927613,Normal,No Offer Needed,False,Regular Customer,False
9058-CBREO,50.55,50.424174810833875,0.12582518916612173,Normal,No Offer Needed,False,Regular Customer,False
9029-FEGVJ,79.3,78.56035700761988,0.7396429923801122,High Drop,Premium Entertainment Bundle,True,Outreach Customer,False
7216-KAOID,19.5,19.537241434433795,-0.03724143443379546,Normal,No Offer Needed,False,Regular Customer,False
0318-QUUOB,80.55,80.62947591021297,-0.0794759102129774,Normal,No Offer Needed,False,Regular Customer,True
6145-NNPNO,44.15,44.27661541200887,-0.12661541200887427,Normal,No Offer Needed,False,Regular Customer,False
5520-FVEWJ,84.5,83.9030595857751,0.5969404142249033,High Drop,Premium Entertainment Bundle,True,Outreach Customer,True
5339-TJFEK,105.5,105.43466857154698,0.06533142845302109,Normal,No Offer Needed,False,Regular Customer,True
5572-ZDXHY,84.3,84.0905703925921,0.2094296074078983,Normal,No Offer Needed,False,Regular Customer,True
2074-GUHPQ,92.7,92.02167152886973,0.6783284711302713,High Drop,Premium Entertainment Bundle,True,Outreach Customer,True
4625-XMOYM,26.25,25.99497278706692,0.2550272129330793,Normal,No Offer Needed,False,Regular Customer,True
5827-MWCZK,96.95,96.57006735220503,0.3799326477949734,Normal,No Offer Needed,False,Regular Customer,True
1385-TQOZW,20.45,21.130477482389924,-0.6804774823899251,Normal,No Offer Needed,False,Regular Customer,False
5914-XRFQB,115.8,115.81890689796475,-0.01890689796475442,Normal,No Offer Needed,False,Regular Customer,True
4329-YPDDQ,108.2,107.76848429792119,0.43151570207881207,High Drop,Premium Entertainment Bundle,True,Outreach Customer,True
4804-NCPET,20.2,20.475503097048755,-0.2755030970487553,Normal,No Offer Needed,False,Regular Customer,False
3750-CKVKH,67.75,68.12373666945076,-0.3737366694507642,Normal,No Offer Needed,False,Regular Customer,False
5944-UGLLK,54.9,55.1884458239402,-0.2884458239402008,Normal,No Offer Needed,False,Regular Customer,True
8063-GBATB,85.25,85.49238180597814,-0.24238180597814107,Normal,No Offer Needed,False,Regular Customer,True
7787-BNTZM,20.15,20.785833534596055,-0.6358335345960562,Normal,No Offer Needed,False,Regular Customer,False
2252-ISRNH,90.35,89.78143885429,0.5685611457099924,High Drop,Premium Entertainment Bundle,True,Outreach Customer,True
9415-TPKRV,55.75,55.36119234667957,0.388807653320427,Normal,No Offer Needed,False,Regular Customer,False
5322-TEUJK,114.6,114.40904669557806,0.1909533044219387,Normal,No Offer Needed,False,Regular Customer,True
4547-KQRTM,80.05,79.78497997766284,0.26502002233715416,Normal,No Offer Needed,False,Regular Customer,True
4877-EVATK,20.0,20.62124805183042,-0.6212480518304204,Normal,No Offer Needed,False,Regular Customer,False
1866-DIOQZ,66.8,66.53345015588347,0.2665498441165255,Normal,No Offer Needed,False,Regular Customer,True
8375-KVTHK,100.3,100.36278642297982,-0.06278642297982628,Normal,No Offer Needed,False,Regular Customer,True
2697-NQBPF,105.35,105.17775153202335,0.17224846797664384,Normal,No Offer Needed,False,Regular Customer,True
3709-OIJEA,85.2,84.88709345164932,0.3129065483506821,Normal,No Offer Needed,False,Regular Customer,True
7639-SUPCW,48.8,49.183971265467385,-0.38397126546738747,Normal,No Offer Needed,False,Regular Customer,False
1386-ZIKUV,18.95,19.330055985619023,-0.3800559856190233,Normal,No Offer Needed,False,Regular Customer,False
0599-XNYDO,69.8,69.6522500737484,0.147749926251592,Normal,No Offer Needed,False,Regular Customer,False
6377-WHAOX,106.15,105.83720663150552,0.31279336849448214,Normal,No Offer Needed,False,Regular Customer,True
6855-VLGOS,20.55,20.622066068045733,-0.07206606804573212,Normal,No Offer Needed,False,Regular Customer,True
8999-XXGNS,105.75,105.57991514606894,0.17008485393105843,Normal,No Offer Needed,False,Regular Customer,True
8746-OQQRW,25.25,25.50186515097128,-0.25186515097128037,Normal,No Offer Needed,False,Regular Customer,False
3181-MIZBN,19.75,20.201955891343147,-0.45195589134314673,Normal,No Offer Needed,False,Regular Customer,False
0471-ARVMX,104.85,104.7741107925941,0.07588920740589344,Normal,No Offer Needed,False,Regular Customer,True
7766-CLTIC,60.95,60.74777453522577,0.2022254647742301,Normal,No Offer Needed,False,Regular Customer,False
5650-YLIBA,81.15,81.01938092727222,0.13061907272778228,Normal,No Offer Needed,False,Regular Customer,True
0825-CPPQH,19.1,19.24539909845479,-0.1453990984547886,Normal,No Offer Needed,False,Regular Customer,True
9084-OAYKL,20.8,20.87970568711175,-0.07970568711174764,Normal,No Offer Needed,False,Regular Customer,True
6122-LJADA,90.15,89.97899978031245,0.1710002196875564,Normal,No Offer Needed,False,Regular Customer,True
2400-XIWIO,90.1,89.93147554975077,0.16852445024922247,Normal,No Offer Needed,False,Regular Customer,True
7524-VRLPL,74.1,74.33026985304863,-0.23026985304863956,Normal,No Offer Needed,False,Regular Customer,True
1069-XAIEM,85.05,85.22182996154613,-0.1718299615461376,Normal,No Offer Needed,False,Regular Customer,True
7569-NMZYQ,118.75,118.60584471527102,0.14415528472898131,Normal,No Offer Needed,False,Regular Customer,True
5201-USSQZ,85.9,85.9590591663648,-0.05905916636478992,Normal,No Offer Needed,False,Regular Customer,True
2105-PHWON,95.0,94.68498701450905,0.31501298549095225,Normal,No Offer Needed,False,Regular Customer,True
1494-EJZDW,20.15,20.443559088038253,-0.29355908803825415,Normal,No Offer Needed,False,Regular Customer,False
4884-TVUQF,101.3,101.61958383470179,-0.3195838347017883,Normal,No Offer Needed,False,Regular Customer,True
8003-EWNDZ,21.2,21.83585091518304,-0.6358509151830418,Normal,No Offer Needed,False,Regular Customer,False
1897-RCFUM,24.2,23.782511099607287,0.417488900392712,Normal,No Offer Needed,False,Regular Customer,False
9256-JTBNZ,20.3,20.798024377321155,-0.4980243773211548,Normal,No Offer Needed,False,Regular Customer,False
4658-HCOHW,102.8,102.31734498673536,0.4826550132646332,High Drop,Premium Entertainment Bundle,True,Outreach Customer,True
2211-RMNHO,85.3,84.73128372109007,0.5687162789099318,High Drop,Online Security Add-on,True,Outreach Customer,True
2432-TFSMK,89.6,89.35448727921668,0.2455127207833101,Normal,No Offer Needed,False,Regular Customer,True
3440-JPSCL,99.95,99.41450662779174,0.5354933722082649,High Drop,Premium Entertainment Bundle,True,Outreach Customer,True
4929-ROART,56.25,55.994704230858,0.2552957691420019,Normal,No Offer Needed,False,Regular Customer,False
1834-ABKHQ,50.95,50.34339707739361,0.6066029226063918,High Drop,Online Security Add-on,True,Outreach Customer,True
1741-WTPON,115.85,115.40320729516989,0.44679270483010214,High Drop,Premium Entertainment Bundle,True,Outreach Customer,True
3932-IJWDZ,103.65,103.40393629531889,0.24606370468112004,Normal,No Offer Needed,False,Regular Customer,True
1240-HCBOH,26.1,25.873870241510918,0.22612975848908334,Normal,No Offer Needed,False,Regular Customer,True
3594-KADLU,35.1,35.30584598244136,-0.20584598244136032,Normal,No Offer Needed,False,Regular Customer,False
8065-BVEPF,99.1,98.98455767310725,0.11544232689274736,Normal,No Offer Needed,False,Regular Customer,True
3796-ENZGF,67.25,66.86008537424651,0.3899146257534909,Normal,No Offer Needed,False,Regular Customer,True
1734-ZMNTZ,25.0,25.120102975511355,-0.12010297551135451,Normal,No Offer Needed,False,Regular Customer,False
2853-CWQFQ,59.55,59.35811372793236,0.19188627206763442,Normal,No Offer Needed,False,Regular Customer,False
0813-TAXXS,77.8,77.78050426849296,0.01949573150703543,Normal,No Offer Needed,False,Regular Customer,True
2519-TWKFS,55.1,54.483739938065156,0.6162600619348453,High Drop,Online Security Add-on,True,Outreach Customer,False
2889-FPWRM,117.8,117.79072927306272,0.009270726937273821,Normal,No Offer Needed,False,Regular Customer,True
0626-QXNGV,24.15,24.168364754747973,-0.018364754747974388,Normal,No Offer Needed,False,Regular Customer,True
6723-CEGQI,45.25,44.89496488643064,0.35503511356935746,Normal,No Offer Needed,False,Regular Customer,True
6987-XQSJT,79.5,79.48475043565654,0.015249564343463362,Normal,No Offer Needed,False,Regular Customer,True
4732-RRJZC,20.25,20.410994817032883,-0.16099481703288276,Normal,No Offer Needed,False,Regular Customer,False
9499-XPZXM,64.75,64.42273026863464,0.3272697313653623,Normal,No Offer Needed,False,Regular Customer,True
4338-EYCER,54.6,54.4563388129655,0.14366118703450326,Normal,No Offer Needed,False,Regular Customer,False
3007-FDPEA,20.7,21.266986957843958,-0.5669869578439588,Normal,No Offer Needed,False,Regular Customer,False
6350-XFYGW,94.75,94.65057472162768,0.09942527837232262,Normal,No Offer Needed,False,Regular Customer,True
4290-BSXUX,79.65,79.44373051545078,0.20626948454922456,Normal,No Offer Needed,False,Regular Customer,False
8513-OLYGY,115.8,116.01528919956134,-0.21528919956134018,Normal,No Offer Needed,False,Regular Customer,True
0311-QYWSS,49.45,49.714431784490905,-0.26443178449090254,Normal,No Offer Needed,False,Regular Customer,False
8705-DWKTI,83.8,83.991362092884,-0.19136209288400607,Normal,No Offer Needed,False,Regular Customer,True
8755-IWJHN,95.35,94.9815699088271,0.3684300911728968,Normal,No Offer Needed,False,Regular Customer,True
0325-XBFAC,94.7,94.76470220797239,-0.06470220797238824,Normal,No Offer Needed,False,Regular Customer,True
4480-QQRHC,74.05,73.77307182907477,0.27692817092523114,Normal,No Offer Needed,False,Regular Customer,False
0929-PECLO,89.6,89.42183340523313,0.17816659476686425,Normal,No Offer Needed,False,Regular Customer,True
3680-CTHUH,116.6,116.59690342134873,0.003096578651266668,Normal,No Offer Needed,False,Regular Customer,True
1202-KKGFU,54.2,54.07719584194124,0.12280415805876288,Normal,No Offer Needed,False,Regular Customer,False
6112-KTHFQ,19.3,19.532088918348148,-0.23208891834814693,Normal,No Offer Needed,False,Regular Customer,False
1852-XEMDW,65.05,64.36244151815008,0.6875584818499192,High Drop,Loyalty Discount Offer,True,Outreach Customer,False
2462-XIIJB,92.5,92.27859699480923,0.2214030051907656,Normal,No Offer Needed,False,Regular Customer,True
4760-XOHVN,19.45,19.76108285413984,-0.3110828541398405,Normal,No Offer Needed,False,Regular Customer,False
1820-DJFPH,24.05,23.756177820619914,0.29382217938008637,Normal,No Offer Needed,False,Regular Customer,True
9426-SXNHE,18.75,19.35917195985527,-0.6091719598552707,Normal,No Offer Needed,False,Regular Customer,False
9068-FHQHD,20.15,20.33412543290523,-0.18412543290522976,Normal,No Offer Needed,False,Regular Customer,False
1269-FOYWN,20.0,19.99997941677048,2.058322952080971e-05,Normal,No Offer Needed,False,Regular Customer,False
9470-YFUYI,71.0,70.590812066271,0.409187933729001,Normal,No Offer Needed,False,Regular Customer,True
7817-BOQPW,75.55,75.64666474441144,-0.09666474441144146,Normal,No Offer Needed,False,Regular Customer,False
7402-EYFXX,93.6,93.67263300696408,-0.07263300696408237,Normal,No Offer Needed,False,Regular Customer,True
1853-UDXBW,70.0,70.12717252987738,-0.12717252987738448,Normal,No Offer Needed,False,Regular Customer,False
9895-VFOXH,24.4,24.76073545751358,-0.3607354575135808,Normal,No Offer Needed,False,Regular Customer,False
5458-CQJTA,74.8,75.0296317735704,-0.22963177357040365,Normal,No Offer Needed,False,Regular Customer,True
1230-QAJDW,65.25,64.76411022118951,0.48588977881048834,High Drop,Loyalty Discount Offer,True,Outreach Customer,False
5701-ZIKJE,50.55,50.31870316754698,0.2312968324530189,Normal,No Offer Needed,False,Regular Customer,False
5219-YIPTK,104.4,104.03778847988642,0.3622115201135898,Normal,No Offer Needed,False,Regular Customer,True
5032-MIYKT,70.7,70.41691551620488,0.28308448379512186,Normal,No Offer Needed,False,Regular Customer,False
7396-VJUZB,45.25,44.96710388324833,0.28289611675167237,Normal,No Offer Needed,False,Regular Customer,False
9717-QEBGU,70.3,70.49352882732157,-0.19352882732157184,Normal,No Offer Needed,False,Regular Customer,False
5172-RKOCB,108.95,109.31544884584598,-0.36544884584597526,Normal,No Offer Needed,False,Regular Customer,True
6509-TSGWN,26.45,26.04311268142154,0.40688731857845895,Normal,No Offer Needed,False,Regular Customer,False
3540-RZJYU,86.2,86.40000288004369,-0.20000288004368372,Normal,No Offer Needed,False,Regular Customer,True
3178-CIFOT,19.65,20.213384002089253,-0.5633840020892542,Normal,No Offer Needed,False,Regular Customer,False
2091-MJTFX,51.2,51.59010814824566,-0.390108148245659,Normal,No Offer Needed,False,Regular Customer,False
4530-NDRKU,19.05,19.119900953762464,-0.0699009537624633,Normal,No Offer Needed,False,Regular Customer,False
5985-TBABQ,74.75,74.42878962368225,0.32121037631775096,Normal,No Offer Needed,False,Regular Customer,False
9800-ONTFE,75.8,75.34804044874414,0.45195955125585385,High Drop,Premium Entertainment Bundle,True,Outreach Customer,False
6743-HHQPF,25.1,25.418353725194276,-0.3183537251942745,Normal,No Offer Needed,False,Regular Customer,False
8455-HIRAQ,44.45,44.30519376639529,0.14480623360471157,Normal,No Offer Needed,False,Regular Customer,False
6616-AALSR,104.3,104.42805375407166,-0.12805375407165798,Normal,No Offer Needed,False,Regular Customer,True
0883-EIBTI,19.5,20.028538682101757,-0.5285386821017575,Normal,No Offer Needed,False,Regular Customer,False
9415-ZNBSX,89.0,88.57199259676639,0.4280074032336074,High Drop,Personalized Retention Offer,True,Outreach Customer,True
4018-KJYUY,20.15,20.697220847148014,-0.5472208471480151,Normal,No Offer Needed,False,Regular Customer,False
0722-TROQR,74.9,75.01038345491263,-0.11038345491262191,Normal,No Offer Needed,False,Regular Customer,False
7571-YXDAD,74.9,75.05791378516136,-0.15791378516135524,Normal,No Offer Needed,False,Regular Customer,False
3884-UEBXB,36.15,36.039260393930554,0.11073960606944411,Normal,No Offer Needed,False,Regular Customer,True
8780-RSYYU,19.2,19.729516883915675,-0.5295168839156759,Normal,No Offer Needed,False,Regular Customer,False
5537-UXXVS,19.25,19.52055596166833,-0.27055596166832885,Normal,No Offer Needed,False,Regular Customer,False
1791-PQHBB,61.2,61.47112955174728,-0.27112955174727915,Normal,No Offer Needed,False,Regular Customer,False
8701-DGLVH,20.45,20.603933225544868,-0.15393322554486844,Normal,No Offer Needed,False,Regular Customer,True
8741-LQOBK,35.05,34.851373308853056,0.19862669114694143,Normal,No Offer Needed,False,Regular Customer,False
3393-FMZPV,100.25,100.1623603474813,0.08763965251870331,Normal,No Offer Needed,False,Regular Customer,True
8082-GHXOP,44.0,43.82597914715149,0.174020852848507,Normal,No Offer Needed,False,Regular Customer,False
6402-ZFPPI,102.8,102.43414062412164,0.36585937587835815,Normal,No Offer Needed,False,Regular Customer,True
0980-FEXWF,50.35,49.73866239310494,0.6113376068950629,High Drop,Online Security Add-on,True,Outreach Customer,False
7486-KSRVI,100.0,100.24649093757547,-0.2464909375754729,Normal,No Offer Needed,False,Regular Customer,True
3011-WQKSZ,20.0,20.523621958635793,-0.5236219586357933,Normal,No Offer Needed,False,Regular Customer,False
8443-WVPSS,99.85,99.71660260796423,0.13339739203576073,Normal,No Offer Needed,False,Regular Customer,True
3006-XIMLN,94.2,93.97408272560794,0.2259172743920601,Normal,No Offer Needed,False,Regular Customer,True
8218-FFJDS,86.4,86.22340870924997,0.17659129075003932,Normal,No Offer Needed,False,Regular Customer,True
1986-PHGZF,58.4,58.35191935569082,0.0480806443091808,Normal,No Offer Needed,False,Regular Customer,False
9965-YOKZB,83.85,84.14592315503901,-0.29592315503902,Normal,No Offer Needed,False,Regular Customer,True
0504-HHAPI,88.3,88.40729970975711,-0.10729970975711467,Normal,No Offer Needed,False,Regular Customer,True
9360-OMDZZ,94.1,94.17618178972256,-0.07618178972256828,Normal,No Offer Needed,False,Regular Customer,True
6305-YLBMM,104.05,104.09860323570916,-0.048603235709165915,Normal,No Offer Needed,False,Regular Customer,True
0345-XMMUG,108.9,108.65943965598308,0.24056034401692727,Normal,No Offer Needed,False,Regular Customer,True
8024-XNAFQ,107.4,107.45515215556783,-0.055152155567824934,Normal,No Offer Needed,False,Regular Customer,True
3647-GMGDH,94.7,94.71242495557081,-0.012424955570807583,Normal,No Offer Needed,False,Regular Customer,True
2988-GBIVW,90.85,91.05624524488577,-0.20624524488577833,Normal,No Offer Needed,False,Regular Customer,True
2832-SCUCO,19.9,20.65621195292864,-0.7562119529286413,Normal,No Offer Needed,False,Regular Customer,False
7036-ZZKBD,66.4,66.30138485484099,0.09861514515901604,Normal,No Offer Needed,False,Regular Customer,False
3791-LGQCY,100.65,100.48750306807729,0.16249693192271764,Normal,No Offer Needed,False,Regular Customer,True
0265-PSUAE,100.7,100.2099944584872,0.49000554151280085,High Drop,Premium Entertainment Bundle,True,Outreach Customer,True
0463-TXOAK,25.6,25.945604825768196,-0.34560482576819496,Normal,No Offer Needed,False,Regular Customer,True
0594-UFTUL,19.85,19.925003563574396,-0.07500356357439486,Normal,No Offer Needed,False,Regular Customer,False
9509-MPYOD,20.75,20.76155824135328,-0.011558241353281318,Normal,No Offer Needed,False,Regular Customer,False
9128-CPXKI,95.8,96.14377772153655,-0.3437777215365543,Normal,No Offer Needed,False,Regular Customer,True
0129-KPTWJ,94.65,94.7295958121692,-0.07959581216918821,Normal,No Offer Needed,False,Regular Customer,True
8166-ZZTFS,80.55,80.31085809421025,0.2391419057897508,Normal,No Offer Needed,False,Regular Customer,True
5855-EIBDE,106.65,106.59840682769556,0.05159317230445026,Normal,No Offer Needed,False,Regular Customer,True
5365-LLFYV,45.85,45.70655808386423,0.14344191613577095,Normal,No Offer Needed,False,Regular Customer,False
5956-YHHRX,104.35,103.98369016459696,0.36630983540302964,Normal,No Offer Needed,False,Regular Customer,True
6008-NAIXK,55.45,55.532825342897986,-0.08282534289798349,Normal,No Offer Needed,False,Regular Customer,True
2956-GGUCQ,78.85,78.95477524376257,-0.10477524376257463,Normal,No Offer Needed,False,Regular Customer,False
1928-BXYIV,61.15,61.12076616990046,0.029233830099535396,Normal,No Offer Needed,False,Regular Customer,False
5760-FXFVO,78.95,78.96448047751598,-0.014480477515974144,Normal,No Offer Needed,False,Regular Customer,False
6595-COKXZ,44.45,44.48398898285619,-0.03398898285618657,Normal,No Offer Needed,False,Regular Customer,False
0961-ZWLVI,109.2,109.02351978695818,0.17648021304182748,Normal,No Offer Needed,False,Regular Customer,True
5181-OABFK,61.3,61.00261162715949,0.29738837284050845,Normal,No Offer Needed,False,Regular Customer,True
4007-NHVHI,96.85,96.89226754206554,-0.04226754206554517,Normal,No Offer Needed,False,Regular Customer,True
7816-VGHTO,40.55,40.28478319815221,0.2652168018477852,Normal,No Offer Needed,False,Regular Customer,False
5871-DGTXZ,19.8,19.93123429030406,-0.13123429030406086,Normal,No Offer Needed,False,Regular Customer,False
7550-WIQVA,108.25,107.93185123427715,0.318148765722853,Normal,No Offer Needed,False,Regular Customer,True
7544-ZVIKX,105.05,104.64862278401786,0.40137721598213716,Normal,No Offer Needed,False,Regular Customer,True
0016-QLJIS,90.45,89.78230999886114,0.6676900011388653,High Drop,Personalized Retention Offer,True,Outreach Customer,True
7508-DQAKK,86.4,86.33250047986078,0.06749952013922211,Normal,No Offer Needed,False,Regular Customer,True
5176-OLSKT,66.9,66.41499625116423,0.4850037488357799,High Drop,Personalized Retention Offer,True,Outreach Customer,True
9356-AXGMP,110.7,110.5457302167697,0.15426978323030482,Normal,No Offer Needed,False,Regular Customer,True
3556-BVQGL,20.0,20.039493732032728,-0.03949373203272799,Normal,No Offer Needed,False,Regular Customer,False
0362-ZBZWJ,84.9,85.2541414060895,-0.3541414060894965,Normal,No Offer Needed,False,Regular Customer,True
8979-CAMGB,102.1,102.19415706724475,-0.09415706724475115,Normal,No Offer Needed,False,Regular Customer,True
4211-MMAZN,20.25,20.86893973825049,-0.6189397382504893,Normal,No Offer Needed,False,Regular Customer,False
7581-EBBOU,70.15,69.70728038881086,0.4427196111891476,High Drop,Online Security Add-on,True,Outreach Customer,True
4274-OWWYO,74.35,74.48601084944204,-0.13601084944204445,Normal,No Offer Needed,False,Regular Customer,False
5073-RZGBK,80.05,79.35883682988259,0.6911631701174059,High Drop,Personalized Retention Offer,True,Outreach Customer,True
1541-ETJZO,62.05,61.625995983752865,0.4240040162471317,High Drop,Loyalty Discount Offer,True,Outreach Customer,False
2192-CKRLV,49.2,49.331858704461915,-0.13185870446191217,Normal,No Offer Needed,False,Regular Customer,True
3154-HMWUU,20.5,20.6318559270929,-0.13185592709290006,Normal,No Offer Needed,False,Regular Customer,True
6119-SPUDB,38.25,38.29019917988987,-0.040199179889867764,Normal,No Offer Needed,False,Regular Customer,False
6522-OIQSX,54.95,54.924831630717975,0.025168369282027925,Normal,No Offer Needed,False,Regular Customer,True
7813-ZGGAW,96.6,96.0784057045191,0.5215942954808952,High Drop,Premium Entertainment Bundle,True,Outreach Customer,True
8748-HFWBO,19.9,19.945228707074566,-0.04522870707456761,Normal,No Offer Needed,False,Regular Customer,False
1052-QJIBV,19.9,19.93966778570239,-0.03966778570239171,Normal,No Offer Needed,False,Regular Customer,True
1319-YLZJG,84.6,84.23738888934756,0.3626111106524377,Normal,No Offer Needed,False,Regular Customer,True
4106-HADHQ,80.0,80.01416586405793,-0.014165864057929412,Normal,No Offer Needed,False,Regular Customer,False
0723-FDLAY,85.25,84.72024398156212,0.5297560184378796,High Drop,Online Security Add-on,True,Outreach Customer,True
3050-RLLXC,81.25,80.80638850774938,0.4436114922506249,High Drop,Personalized Retention Offer,True,Outreach Customer,True
9298-WGMRW,115.5,115.41319084745328,0.08680915254672072,Normal,No Offer Needed,False,Regular Customer,True
2369-UAPKZ,104.1,103.40142596493746,0.6985740350625349,High Drop,Premium Entertainment Bundle,True,Outreach Customer,True
3088-LHEFH,79.0,78.84091608434107,0.15908391565892543,Normal,No Offer Needed,False,Regular Customer,False
2778-OCLGR,39.1,39.759888782697736,-0.6598887826977347,Normal,No Offer Needed,False,Regular Customer,False
6583-KQJLK,94.65,94.37803491706781,0.2719650829321978,Normal,No Offer Needed,False,Regular Customer,True
8544-JNBOX,20.8,20.710478993471348,0.08952100652865269,Normal,No Offer Needed,False,Regular Customer,True
6681-ZSEXG,59.5,59.237707515839766,0.2622924841602341,Normal,No Offer Needed,False,Regular Customer,True
6139-ZZRBQ,20.05,20.256872033842683,-0.20687203384268216,Normal,No Offer Needed,False,Regular Customer,True
6116-RFVHN,100.45,100.13056204180637,0.31943795819363174,Normal,No Offer Needed,False,Regular Customer,True
0637-KVDLV,76.5,76.67146062922797,-0.17146062922796546,Normal,No Offer Needed,False,Regular Customer,False
8884-FEEWR,20.6,20.939902109233152,-0.3399021092331509,Normal,No Offer Needed,False,Regular Customer,False
3125-RAHBV,20.3,20.97572699200188,-0.6757269920018807,Normal,No Offer Needed,False,Regular Customer,False
6633-MPWBS,49.2,49.569632509673895,-0.3696325096738917,Normal,No Offer Needed,False,Regular Customer,False
0373-AIVNJ,39.55,39.50815679464975,0.041843205350247104,Normal,No Offer Needed,False,Regular Customer,False
8785-EPNCG,23.15,23.933292710777824,-0.7832927107778254,Normal,No Offer Needed,False,Regular Customer,False
1682-VCOIO,20.45,20.68581503753033,-0.23581503753032962,Normal,No Offer Needed,False,Regular Customer,False
5729-KLZAR,80.85,80.97677536606831,-0.12677536606831552,Normal,No Offer Needed,False,Regular Customer,True
2072-ZVJJX,25.25,25.21913755275226,0.030862447247738345,Normal,No Offer Needed,False,Regular Customer,True
8849-AYPTR,91.25,91.37546570725122,-0.12546570725122308,Normal,No Offer Needed,False,Regular Customer,True
9518-IMLHK,72.45,71.92845989969776,0.5215401003022464,High Drop,Loyalty Discount Offer,True,Outreach Customer,False
1582-RAFML,60.1,59.71637972226571,0.38362027773429475,Normal,No Offer Needed,False,Regular Customer,False
3646-ITDGM,19.7,19.932759990730442,-0.23275999073044318,Normal,No Offer Needed,False,Regular Customer,True
8740-CRYFY,78.95,79.17141753703095,-0.2214175370309448,Normal,No Offer Needed,False,Regular Customer,False
3569-VLDHH,75.1,74.57330982348914,0.5266901765108543,High Drop,Personalized Retention Offer,True,Outreach Customer,True
8224-KDLKN,25.0,24.809073753505466,0.19092624649453427,Normal,No Offer Needed,False,Regular Customer,True
7594-LZNWR,69.15,69.38398736789397,-0.23398736789395969,Normal,No Offer Needed,False,Regular Customer,False
4001-TSBTV,91.55,91.07751811858014,0.4724818814198528,High Drop,Premium Entertainment Bundle,True,Outreach Customer,True
2962-XPMCQ,45.15,45.64609858605678,-0.4960985860567817,Normal,No Offer Needed,False,Regular Customer,False
8727-XDPUD,35.8,36.48087699211153,-0.6808769921115356,Normal,No Offer Needed,False,Regular Customer,False
1043-UXOVO,113.15,113.35489926919516,-0.20489926919515256,Normal,No Offer Needed,False,Regular Customer,True
1064-FBXNK,19.85,20.525228352182467,-0.6752283521824651,Normal,No Offer Needed,False,Regular Customer,False
3996-ZNWYK,19.8,19.928300610449668,-0.12830061044966712,Normal,No Offer Needed,False,Regular Customer,True
2878-DHMIN,19.9,20.15406190300944,-0.25406190300943976,Normal,No Offer Needed,False,Regular Customer,False
7762-ONLJY,19.7,19.80528454690093,-0.10528454690092914,Normal,No Offer Needed,False,Regular Customer,False
1678-FYZOW,79.4,79.53735561570177,-0.13735561570176458,Normal,No Offer Needed,False,Regular Customer,False
5795-BKOYE,59.1,58.25344438349056,0.8465556165094412,High Drop,Online Security Add-on,True,Outreach Customer,True
8627-EHGIP,53.95,53.84278657926377,0.10721342073622964,Normal,No Offer Needed,False,Regular Customer,False
7402-PWYJJ,91.15,91.14612391436798,0.003876085632029458,Normal,No Offer Needed,False,Regular Customer,True
5480-TBGPH,99.3,99.08243739091826,0.21756260908173886,Normal,No Offer Needed,False,Regular Customer,True
0018-NYROU,68.95,68.94292484102354,0.007075158976462603,Normal,No Offer Needed,False,Regular Customer,False
7501-VTYLJ,51.55,51.08863166931428,0.4613683306857155,High Drop,Loyalty Discount Offer,True,Outreach Customer,False
7608-RGIRO,24.4,24.173547451982785,0.22645254801721393,Normal,No Offer Needed,False,Regular Customer,True
0480-BIXDE,96.8,96.51696751386774,0.2830324861322566,Normal,No Offer Needed,False,Regular Customer,True
5895-QSXOD,70.05,69.88146438982392,0.16853561017607888,Normal,No Offer Needed,False,Regular Customer,False
9814-AOUDH,19.5,20.060137797445293,-0.560137797445293,Normal,No Offer Needed,False,Regular Customer,True
6175-IRFIT,78.75,78.67310169349486,0.07689830650514295,Normal,No Offer Needed,False,Regular Customer,False
8760-ZRHKE,69.2,68.7295140281346,0.47048597186540064,High Drop,Personalized Retention Offer,True,Outreach Customer,True
1622-HSHSF,19.55,19.90792692053761,-0.3579269205376079,Normal,No Offer Needed,False,Regular Customer,False
8854-CCVSQ,80.65,80.6311422623857,0.01885773761431153,Normal,No Offer Needed,False,Regular Customer,True
6749-UTDVX,103.65,103.896073550926,-0.24607355092599903,Normal,No Offer Needed,False,Regular Customer,True
5542-DHSXL,54.7,54.25267251583245,0.44732748416755186,High Drop,Loyalty Discount Offer,True,Outreach Customer,False
9102-OXKFY,54.15,54.142803515879756,0.007196484120242985,Normal,No Offer Needed,False,Regular Customer,True
0511-JTEOY,71.1,70.99610546695365,0.10389453304634344,Normal,No Offer Needed,False,Regular Customer,False
5216-WASFJ,84.85,84.81974625863356,0.03025374136643677,Normal,No Offer Needed,False,Regular Customer,True
7808-DVWEP,20.0,20.53873287774158,-0.5387328777415803,Normal,No Offer Needed,False,Regular Customer,False
7067-KSAZT,106.25,106.16716392317471,0.08283607682528782,Normal,No Offer Needed,False,Regular Customer,True
2284-VFLKH,99.25,99.23776195550163,0.012238044498374734,Normal,No Offer Needed,False,Regular Customer,True
0366-NQSHS,19.35,19.805749331693445,-0.45574933169344334,Normal,No Offer Needed,False,Regular Customer,False
6532-YLWSI,20.8,20.869888639420758,-0.06988863942075696,Normal,No Offer Needed,False,Regular Customer,True
3807-BPOMJ,94.75,94.98363608989057,-0.23363608989056672,Normal,No Offer Needed,False,Regular Customer,True
3892-NXAZG,114.05,114.14824162465554,-0.09824162465554309,Normal,No Offer Needed,False,Regular Customer,True
4948-WBBKL,74.9,74.70096962370306,0.1990303762969461,Normal,No Offer Needed,False,Regular Customer,False
4182-BGSIQ,19.8,20.0558971642226,-0.2558971642225991,Normal,No Offer Needed,False,Regular Customer,False
9300-AGZNL,94.0,94.12001716765333,-0.12001716765333015,Normal,No Offer Needed,False,Regular Customer,True
0988-AADSA,80.85,80.4429911998179,0.40700880018209773,Normal,No Offer Needed,False,Regular Customer,True
9972-NKTFD,54.65,54.32963713417866,0.32036286582133755,Normal,No Offer Needed,False,Regular Customer,False
3717-LNXKW,91.7,91.47689663229329,0.22310336770671313,Normal,No Offer Needed,False,Regular Customer,True
5734-EJKXG,118.6,118.50737874225649,0.09262125774350238,Normal,No Offer Needed,False,Regular Customer,True
2207-RYYRL,24.55,24.351450995122203,0.19854900487779759,Normal,No Offer Needed,False,Regular Customer,True
6729-FZWSY,19.45,19.1535252507141,0.296474749285899,Normal,No Offer Needed,False,Regular Customer,True
9695-IDRZR,116.15,115.92506049204422,0.22493950795578144,Normal,No Offer Needed,False,Regular Customer,True
8144-DGHXP,80.6,80.79008451765061,-0.19008451765061807,Normal,No Offer Needed,False,Regular Customer,True
7814-LEEVE,20.3,20.75472830484347,-0.4547283048434707,Normal,No Offer Needed,False,Regular Customer,False
1112-CUNAO,89.85,89.88768514381422,-0.037685143814229605,Normal,No Offer Needed,False,Regular Customer,True
5175-AOBHI,46.0,46.00528571408582,-0.005285714085822235,Normal,No Offer Needed,False,Regular Customer,False
5174-RNGBH,66.25,65.79658446429109,0.45341553570891335,High Drop,Loyalty Discount Offer,True,Outreach Customer,False
8631-WUXGY,99.8,99.48307305983208,0.31692694016791734,Normal,No Offer Needed,False,Regular Customer,True
7270-BDIOA,90.0,89.92305458658957,0.07694541341042793,Normal,No Offer Needed,False,Regular Customer,True
9565-JSNFM,70.45,70.63918792455178,-0.18918792455177424,Normal,No Offer Needed,False,Regular Customer,False
5906-DVAPM,75.0,74.50024304418352,0.49975695581647983,High Drop,Personalized Retention Offer,True,Outreach Customer,True
6654-QGBZZ,19.9,20.27561776171639,-0.3756177617163914,Normal,No Offer Needed,False,Regular Customer,False
8348-JLBUG,80.3,80.31372477537634,-0.013724775376346088,Normal,No Offer Needed,False,Regular Customer,True
0607-DAAHE,19.75,20.17137692129455,-0.4213769212945486,Normal,No Offer Needed,False,Regular Customer,True
5641-DMBFJ,84.3,84.24809644045929,0.05190355954070469,Normal,No Offer Needed,False,Regular Customer,True
9200-NLNPD,54.05,53.938829636117454,0.1111703638825432,Normal,No Offer Needed,False,Regular Customer,True
2664-XJZNO,104.9,105.23986135034158,-0.3398613503415788,Normal,No Offer Needed,False,Regular Customer,True
9732-KPKBW,53.95,54.37175430650137,-0.42175430650137,Normal,No Offer Needed,False,Regular Customer,False
3339-EAQNV,97.25,97.342718178855,-0.09271817885499445,Normal,No Offer Needed,False,Regular Customer,True
0921-OHLVP,83.05,83.22403497244883,-0.1740349724488368,Normal,No Offer Needed,False,Regular Customer,True
3389-YGYAI,105.5,105.09108708803305,0.4089129119669508,Normal,No Offer Needed,False,Regular Customer,True
9560-ARGQJ,81.0,81.04780143702241,-0.04780143702241446,Normal,No Offer Needed,False,Regular Customer,True
8350-NYMVI,41.1,40.83488726318504,0.26511273681496306,Normal,No Offer Needed,False,Regular Customer,False
1600-DILPE,45.0,45.03186272990568,-0.03186272990568284,Normal,No Offer Needed,False,Regular Customer,False
0536-ESJEP,74.55,74.64352221936102,-0.09352221936102012,Normal,No Offer Needed,False,Regular Customer,True
4654-GGUII,40.2,40.11759128236625,0.08240871763375424,Normal,No Offer Needed,False,Regular Customer,False
6478-HRRCZ,70.5,70.09296055323782,0.40703944676218384,Normal,No Offer Needed,False,Regular Customer,False
8510-BBWMU,19.75,19.680989450536234,0.06901054946376561,Normal,No Offer Needed,False,Regular Customer,False
6857-TKDJV,24.65,24.51361335405982,0.1363866459401777,Normal,No Offer Needed,False,Regular Customer,True
2360-RDGRO,104.25,104.30124483231856,-0.051244832318559475,Normal,No Offer Needed,False,Regular Customer,True
0584-BJQGZ,78.35,77.58256908431984,0.7674309156801513,High Drop,Loyalty Discount Offer,True,Outreach Customer,False
5134-IKDAY,69.8,69.8444263374813,-0.04442633748129765,Normal,No Offer Needed,False,Regular Customer,False
1360-XFJMR,109.7,109.43560697023521,0.26439302976478984,Normal,No Offer Needed,False,Regular Customer,True
3070-DVEYC,73.75,73.59067244399708,0.15932755600292126,Normal,No Offer Needed,False,Regular Customer,False
5730-RIITO,33.45,33.696762766490636,-0.2467627664906331,Normal,No Offer Needed,False,Regular Customer,False
9058-MJLZC,94.6,94.77835898951969,-0.17835898951969398,Normal,No Offer Needed,False,Regular Customer,True
5707-ORNDZ,54.55,54.90172704171028,-0.35172704171028357,Normal,No Offer Needed,False,Regular Customer,False
0902-XKXPN,20.2,20.152324914794978,0.04767508520502162,Normal,No Offer Needed,False,Regular Customer,True
5177-RVZNU,20.3,20.424345665359823,-0.12434566535982228,Normal,No Offer Needed,False,Regular Customer,False
0056-EPFBG,39.4,39.80326419462054,-0.4032641946205402,Normal,No Offer Needed,False,Regular Customer,False
8993-IZEUX,69.15,69.21540640844164,-0.06540640844163192,Normal,No Offer Needed,False,Regular Customer,False
8696-JKZNU,76.25,76.38076574054173,-0.13076574054173307,Normal,No Offer Needed,False,Regular Customer,False
5380-AFSSK,93.9,93.5661832936302,0.3338167063698023,Normal,No Offer Needed,False,Regular Customer,True
8190-ZTQFB,51.35,51.656698350092206,-0.3066983500922049,Normal,No Offer Needed,False,Regular Customer,False
0931-MHTEM,100.05,100.2377032552023,-0.18770325520230813,Normal,No Offer Needed,False,Regular Customer,True
2055-PDADH,70.4,70.672597249992,-0.2725972499919891,Normal,No Offer Needed,False,Regular Customer,False
7515-LODFU,20.3,20.677974500169878,-0.3779745001698771,Normal,No Offer Needed,False,Regular Customer,True
0440-UEDAI,94.45,94.36262458200557,0.08737541799443704,Normal,No Offer Needed,False,Regular Customer,True
1337-BOZWO,46.4,46.3207187301735,0.0792812698264953,Normal,No Offer Needed,False,Regular Customer,False
0868-VJRDR,104.05,104.4424186625379,-0.39241866253790647,Normal,No Offer Needed,False,Regular Customer,True
8714-EUHJO,91.15,91.00941645759013,0.14058354240987114,Normal,No Offer Needed,False,Regular Customer,True
6344-SFJVH,24.9,25.494209676664294,-0.5942096766642955,Normal,No Offer Needed,False,Regular Customer,False
3950-VPYJB,59.6,58.9271317358153,0.6728682641847001,High Drop,Personalized Retention Offer,True,Outreach Customer,True
8041-TMEID,108.5,108.70827767019075,-0.20827767019075338,Normal,No Offer Needed,False,Regular Customer,True
7321-ZNSLA,40.55,40.616473848764954,-0.06647384876495721,Normal,No Offer Needed,False,Regular Customer,False
6941-KXRRV,58.95,58.660120264280046,0.28987973571995695,Normal,No Offer Needed,False,Regular Customer,False
3721-CNEYS,70.95,71.21346389982588,-0.26346389982587937,Normal,No Offer Needed,False,Regular Customer,False
8727-JQFHV,20.75,20.595801266095332,0.15419873390466776,Normal,No Offer Needed,False,Regular Customer,True
9475-NNDGC,113.15,112.8111568919192,0.338843108080809,Normal,No Offer Needed,False,Regular Customer,True
1355-KUSBG,48.8,48.65308207513498,0.14691792486501498,Normal,No Offer Needed,False,Regular Customer,False
3688-FTHLT,63.05,62.99862250844886,0.051377491551136245,Normal,No Offer Needed,False,Regular Customer,False
0899-LIIBW,100.85,100.65636269431319,0.19363730568680637,Normal,No Offer Needed,False,Regular Customer,True
2568-OIADY,99.5,99.37977583210882,0.1202241678911804,Normal,No Offer Needed,False,Regular Customer,True
1384-RCUXW,80.55,79.96948544359847,0.5805145564015248,High Drop,Premium Entertainment Bundle,True,Outreach Customer,True
5825-XJOCM,64.4,63.78957773527699,0.6104222647230131,High Drop,Personalized Retention Offer,True,Outreach Customer,False
6848-YLDFR,75.2,74.97638719216147,0.22361280783853488,Normal,No Offer Needed,False,Regular Customer,True
8125-QPFJD,84.9,84.71655660015938,0.18344339984062685,Normal,No Offer Needed,False,Regular Customer,True
2320-YKQBO,19.3,19.616155317725003,-0.31615531772500205,Normal,No Offer Needed,False,Regular Customer,False
1193-RTSLK,83.9,83.87452984137904,0.025470158620962025,Normal,No Offer Needed,False,Regular Customer,True
2302-ANTDP,117.45,117.19729914031046,0.2527008596895399,Normal,No Offer Needed,False,Regular Customer,True
5923-GXUOC,104.4,104.30425568810197,0.09574431189803079,Normal,No Offer Needed,False,Regular Customer,True
4973-RLZVI,74.65,74.30617036905818,0.3438296309418263,Normal,No Offer Needed,False,Regular Customer,False
7869-ZYDST,59.05,58.91801558461226,0.1319844153877341,Normal,No Offer Needed,False,Regular Customer,False
4501-UYKBC,69.1,68.94740621816517,0.15259378183482397,Normal,No Offer Needed,False,Regular Customer,False
1215-EXRMO,20.55,20.596467822320243,-0.046467822320241936,Normal,No Offer Needed,False,Regular Customer,False
2305-MRGLV,76.55,76.36612430409922,0.183875695900781,Normal,No Offer Needed,False,Regular Customer,False
8404-VIOMB,62.5,62.565540499365675,-0.06554049936567452,Normal,No Offer Needed,False,Regular Customer,True
5233-GEEAX,29.4,30.06302106020485,-0.6630210602048514,Normal,No Offer Needed,False,Regular Customer,False
2359-KLTEK,94.9,94.4873341936267,0.41266580637331174,Normal,No Offer Needed,False,Regular Customer,True
5304-EFJLP,111.65,111.55663757681376,0.09336242318624954,Normal,No Offer Needed,False,Regular Customer,True
2673-ZALNP,19.9,20.235550308902827,-0.3355503089028282,Normal,No Offer Needed,False,Regular Customer,False
9184-GALIL,20.45,20.186041161234446,0.2639588387655536,Normal,No Offer Needed,False,Regular Customer,False
4393-RYCRE,106.05,106.00787130776042,0.042128692239572274,Normal,No Offer Needed,False,Regular Customer,True
9746-MDMBK,113.45,112.87980934770394,0.5701906522960627,High Drop,Premium Entertainment Bundle,True,Outreach Customer,True
3162-ZJZFU,92.55,92.2092388716827,0.3407611283172969,Normal,No Offer Needed,False,Regular Customer,True
8404-GFGCZ,65.6,65.2492791454161,0.3507208545838978,Normal,No Offer Needed,False,Regular Customer,False
8875-AKBYH,84.35,84.29913321700057,0.050866782999420934,Normal,No Offer Needed,False,Regular Customer,True
4432-ADRLB,44.65,44.77881235108189,-0.1288123510818906,Normal,No Offer Needed,False,Regular Customer,False
0533-UCAAU,71.1,70.57674301712463,0.5232569828753668,High Drop,Online Security Add-on,True,Outreach Customer,True
1394-SUIUH,85.15,84.92823691828902,0.22176308171098924,Normal,No Offer Needed,False,Regular Customer,True
3521-MNKLV,49.7,49.29089950830116,0.4091004916988439,Normal,No Offer Needed,False,Regular Customer,False
2533-TIBIX,30.2,30.52124449596087,-0.32124449596087246,Normal,No Offer Needed,False,Regular Customer,False
8993-PHFWD,25.25,26.129312473554826,-0.8793124735548261,Normal,No Offer Needed,False,Regular Customer,False
1565-RHDJD,84.05,83.44624945831538,0.6037505416846187,High Drop,Premium Entertainment Bundle,True,Outreach Customer,True
7137-RYLPP,85.7,85.71555773161381,-0.015557731613810688,Normal,No Offer Needed,False,Regular Customer,True
3765-JXVKY,74.7,74.74818636717012,-0.048186367170117705,Normal,No Offer Needed,False,Regular Customer,False
5092-STPKP,56.35,56.49318538185665,-0.14318538185664664,Normal,No Offer Needed,False,Regular Customer,False
7330-WZLNC,90.8,90.53304085789439,0.26695914210560545,Normal,No Offer Needed,False,Regular Customer,True
0114-PEGZZ,107.55,107.19455346741422,0.3554465325857734,Normal,No Offer Needed,False,Regular Customer,True
3359-DSRKA,19.85,19.59110704205306,0.2588929579469408,Normal,No Offer Needed,False,Regular Customer,True
8639-NHQEI,95.9,95.71427530535519,0.18572469464481856,Normal,No Offer Needed,False,Regular Customer,True
7161-DFHUF,23.85,23.458969856078905,0.39103014392109614,Normal,No Offer Needed,False,Regular Customer,True
3957-LXOLK,106.15,105.92502573423758,0.22497426576242674,Normal,No Offer Needed,False,Regular Customer,True
3720-DBRWL,83.85,83.84996246122458,3.7538775416123826e-05,Normal,No Offer Needed,False,Regular Customer,True
6635-MYYYZ,85.35,85.08113110885701,0.2688688911429864,Normal,No Offer Needed,False,Regular Customer,True
8565-WUXZU,84.8,85.0494954270466,-0.24949542704659677,Normal,No Offer Needed,False,Regular Customer,True
5281-BUZGT,90.85,91.03327827383931,-0.1832782738393206,Normal,No Offer Needed,False,Regular Customer,True
4994-OBRSZ,76.1,75.9478977007336,0.15210229926638874,Normal,No Offer Needed,False,Regular Customer,False
0562-FGDCR,74.55,73.87570950220316,0.6742904977968323,High Drop,Personalized Retention Offer,True,Outreach Customer,True
2436-QBZFP,39.2,39.197635636833795,0.00236436316620825,Normal,No Offer Needed,False,Regular Customer,False
3420-YJLQT,79.55,79.28308315098681,0.26691684901318524,Normal,No Offer Needed,False,Regular Customer,False
6040-CGACY,19.6,19.823856557191974,-0.22385655719197217,Normal,No Offer Needed,False,Regular Customer,False
6582-PLFUU,19.55,19.917372968604408,-0.36737296860440694,Normal,No Offer Needed,False,Regular Customer,True
8242-PDSGJ,39.15,39.292645298880124,-0.1426452988801259,Normal,No Offer Needed,False,Regular Customer,True
0264-CNITK,20.1,19.940860652511304,0.15913934748869707,Normal,No Offer Needed,False,Regular Customer,True
0089-IIQKO,99.95,99.70534734798717,0.2446526520128316,Normal,No Offer Needed,False,Regular Customer,True
7839-NUIAA,59.8,59.31466839646107,0.48533160353892413,High Drop,Loyalty Discount Offer,True,Outreach Customer,True
6075-QMNRR,49.75,49.62490322879288,0.1250967712071187,Normal,No Offer Needed,False,Regular Customer,True
5378-IKEEG,35.75,36.48109906649776,-0.7310990664977624,Normal,No Offer Needed,False,Regular Customer,False
5966-EMAZU,108.5,108.10447899438863,0.3955210056113714,Normal,No Offer Needed,False,Regular Customer,True
0440-EKDCF,60.15,59.90837010818344,0.24162989181655803,Normal,No Offer Needed,False,Regular Customer,True
4774-HHGGS,19.05,19.324906022382468,-0.2749060223824671,Normal,No Offer Needed,False,Regular Customer,False
2718-GAXQD,46.0,46.185870711636724,-0.1858707116367242,Normal,No Offer Needed,False,Regular Customer,False
2055-BFOCC,84.0,83.61622114912383,0.38377885087616903,Normal,No Offer Needed,False,Regular Customer,True
8180-AKMJV,44.55,44.847272529493665,-0.297272529493668,Normal,No Offer Needed,False,Regular Customer,False
4298-OYIFC,103.45,103.00957329951459,0.44042670048541765,High Drop,Premium Entertainment Bundle,True,Outreach Customer,True
5566-SOEZD,80.65,80.51994613372023,0.13005386627978055,Normal,No Offer Needed,False,Regular Customer,True
9842-EFSYY,57.2,56.91624252029202,0.2837574797079796,Normal,No Offer Needed,False,Regular Customer,False
2272-WUSPA,110.75,110.81278595082946,-0.06278595082946481,Normal,No Offer Needed,False,Regular Customer,True
4584-LBNMK,24.7,24.881582459467296,-0.1815824594672968,Normal,No Offer Needed,False,Regular Customer,False
3898-GUYTS,97.05,96.79715348602191,0.2528465139780849,Normal,No Offer Needed,False,Regular Customer,True
0930-EHUZA,76.35,75.51478183839684,0.8352181616031515,High Drop,Personalized Retention Offer,True,Outreach Customer,False
6413-XKKPU,89.4,89.22566821395293,0.17433178604707678,Normal,No Offer Needed,False,Regular Customer,True
9975-SKRNR,18.9,19.369443859296144,-0.4694438592961454,Normal,No Offer Needed,False,Regular Customer,False
3703-KBKZP,74.45,74.34729913830822,0.10270086169178683,Normal,No Offer Needed,False,Regular Customer,False
1449-XQEMT,19.8,20.37974997305222,-0.5797499730522198,Normal,No Offer Needed,False,Regular Customer,False
2626-URJFX,50.9,50.978265166345096,-0.07826516634509773,Normal,No Offer Needed,False,Regular Customer,False
4973-MGTON,84.4,84.35910479737433,0.04089520262567703,Normal,No Offer Needed,False,Regular Customer,True
3682-YEUWS,24.4,24.348948308154707,0.05105169184529146,Normal,No Offer Needed,False,Regular Customer,False
1223-UNPKS,20.05,20.314304464232347,-0.264304464232346,Normal,No Offer Needed,False,Regular Customer,False
2612-RRIDN,81.0,81.21207627188471,-0.2120762718847118,Normal,No Offer Needed,False,Regular Customer,True
4735-ASGMA,98.35,98.35446309168675,-0.004463091686758958,Normal,No Offer Needed,False,Regular Customer,True
3446-QDSZF,55.5,55.65411137803897,-0.15411137803896935,Normal,No Offer Needed,False,Regular Customer,False
3669-LVWZB,51.0,51.260553183446675,-0.26055318344667455,Normal,No Offer Needed,False,Regular Customer,False
6892-EZDTG,91.65,91.24390285801616,0.4060971419838495,Normal,No Offer Needed,False,Regular Customer,True
5117-IFGPS,84.3,84.33126555803058,-0.03126555803058295,Normal,No Offer Needed,False,Regular Customer,True
7379-FNIUJ,100.2,100.14076474024134,0.05923525975866539,Normal,No Offer Needed,False,Regular Customer,True
1627-AFWVJ,19.4,19.71168805828566,-0.31168805828566093,Normal,No Offer Needed,False,Regular Customer,False
9725-SCPZG,90.85,91.02003349522312,-0.17003349522312305,Normal,No Offer Needed,False,Regular Customer,True
5884-GCYMI,69.4,69.39639484255724,0.0036051574427631294,Normal,No Offer Needed,False,Regular Customer,False
3217-FZDMN,94.45,94.47629986506124,-0.026299865061233163,Normal,No Offer Needed,False,Regular Customer,True
4486-EFAEB,20.4,21.088274426131584,-0.688274426131585,Normal,No Offer Needed,False,Regular Customer,False
0060-FUALY,94.75,94.49903570361155,0.250964296388446,Normal,No Offer Needed,False,Regular Customer,True
7853-GVUDZ,20.15,20.859864740280766,-0.7098647402807678,Normal,No Offer Needed,False,Regular Customer,False
7480-QNVZJ,95.7,96.06275631584167,-0.3627563158416649,Normal,No Offer Needed,False,Regular Customer,True
6954-OOYZZ,44.35,44.305642839458834,0.04435716054116767,Normal,No Offer Needed,False,Regular Customer,False
7088-FBAWU,74.55,73.93038744420394,0.6196125557960528,High Drop,Loyalty Discount Offer,True,Outreach Customer,False
8313-AFGBW,73.6,73.57009716623277,0.029902833767224024,Normal,No Offer Needed,False,Regular Customer,False
3943-KDREE,74.95,74.88441663779822,0.06558336220177807,Normal,No Offer Needed,False,Regular Customer,False
9239-ZBZZV,47.95,48.50479634585061,-0.5547963458506047,Normal,No Offer Needed,False,Regular Customer,False
3097-IDVPU,50.1,49.99974882768185,0.10025117231815273,Normal,No Offer Needed,False,Regular Customer,False
4398-HSCJH,63.6,63.58336747263306,0.016632527366944316,Normal,No Offer Needed,False,Regular Customer,False
2197-OMWGI,53.0,52.950436114812696,0.049563885187303924,Normal,No Offer Needed,False,Regular Customer,True
2303-PJYHN,19.85,20.321366319491037,-0.471366319491036,Normal,No Offer Needed,False,Regular Customer,False
9795-VOWON,24.35,25.155253390890007,-0.8052533908900052,Normal,No Offer Needed,False,Regular Customer,False
1237-WIYYZ,19.55,19.726678251256182,-0.17667825125618108,Normal,No Offer Needed,False,Regular Customer,False
1987-AUELQ,25.05,25.11686666081069,-0.06686666081068893,Normal,No Offer Needed,False,Regular Customer,True
7852-LECYP,93.8,93.70027684822817,0.09972315177182622,Normal,No Offer Needed,False,Regular Customer,True
4430-UZIPO,36.85,37.05692199448813,-0.20692199448812687,Normal,No Offer Needed,False,Regular Customer,False
4822-LPTYJ,103.75,103.6493142430808,0.100685756919205,Normal,No Offer Needed,False,Regular Customer,True
8165-CBKXO,56.75,56.82464893886238,-0.07464893886238144,Normal,No Offer Needed,False,Regular Customer,True
6527-PZFPV,20.8,21.189349973263187,-0.38934997326318666,Normal,No Offer Needed,False,Regular Customer,False
4855-SNKMY,44.1,44.52511138627719,-0.42511138627718736,Normal,No Offer Needed,False,Regular Customer,False
9593-CVZKR,24.45,24.097357623803294,0.35264237619670524,Normal,No Offer Needed,False,Regular Customer,True
8595-SIZNC,25.6,25.711652521969818,-0.11165252196981612,Normal,No Offer Needed,False,Regular Customer,False
8008-HAWED,50.75,51.327561348346656,-0.5775613483466557,Normal,No Offer Needed,False,Regular Customer,False
7124-UGSUR,104.4,104.31135884455055,0.0886411554494515,Normal,No Offer Needed,False,Regular Customer,True
1862-SKORY,39.3,39.438890998208514,-0.1388909982085167,Normal,No Offer Needed,False,Regular Customer,False
5236-XMZJY,59.65,59.219913577036465,0.4300864229635337,High Drop,Loyalty Discount Offer,True,Outreach Customer,False
4827-DPADN,83.3,83.02336160274697,0.2766383972530235,Normal,No Offer Needed,False,Regular Customer,True
2694-CIUMO,79.55,79.43371882349066,0.11628117650933234,Normal,No Offer Needed,False,Regular Customer,False
5846-ABOBJ,24.45,24.38129666010835,0.06870333989164834,Normal,No Offer Needed,False,Regular Customer,True
1439-LCGVL,19.2,19.185347821010872,0.014652178989127407,Normal,No Offer Needed,False,Regular Customer,False
0909-SDHNU,29.8,30.02289900674443,-0.22289900674443075,Normal,No Offer Needed,False,Regular Customer,False
4647-XXZAM,45.5,45.127273127816956,0.3727268721830441,Normal,No Offer Needed,False,Regular Customer,False
1502-XFCVR,106.45,106.61643522566537,-0.16643522566536717,Normal,No Offer Needed,False,Regular Customer,True
7740-KKCXF,30.05,30.094525874620842,-0.04452587462084168,Normal,No Offer Needed,False,Regular Customer,True
5360-XGYAZ,65.65,65.56069325461156,0.0893067453884413,Normal,No Offer Needed,False,Regular Customer,True
9692-TUSXH,96.05,96.3525881728065,-0.30258817280650874,Normal,No Offer Needed,False,Regular Customer,True
7912-SYRQT,75.1,75.04997899450076,0.050021005499232274,Normal,No Offer Needed,False,Regular Customer,False
3557-HTYWR,74.05,73.79629463799633,0.25370536200367155,Normal,No Offer Needed,False,Regular Customer,False
4816-JBHOV,44.7,45.204310126159044,-0.5043101261590408,Normal,No Offer Needed,False,Regular Customer,False
8920-NAVAY,110.75,110.511513964016,0.2384860359839962,Normal,No Offer Needed,False,Regular Customer,True
1699-TLDLZ,19.7,19.923216331726533,-0.2232163317265332,Normal,No Offer Needed,False,Regular Customer,False
5600-PDUJF,49.5,49.748271917155265,-0.24827191715526453,Normal,No Offer Needed,False,Regular Customer,False
8292-TYSPY,55.0,55.112007014544766,-0.11200701454476558,Normal,No Offer Needed,False,Regular Customer,False
0567-XRHCU,43.95,44.1611940713358,-0.2111940713357967,Normal,No Offer Needed,False,Regular Customer,True
1867-BDVFH,74.35,74.31685344895727,0.03314655104271935,Normal,No Offer Needed,False,Regular Customer,False
2067-QYTCF,111.15,110.77697944102204,0.37302055897797004,Normal,No Offer Needed,False,Regular Customer,True
2359-QWQUL,104.7,104.76939830938468,-0.06939830938468106,Normal,No Offer Needed,False,Regular Customer,True
9103-TCIHJ,55.7,55.537303267099176,0.16269673290082665,Normal,No Offer Needed,False,Regular Customer,False
7407-SUJIZ,20.6,20.79764695169629,-0.19764695169628865,Normal,No Offer Needed,False,Regular Customer,False
9150-KPBJQ,19.65,20.644124218812102,-0.9941242188121038,Normal,No Offer Needed,False,Regular Customer,False
0052-DCKON,115.8,115.60178475984571,0.19821524015428338,Normal,No Offer Needed,False,Regular Customer,True
3654-ARMGP,88.65,88.53170968427567,0.11829031572433735,Normal,No Offer Needed,False,Regular Customer,True
9699-UBQFS,94.5,94.1935076348848,0.3064923651152043,Normal,No Offer Needed,False,Regular Customer,True
9367-TCUYN,20.1,20.348862624539183,-0.24886262453918206,Normal,No Offer Needed,False,Regular Customer,False
1261-FWTTE,34.65,35.197612851825525,-0.5476128518255265,Normal,No Offer Needed,False,Regular Customer,False
3528-HFRIQ,52.3,52.01964478835651,0.28035521164348864,Normal,No Offer Needed,False,Regular Customer,True
0708-SJDIS,65.0,64.39431937084919,0.605680629150811,High Drop,Loyalty Discount Offer,True,Outreach Customer,False
4140-WJAWW,19.85,20.771819950224458,-0.9218199502244566,Normal,No Offer Needed,False,Regular Customer,False
2073-QBVBI,35.45,35.028772913648936,0.42122708635106676,High Drop,Online Security Add-on,True,Outreach Customer,False
6928-ONTRW,19.7,19.722511591948884,-0.022511591948884302,Normal,No Offer Needed,False,Regular Customer,True
3320-VEOYC,95.6,95.59586694373075,0.004133056269239432,Normal,No Offer Needed,False,Regular Customer,True
5231-FIQPA,19.85,20.007556420992326,-0.15755642099232503,Normal,No Offer Needed,False,Regular Customer,False
6617-WLBQC,81.85,81.67320432677255,0.1767956732274456,Normal,No Offer Needed,False,Regular Customer,True
2599-CIPQE,109.3,109.50057809496195,-0.2005780949619549,Normal,No Offer Needed,False,Regular Customer,True
6653-CBBOM,70.3,70.57046035462784,-0.27046035462784346,Normal,No Offer Needed,False,Regular Customer,False
8774-GSBUN,25.4,25.090315056920982,0.3096849430790165,Normal,No Offer Needed,False,Regular Customer,True
7326-RIGQZ,69.8,69.75632720341554,0.04367279658445966,Normal,No Offer Needed,False,Regular Customer,False
1401-FTHFQ,20.0,20.407013122293872,-0.407013122293872,Normal,No Offer Needed,False,Regular Customer,False
3247-ZVOUO,85.55,85.72146915503514,-0.17146915503514037,Normal,No Offer Needed,False,Regular Customer,True
0254-FNMCI,109.9,110.132570650557,-0.232570650556994,Normal,No Offer Needed,False,Regular Customer,True
1848-LBZHY,50.3,50.265581784655815,0.0344182153441821,Normal,No Offer Needed,False,Regular Customer,False
6101-IMRMM,94.5,94.09154063469816,0.40845936530183735,Normal,No Offer Needed,False,Regular Customer,True
8118-TJAFG,101.5,101.08292492283162,0.4170750771683771,Normal,No Offer Needed,False,Regular Customer,True
5429-LWCMV,89.15,88.97386735570598,0.17613264429402875,Normal,No Offer Needed,False,Regular Customer,True
7298-IZWLY,19.4,19.759311908685564,-0.35931190868556584,Normal,No Offer Needed,False,Regular Customer,False
9758-MFWGD,29.9,29.623408006814742,0.2765919931852565,Normal,No Offer Needed,False,Regular Customer,False
3955-JBZZM,78.8,78.9247047202179,-0.12470472021790613,Normal,No Offer Needed,False,Regular Customer,False
1268-ASBGA,85.35,85.47608428537042,-0.1260842853704247,Normal,No Offer Needed,False,Regular Customer,True
8943-URTMR,79.65,79.39276820129814,0.2572317987018664,Normal,No Offer Needed,False,Regular Customer,False
4815-TUMEQ,19.3,19.576948295265478,-0.27694829526547693,Normal,No Offer Needed,False,Regular Customer,False
4713-LZDRV,79.6,79.96090576985293,-0.3609057698529341,Normal,No Offer Needed,False,Regular Customer,False
9909-IDLEK,96.8,95.79710024834652,1.002899751653473,High Drop,Premium Entertainment Bundle,True,Outreach Customer,True
4092-OFQZS,20.65,20.789092887412274,-0.139092887412275,Normal,No Offer Needed,False,Regular Customer,False
1561-BWHIN,19.8,19.843353635506357,-0.043353635506356625,Normal,No Offer Needed,False,Regular Customer,False
4325-NFSKC,90.6,90.71973252922278,-0.11973252922278732,Normal,No Offer Needed,False,Regular Customer,True
9927-DSWDF,104.6,104.40078743710708,0.19921256289291023,Normal,No Offer Needed,False,Regular Customer,True
9500-LTVBP,80.05,79.99895108965312,0.05104891034687853,Normal,No Offer Needed,False,Regular Customer,True
7252-NTGSS,45.15,45.036487412737095,0.11351258726290325,Normal,No Offer Needed,False,Regular Customer,False
8149-AIQCG,73.15,73.2117121555734,-0.06171215557338883,Normal,No Offer Needed,False,Regular Customer,False
1360-JYXKQ,99.1,99.0050498400533,0.09495015994669131,Normal,No Offer Needed,False,Regular Customer,True
2955-PSXOE,20.2,20.94478082246781,-0.7447808224678099,Normal,No Offer Needed,False,Regular Customer,False
7762-URZQH,106.05,106.55094722802384,-0.500947228023847,Normal,No Offer Needed,False,Regular Customer,True
0899-WZRSD,105.35,105.18677585731723,0.16322414268276475,Normal,No Offer Needed,False,Regular Customer,True
3255-GRXMG,45.65,45.807867063023636,-0.1578670630236374,Normal,No Offer Needed,False,Regular Customer,False
4828-FAZPK,79.95,79.49014714847958,0.45985285152042366,High Drop,Premium Entertainment Bundle,True,Outreach Customer,False
6094-ZIVKX,54.45,54.28926877873227,0.16073122126773143,Normal,No Offer Needed,False,Regular Customer,True
6925-BAYGL,25.1,25.319145680335648,-0.21914568033564663,Normal,No Offer Needed,False,Regular Customer,True
3262-EIDHV,84.7,84.59454498893255,0.10545501106744837,Normal,No Offer Needed,False,Regular Customer,True
7354-OIJLX,75.85,75.87858565368902,-0.028585653689020774,Normal,No Offer Needed,False,Regular Customer,False
1376-HHBDV,48.8,48.57638079863923,0.22361920136076918,Normal,No Offer Needed,False,Regular Customer,False
6907-NZZIJ,99.15,99.16666311296832,-0.016663112968316796,Normal,No Offer Needed,False,Regular Customer,True
6133-OZILE,35.2,35.41836879623353,-0.218368796233527,Normal,No Offer Needed,False,Regular Customer,False
4135-FRWKJ,76.25,75.6910087419438,0.5589912580561958,High Drop,Personalized Retention Offer,True,Outreach Customer,True
2911-UREFD,55.9,56.24032476754432,-0.34032476754432395,Normal,No Offer Needed,False,Regular Customer,False
3744-ZRRDZ,82.35,82.35481099822276,-0.004810998222765761,Normal,No Offer Needed,False,Regular Customer,True
5673-TIYIB,40.4,40.80409428158494,-0.4040942815849391,Normal,No Offer Needed,False,Regular Customer,False
6551-ZCOTS,24.9,25.10459615706964,-0.2045961570696413,Normal,No Offer Needed,False,Regular Customer,False
7191-ADRGF,54.3,54.38214715352559,-0.08214715352558954,Normal,No Offer Needed,False,Regular Customer,False
5018-LXQQG,66.3,66.10924094793991,0.1907590520600877,Normal,No Offer Needed,False,Regular Customer,False
6892-BOGQE,20.9,20.837993733083053,0.06200626691694566,Normal,No Offer Needed,False,Regular Customer,True
1602-IJQQE,75.35,75.47556168395921,-0.1255616839592193,Normal,No Offer Needed,False,Regular Customer,False
4628-WQCQQ,85.15,85.13445651169805,0.015543488301958064,Normal,No Offer Needed,False,Regular Customer,True
1746-TGTWV,75.35,75.22446887047757,0.12553112952242884,Normal,No Offer Needed,False,Regular Customer,False
5995-SNNEW,104.45,103.9063777802138,0.5436222197862008,High Drop,Premium Entertainment Bundle,True,Outreach Customer,True
8050-WYBND,49.45,49.69273379875664,-0.24273379875663892,Normal,No Offer Needed,False,Regular Customer,False
2821-WARNZ,19.45,19.62940062812229,-0.1794006281222913,Normal,No Offer Needed,False,Regular Customer,False
4879-GZLFH,92.15,91.91085499629276,0.23914500370725023,Normal,No Offer Needed,False,Regular Customer,True
1644-IRKSF,93.8,93.70362695323823,0.09637304676176939,Normal,No Offer Needed,False,Regular Customer,True
8314-HTWVE,19.85,20.17594107793667,-0.32594107793666893,Normal,No Offer Needed,False,Regular Customer,False
9402-ROUMJ,100.25,99.94209899429137,0.3079010057086293,Normal,No Offer Needed,False,Regular Customer,True
2507-QZPQS,95.7,95.53807643965384,0.1619235603461675,Normal,No Offer Needed,False,Regular Customer,True
7159-NOKYQ,93.15,93.22783288565041,-0.07783288565040891,Normal,No Offer Needed,False,Regular Customer,True
5707-ZMDJP,69.7,69.19205953795931,0.5079404620406933,High Drop,Personalized Retention Offer,True,Outreach Customer,True
8779-YIQQA,19.8,19.81393539355445,-0.013935393554447728,Normal,No Offer Needed,False,Regular Customer,False
7136-IHZJA,71.35,70.72231586357069,0.6276841364293091,High Drop,Loyalty Discount Offer,True,Outreach Customer,False
8966-OIQHG,20.75,20.907797964691046,-0.15779796469104568,Normal,No Offer Needed,False,Regular Customer,False
7074-STDCN,40.6,41.086018685109956,-0.48601868510995416,Normal,No Offer Needed,False,Regular Customer,False
3705-PSNGL,20.4,20.92444619120872,-0.524446191208721,Normal,No Offer Needed,False,Regular Customer,False
8739-QOTTN,20.35,20.583579914703403,-0.23357991470340167,Normal,No Offer Needed,False,Regular Customer,False
1399-OUPJN,19.75,19.78335777404046,-0.0333577740404607,Normal,No Offer Needed,False,Regular Customer,True
0277-BKSQP,54.4,54.35094065217621,0.049059347823785515,Normal,No Offer Needed,False,Regular Customer,False
6502-HCJTI,94.7,94.69907038888657,0.0009296111134347029,Normal,No Offer Needed,False,Regular Customer,True
2606-RMDHZ,30.5,31.236094203186767,-0.7360942031867665,Normal,No Offer Needed,False,Regular Customer,False
5774-XZTQC,20.45,20.525879755076932,-0.07587975507693301,Normal,No Offer Needed,False,Regular Customer,False
2676-SSLTO,66.15,66.06669812234695,0.08330187765305652,Normal,No Offer Needed,False,Regular Customer,False
6266-QHOJZ,89.85,89.7386441823334,0.11135581766659186,Normal,No Offer Needed,False,Regular Customer,True
7269-JISCY,45.05,44.8771853967966,0.17281460320339903,Normal,No Offer Needed,False,Regular Customer,True
0363-SVHYR,86.85,86.52623107237547,0.3237689276245277,Normal,No Offer Needed,False,Regular Customer,True
8547-NSBBO,96.75,95.98481957887938,0.7651804211206183,High Drop,Premium Entertainment Bundle,True,Outreach Customer,True
8258-GSTJK,77.0,77.1725011980455,-0.17250119804549513,Normal,No Offer Needed,False,Regular Customer,False
6861-OKBCE,20.1,20.848335427706925,-0.7483354277069232,Normal,No Offer Needed,False,Regular Customer,False
9940-RHLFB,75.3,75.34119000217959,-0.041190002179590124,Normal,No Offer Needed,False,Regular Customer,False
6591-QGOYB,106.65,105.87411580333612,0.7758841966638812,High Drop,Premium Entertainment Bundle,True,Outreach Customer,True
9070-BCKQP,110.15,110.398465295271,-0.24846529527098937,Normal,No Offer Needed,False,Regular Customer,True
6421-SZVEM,82.85,82.77133388664132,0.07866611335867901,Normal,No Offer Needed,False,Regular Customer,True
1328-EUZHC,20.1,20.40703427131402,-0.30703427131401995,Normal,No Offer Needed,False,Regular Customer,False
2995-UPRYS,99.2,99.24731970632449,-0.04731970632448679,Normal,No Offer Needed,False,Regular Customer,True
8878-RYUKI,59.45,59.386187464791256,0.06381253520874708,Normal,No Offer Needed,False,Regular Customer,True
9633-DENPU,58.6,58.0748042229961,0.5251957770039013,High Drop,Loyalty Discount Offer,True,Outreach Customer,False
7811-JIVPF,49.7,49.65021539539028,0.04978460460971945,Normal,No Offer Needed,False,Regular Customer,False
7113-HIPFI,65.85,65.12859362342701,0.7214063765729861,High Drop,Personalized Retention Offer,True,Outreach Customer,True
8541-QVFKM,73.5,73.46175121965814,0.038248780341859856,Normal,No Offer Needed,False,Regular Customer,False
6686-YPGHK,85.5,85.72638416345957,-0.2263841634595707,Normal,No Offer Needed,False,Regular Customer,True
1383-EZRWL,20.05,20.52528193572564,-0.4752819357256399,Normal,No Offer Needed,False,Regular Customer,False
9258-CNWAC,113.65,113.6775104077693,-0.027510407769298695,Normal,No Offer Needed,False,Regular Customer,True
5371-VYLSX,83.4,83.26294664837233,0.13705335162767085,Normal,No Offer Needed,False,Regular Customer,True
6374-AFWOX,65.65,65.11583262057032,0.5341673794296895,High Drop,Personalized Retention Offer,True,Outreach Customer,False
4759-TRPLW,70.4,70.77505235264658,-0.375052352646577,Normal,No Offer Needed,False,Regular Customer,False
5317-FLPJF,61.35,61.62022830231182,-0.27022830231182127,Normal,No Offer Needed,False,Regular Customer,True
7621-VPNET,85.9,85.52536119467379,0.37463880532621374,Normal,No Offer Needed,False,Regular Customer,True
6034-YMTOB,75.65,75.26157456859093,0.3884254314090754,Normal,No Offer Needed,False,Regular Customer,False
8563-IIOXK,49.75,50.03479994894565,-0.284799948945647,Normal,No Offer Needed,False,Regular Customer,False
4903-CNOZC,70.9,70.7013562847322,0.19864371526780644,Normal,No Offer Needed,False,Regular Customer,False
4353-HYOJD,49.85,49.15758121347936,0.6924187865206406,High Drop,Loyalty Discount Offer,True,Outreach Customer,False
8020-BWHYL,75.3,75.40063822295386,-0.1006382229538616,Normal,No Offer Needed,False,Regular Customer,False
7267-FRMJW,20.1,20.221084855972975,-0.12108485597297403,Normal,No Offer Needed,False,Regular Customer,False
2982-VPSGI,94.0,93.96059003223867,0.03940996776132977,Normal,No Offer Needed,False,Regular Customer,True
4188-FRABG,103.05,102.63431867367466,0.41568132632534116,Normal,No Offer Needed,False,Regular Customer,True
8199-ZLLSA,118.35,118.35111539892284,-0.0011153989228489536,Normal,No Offer Needed,False,Regular Customer,True
4128-ETESU,99.7,99.49921800742435,0.20078199257565643,Normal,No Offer Needed,False,Regular Customer,True
0620-DLSLK,81.9,81.4783443700041,0.4216556299959109,High Drop,Premium Entertainment Bundle,True,Outreach Customer,True
4625-EWPTF,30.45,31.373689055453593,-0.9236890554535933,Normal,No Offer Needed,False,Regular Customer,False
5980-NOPLP,96.1,96.23739045088284,-0.1373904508828474,Normal,No Offer Needed,False,Regular Customer,True
3850-OKINF,66.2,65.93624829686765,0.26375170313235685,Normal,No Offer Needed,False,Regular Customer,True
6892-XPFPU,104.25,103.90812226106677,0.3418777389332348,Normal,No Offer Needed,False,Regular Customer,True
8010-EZLOU,80.2,80.18617543902725,0.013824560972750533,Normal,No Offer Needed,False,Regular Customer,True
1156-ZFYDO,19.75,20.514893514273453,-0.764893514273453,Normal,No Offer Needed,False,Regular Customer,False
3295-YVUSR,72.6,72.26169672184737,0.3383032781526225,Normal,No Offer Needed,False,Regular Customer,False
8016-NCFVO,116.5,116.37958163051792,0.12041836948208129,Normal,No Offer Needed,False,Regular Customer,True
4119-ZYPZY,106.8,107.17058068973029,-0.37058068973028924,Normal,No Offer Needed,False,Regular Customer,True
5549-ZGHFB,24.95,24.763418930246093,0.1865810697539061,Normal,No Offer Needed,False,Regular Customer,False
7577-SWIFR,89.25,89.37632815424871,-0.1263281542487107,Normal,No Offer Needed,False,Regular Customer,True
0303-WMMRN,19.25,19.648330422083635,-0.3983304220836352,Normal,No Offer Needed,False,Regular Customer,False
6408-OTUBZ,104.55,104.06928205957239,0.48071794042760985,High Drop,Premium Entertainment Bundle,True,Outreach Customer,True
5204-HMGYF,87.2,86.36601936119182,0.8339806388081854,High Drop,Personalized Retention Offer,True,Outreach Customer,True
1078-TDCRN,30.75,31.09575730210959,-0.34575730210958966,Normal,No Offer Needed,False,Regular Customer,False
3727-OVPRY,25.7,25.53668927691766,0.16331072308233985,Normal,No Offer Needed,False,Regular Customer,True
3797-FKOGQ,86.2,86.2156155150963,-0.015615515096300214,Normal,No Offer Needed,False,Regular Customer,True
7622-NXQZR,30.1,30.583853576001847,-0.4838535760018452,Normal,No Offer Needed,False,Regular Customer,False
6196-HBOBZ,99.35,99.25029814866534,0.09970185133465748,Normal,No Offer Needed,False,Regular Customer,True
3970-XGJDU,19.2,19.535317434427405,-0.3353174344274059,Normal,No Offer Needed,False,Regular Customer,True
7017-VFULY,20.1,20.567114081277392,-0.4671140812773906,Normal,No Offer Needed,False,Regular Customer,False
5562-YJQGT,20.35,21.135474056846807,-0.7854740568468053,Normal,No Offer Needed,False,Regular Customer,False
8807-OPMBM,25.65,25.727955551794565,-0.0779555517945667,Normal,No Offer Needed,False,Regular Customer,True
5439-WIKXB,94.55,94.51381337545011,0.03618662454988453,Normal,No Offer Needed,False,Regular Customer,True
9874-QLCLH,104.2,103.87742472437678,0.3225752756232225,Normal,No Offer Needed,False,Regular Customer,True
8294-UIMBA,94.4,94.28812028826316,0.1118797117368473,Normal,No Offer Needed,False,Regular Customer,True
8109-YUOHE,56.1,55.823327690263845,0.2766723097361563,Normal,No Offer Needed,False,Regular Customer,False
5840-NVDCG,68.25,68.14653421017319,0.10346578982681365,Normal,No Offer Needed,False,Regular Customer,False
8092-NLTGF,24.75,24.800353136060277,-0.05035313606027714,Normal,No Offer Needed,False,Regular Customer,True
5928-QLDHB,76.25,76.26630490467812,-0.01630490467812251,Normal,No Offer Needed,False,Regular Customer,False
9840-EFJQB,74.35,74.26037971408672,0.08962028591326998,Normal,No Offer Needed,False,Regular Customer,False
0696-UKTOX,54.15,54.00520107717776,0.14479892282223972,Normal,No Offer Needed,False,Regular Customer,False
4801-KFYKL,19.45,19.96448045684843,-0.5144804568484318,Normal,No Offer Needed,False,Regular Customer,False
3472-OAOOR,34.95,34.78262445485083,0.16737554514917008,Normal,No Offer Needed,False,Regular Customer,False
6135-OZQVA,53.65,53.749220277233796,-0.09922027723379756,Normal,No Offer Needed,False,Regular Customer,False
8062-YBDOE,69.65,70.01604062755263,-0.36604062755262134,Normal,No Offer Needed,False,Regular Customer,False
2252-JHJGE,104.0,104.18594420930765,-0.18594420930764954,Normal,No Offer Needed,False,Regular Customer,True
4188-PCPIG,70.35,70.30413691695065,0.0458630830493405,Normal,No Offer Needed,False,Regular Customer,True
6000-APYLU,80.8,81.2326906427972,-0.4326906427971977,Normal,No Offer Needed,False,Regular Customer,True
7105-BENQF,64.85,64.55820660068525,0.29179339931474146,Normal,No Offer Needed,False,Regular Customer,False
7721-DVEKZ,19.65,20.027926075296325,-0.37792607529632605,Normal,No Offer Needed,False,Regular Customer,False
3566-VVORZ,45.9,45.81318403213402,0.08681596786598078,Normal,No Offer Needed,False,Regular Customer,False
9507-HSMMZ,20.0,20.135119699035535,-0.13511969903553478,Normal,No Offer Needed,False,Regular Customer,True
2480-SQIOB,44.8,44.912300478952645,-0.11230047895264761,Normal,No Offer Needed,False,Regular Customer,False
0947-IDHRQ,80.3,80.03998464233308,0.26001535766691575,Normal,No Offer Needed,False,Regular Customer,True
7813-TKCVO,20.35,20.40213250534478,-0.052132505344779645,Normal,No Offer Needed,False,Regular Customer,False
0128-MKWSG,45.8,45.877188083358334,-0.07718808335833671,Normal,No Offer Needed,False,Regular Customer,False
3672-YITQD,84.1,84.32977531349135,-0.22977531349135916,Normal,No Offer Needed,False,Regular Customer,True
4350-ZTLPI,108.95,108.36432432650308,0.5856756734969224,High Drop,Premium Entertainment Bundle,True,Outreach Customer,True
9048-JVYVF,69.35,69.66264048961513,-0.31264048961513424,Normal,No Offer Needed,False,Regular Customer,False
0361-HJRDX,64.35,64.66977547627373,-0.31977547627373326,Normal,No Offer Needed,False,Regular Customer,True
5727-MYATE,90.8,90.6265411945892,0.17345880541080305,Normal,No Offer Needed,False,Regular Customer,True
3823-KYNQY,24.95,25.565578757784905,-0.6155787577849061,Normal,No Offer Needed,False,Regular Customer,False
8988-ECPJR,79.6,78.91852296590295,0.6814770340970426,High Drop,Premium Entertainment Bundle,True,Outreach Customer,False
7570-WELNY,84.7,84.57301086859444,0.12698913140556556,Normal,No Offer Needed,False,Regular Customer,True
3021-VLNRJ,70.8,70.49347579810303,0.3065242018969627,Normal,No Offer Needed,False,Regular Customer,False
3776-EKTKM,36.45,37.179621602830885,-0.729621602830882,Normal,No Offer Needed,False,Regular Customer,False
2080-CAZNM,104.4,104.04025819346663,0.3597418065333784,Normal,No Offer Needed,False,Regular Customer,True
1028-FFNJK,101.5,101.35173198916107,0.14826801083893315,Normal,No Offer Needed,False,Regular Customer,True
6907-FLBER,54.3,54.263439459710185,0.03656054028981259,Normal,No Offer Needed,False,Regular Customer,False
3001-UNBTL,103.95,103.56403458123215,0.38596541876785295,Normal,No Offer Needed,False,Regular Customer,True
5982-PSMKW,91.1,90.69212316747043,0.40787683252956697,Normal,No Offer Needed,False,Regular Customer,True
3507-GASNP,19.95,19.898864436648783,0.05113556335121672,Normal,No Offer Needed,False,Regular Customer,True
7096-ZNBZI,26.45,26.4970494059403,-0.047049405940299494,Normal,No Offer Needed,False,Regular Customer,True
1902-XBTFB,89.4,89.12278044419715,0.2772195558028585,Normal,No Offer Needed,False,Regular Customer,True
1676-MQAOA,75.1,74.8509583428445,0.24904165715548743,Normal,No Offer Needed,False,Regular Customer,True
0786-IVLAW,108.1,107.86879842804578,0.23120157195421598,Normal,No Offer Needed,False,Regular Customer,True
7566-DSRLQ,110.15,110.13308773216747,0.016912267832537964,Normal,No Offer Needed,False,Regular Customer,True
0643-OKLRP,80.35,80.46355389747364,-0.11355389747365052,Normal,No Offer Needed,False,Regular Customer,True
7245-JMTTQ,111.5,111.20182015401288,0.29817984598712144,Normal,No Offer Needed,False,Regular Customer,True
6050-IJRHS,106.5,106.15695860368915,0.34304139631085206,Normal,No Offer Needed,False,Regular Customer,True
6202-JVYEU,19.9,20.654670498432967,-0.7546704984329686,Normal,No Offer Needed,False,Regular Customer,False
8591-TKMZH,111.1,110.83254931531242,0.2674506846875744,Normal,No Offer Needed,False,Regular Customer,True
0734-OXWBT,70.7,70.37480303149788,0.32519696850212654,Normal,No Offer Needed,False,Regular Customer,False
4282-ACRXS,24.85,25.168447786083007,-0.3184477860830057,Normal,No Offer Needed,False,Regular Customer,False
0365-TRTPY,91.2,90.68692912791391,0.5130708720860895,High Drop,Premium Entertainment Bundle,True,Outreach Customer,True
7349-ALMUX,65.6,65.40547656625439,0.19452343374560144,Normal,No Offer Needed,False,Regular Customer,False
9381-NDKME,40.65,41.10228515561064,-0.45228515561063887,Normal,No Offer Needed,False,Regular Customer,False
6502-KUGLL,59.45,58.98115576024337,0.4688442397566348,High Drop,Loyalty Discount Offer,True,Outreach Customer,False
1841-YSJGV,109.95,110.3011742045641,-0.35117420456410287,Normal,No Offer Needed,False,Regular Customer,True
2794-XIMMO,60.45,60.50954711153781,-0.05954711153781034,Normal,No Offer Needed,False,Regular Customer,True
8382-SHQEH,84.9,84.9791809372075,-0.07918093720749653,Normal,No Offer Needed,False,Regular Customer,True
3511-BFTJW,38.5,38.436547391225325,0.06345260877467496,Normal,No Offer Needed,False,Regular Customer,True
7668-XCFYV,92.55,92.38992610299951,0.1600738970004869,Normal,No Offer Needed,False,Regular Customer,True
2983-ZANRP,73.55,73.22119915412455,0.328800845875449,Normal,No Offer Needed,False,Regular Customer,False
7845-URHJN,20.15,20.710919206309775,-0.5609192063097765,Normal,No Offer Needed,False,Regular Customer,False
3034-ZBEQN,34.7,34.24968699884334,0.4503130011566654,High Drop,Online Security Add-on,True,Outreach Customer,False
5018-HEKFO,24.5,24.59753271594872,-0.09753271594872004,Normal,No Offer Needed,False,Regular Customer,False
3976-NLDEZ,20.6,21.053747326952614,-0.45374732695261244,Normal,No Offer Needed,False,Regular Customer,False
2282-YGNOR,58.0,57.94154557938449,0.05845442061551154,Normal,No Offer Needed,False,Regular Customer,False
5336-UFNZP,107.45,107.1048466243976,0.34515337560240766,Normal,No Offer Needed,False,Regular Customer,True
6854-EXGSF,65.5,64.96535607244354,0.5346439275564592,High Drop,Loyalty Discount Offer,True,Outreach Customer,False
1241-EZFMJ,25.45,25.483896949526805,-0.033896949526806,Normal,No Offer Needed,False,Regular Customer,True
9233-PSYHO,100.15,99.88247658327323,0.2675234167267746,Normal,No Offer Needed,False,Regular Customer,True
5376-PCKNB,104.45,104.23182423375404,0.21817576624596313,Normal,No Offer Needed,False,Regular Customer,True
8044-BGWPI,21.15,21.62746670333312,-0.47746670333312125,Normal,No Offer Needed,False,Regular Customer,False
4060-LDNLU,96.2,96.17793782469661,0.02206217530338961,Normal,No Offer Needed,False,Regular Customer,True
3589-PPVKW,44.4,44.299511198815004,0.10048880118499426,Normal,No Offer Needed,False,Regular Customer,False
8327-LZKAS,107.55,107.38322483285273,0.16677516714726437,Normal,No Offer Needed,False,Regular Customer,True
5887-IKKYO,94.35,94.25691050235639,0.09308949764360364,Normal,No Offer Needed,False,Regular Customer,True
1075-BGWOH,98.75,98.58339006899998,0.16660993100002486,Normal,No Offer Needed,False,Regular Customer,True
1755-RMCXH,20.3,20.514821088237408,-0.2148210882374073,Normal,No Offer Needed,False,Regular Customer,False
0302-JOIVN,101.15,100.80320064569244,0.3467993543075636,Normal,No Offer Needed,False,Regular Customer,True
3858-XHYJO,105.75,105.41605392045346,0.33394607954653566,Normal,No Offer Needed,False,Regular Customer,True
4299-SIMNS,81.15,81.211866094068,-0.06186609406799448,Normal,No Offer Needed,False,Regular Customer,True
7025-IWFHT,89.55,89.44672132648367,0.10327867351632847,Normal,No Offer Needed,False,Regular Customer,True
6261-LHRTG,54.75,54.47358151770897,0.27641848229102806,Normal,No Offer Needed,False,Regular Customer,False
7841-FCRQD,53.75,53.500411572465204,0.24958842753479615,Normal,No Offer Needed,False,Regular Customer,False
2056-EVGZL,105.75,105.63435866178685,0.11564133821315181,Normal,No Offer Needed,False,Regular Customer,True
8777-MBMTS,105.85,105.88152243843061,-0.03152243843061342,Normal,No Offer Needed,False,Regular Customer,True
7753-USQYQ,64.2,64.22849453423106,-0.028494534231057855,Normal,No Offer Needed,False,Regular Customer,True
5366-IJEQJ,88.7,88.56445901288876,0.1355409871112414,Normal,No Offer Needed,False,Regular Customer,True
7661-CPURM,87.7,87.95857611276276,-0.2585761127627535,Normal,No Offer Needed,False,Regular Customer,True
6233-HXJMX,89.3,89.30281627831171,-0.0028162783117124945,Normal,No Offer Needed,False,Regular Customer,True
5902-WBLSE,20.15,20.184660130514818,-0.03466013051481909,Normal,No Offer Needed,False,Regular Customer,True
1981-INRFU,79.75,79.88223497194718,-0.13223497194718448,Normal,No Offer Needed,False,Regular Customer,False
4971-PUYQO,94.55,94.351307175164,0.1986928248360016,Normal,No Offer Needed,False,Regular Customer,True
3239-TPHPZ,20.05,20.793685572141072,-0.7436855721410716,Normal,No Offer Needed,False,Regular Customer,False
5115-GZDEL,67.2,67.44095245213407,-0.24095245213406713,Normal,No Offer Needed,False,Regular Customer,True
3338-CVVEH,94.55,94.58102892422262,-0.03102892422262471,Normal,No Offer Needed,False,Regular Customer,True
8485-GJCDN,69.05,68.94115499889925,0.10884500110074669,Normal,No Offer Needed,False,Regular Customer,False
2615-YVMYX,107.5,107.44442158640297,0.05557841359703275,Normal,No Offer Needed,False,Regular Customer,True
2851-STERV,73.0,72.9333928056234,0.06660719437660134,Normal,No Offer Needed,False,Regular Customer,False
4393-GEADV,114.75,114.79769987227965,-0.04769987227965089,Normal,No Offer Needed,False,Regular Customer,True
8486-AYEQH,76.05,75.9764439344461,0.07355606555390182,Normal,No Offer Needed,False,Regular Customer,False
1527-SXDPN,96.25,96.24935463293187,0.0006453670681310086,Normal,No Offer Needed,False,Regular Customer,True
6029-WTIPC,101.1,101.17757346902947,-0.07757346902947404,Normal,No Offer Needed,False,Regular Customer,True
8634-CILSZ,104.7,104.80819252094666,-0.10819252094665899,Normal,No Offer Needed,False,Regular Customer,True
5419-JKZNQ,77.9,77.4461303026382,0.45386969736181015,High Drop,Premium Entertainment Bundle,True,Outreach Customer,False
2495-KZNFB,90.65,90.80318776744666,-0.15318776744665286,Normal,No Offer Needed,False,Regular Customer,True
1409-PHXTF,110.45,110.384991822545,0.06500817745499887,Normal,No Offer Needed,False,Regular Customer,True
4560-WQAQW,68.7,68.62168244118133,0.07831755881866798,Normal,No Offer Needed,False,Regular Customer,True
9591-YVTEB,44.85,45.00701874180858,-0.157018741808578,Normal,No Offer Needed,False,Regular Customer,True
9309-BZGNT,29.8,29.702209972262082,0.09779002773791845,Normal,No Offer Needed,False,Regular Customer,True
4274-DRSQT,88.9,88.60175672937177,0.29824327062823386,Normal,No Offer Needed,False,Regular Customer,True
2027-DNKIV,58.75,58.06895592415533,0.6810440758446674,High Drop,Personalized Retention Offer,True,Outreach Customer,False
8075-GXIUB,19.85,20.54612221224058,-0.6961222122405779,Normal,No Offer Needed,False,Regular Customer,False
2885-HIJDH,86.9,86.77313171948512,0.1268682805148842,Normal,No Offer Needed,False,Regular Customer,True
5424-RLQLC,59.65,59.216843604509506,0.43315639549049223,High Drop,Loyalty Discount Offer,True,Outreach Customer,False
6682-QJDGB,55.25,54.90249389725091,0.34750610274908666,Normal,No Offer Needed,False,Regular Customer,False
6507-DTJZV,66.4,66.58557050649323,-0.18557050649322093,Normal,No Offer Needed,False,Regular Customer,False
8780-IXSTS,90.1,89.83840248737823,0.261597512621762,Normal,No Offer Needed,False,Regular Customer,True
7673-BQGKU,20.15,20.009873309582456,0.14012669041754222,Normal,No Offer Needed,False,Regular Customer,True
6723-WSNTY,108.1,107.836302092195,0.26369790780499613,Normal,No Offer Needed,False,Regular Customer,True
9530-EHPOH,53.75,53.823424940236485,-0.07342494023648527,Normal,No Offer Needed,False,Regular Customer,False
2725-IWWBA,56.9,56.19585151232191,0.7041484876780899,High Drop,Personalized Retention Offer,True,Outreach Customer,False
0345-HKJVM,89.3,89.55193035672349,-0.2519303567234914,Normal,No Offer Needed,False,Regular Customer,True
1061-PNTHC,109.6,108.91122574938817,0.6887742506118286,High Drop,Premium Entertainment Bundle,True,Outreach Customer,True
0394-YONDK,25.15,25.194492052507467,-0.04449205250746857,Normal,No Offer Needed,False,Regular Customer,True
6574-MCOEH,79.15,78.61912925462643,0.5308707453735764,High Drop,Online Security Add-on,True,Outreach Customer,False
7399-QHBJS,66.75,66.48613187464295,0.2638681253570496,Normal,No Offer Needed,False,Regular Customer,True
3049-SOLAY,95.2,95.10379729748941,0.09620270251059537,Normal,No Offer Needed,False,Regular Customer,True
0997-YTLNY,48.8,48.39948874061803,0.40051125938196463,Normal,No Offer Needed,False,Regular Customer,False
3317-HRTNN,45.7,46.498415418384376,-0.7984154183843728,Normal,No Offer Needed,False,Regular Customer,False
9479-HYNYL,80.7,80.56703514230611,0.1329648576938922,Normal,No Offer Needed,False,Regular Customer,True
3235-ETOOB,74.5,74.76689997694336,-0.266899976943364,Normal,No Offer Needed,False,Regular Customer,False
9708-KFDBY,20.55,21.430376634024025,-0.8803766340240244,Normal,No Offer Needed,False,Regular Customer,False
8058-INTPH,79.65,79.78036141574711,-0.13036141574710314,Normal,No Offer Needed,False,Regular Customer,False
3642-GKTCT,115.1,114.57307542030102,0.5269245796989708,High Drop,Premium Entertainment Bundle,True,Outreach Customer,True
0774-RMNUW,59.7,59.706816632119896,-0.006816632119893029,Normal,No Offer Needed,False,Regular Customer,True
1334-PDUKM,86.45,86.03239594272627,0.41760405727373495,Normal,No Offer Needed,False,Regular Customer,True
0756-MPZRL,33.7,33.86554966213324,-0.16554966213323752,Normal,No Offer Needed,False,Regular Customer,False
2242-MFOTG,80.1,80.07591608203246,0.02408391796753051,Normal,No Offer Needed,False,Regular Customer,True
2927-CVULT,104.05,103.72581105825947,0.32418894174053037,Normal,No Offer Needed,False,Regular Customer,True
2144-BFDSO,108.75,108.29599717890679,0.4540028210932121,High Drop,Premium Entertainment Bundle,True,Outreach Customer,True
8745-PVESG,41.1,41.146212690362525,-0.04621269036252329,Normal,No Offer Needed,False,Regular Customer,True
7647-GYYKX,20.35,20.36430175423685,-0.014301754236846875,Normal,No Offer Needed,False,Regular Customer,True
5647-FXOTP,105.9,105.5924179830491,0.3075820169509029,Normal,No Offer Needed,False,Regular Customer,True
5569-OUICF,101.3,101.27735464811958,0.0226453518804135,Normal,No Offer Needed,False,Regular Customer,True
8821-XNHVZ,80.05,79.55812670530372,0.4918732946962763,High Drop,Premium Entertainment Bundle,True,Outreach Customer,True
2082-OJVTK,89.2,89.1072003777085,0.0927996222915084,Normal,No Offer Needed,False,Regular Customer,True
9700-ISPUP,65.5,65.22768144854695,0.27231855145305417,Normal,No Offer Needed,False,Regular Customer,False
9839-ETQOE,40.45,40.45259484772883,-0.0025948477288295635,Normal,No Offer Needed,False,Regular Customer,False
6078-VESFR,70.45,70.36609800008584,0.08390199991416125,Normal,No Offer Needed,False,Regular Customer,False
9027-TMATR,78.8,78.8480133252251,-0.04801332522509938,Normal,No Offer Needed,False,Regular Customer,False
5940-NFXKV,83.65,83.70342393722954,-0.053423937229538865,Normal,No Offer Needed,False,Regular Customer,True
1941-HOSAM,90.1,89.98782924377053,0.11217075622946027,Normal,No Offer Needed,False,Regular Customer,True
9110-HSGTV,82.45,82.67851890026935,-0.22851890026934996,Normal,No Offer Needed,False,Regular Customer,True
0704-VCUMB,20.25,20.51760237722665,-0.26760237722664826,Normal,No Offer Needed,False,Regular Customer,True
6171-ZTVYB,66.25,65.7859410547681,0.4640589452318977,High Drop,Loyalty Discount Offer,True,Outreach Customer,False
8053-WWDRO,19.5,20.095548676630525,-0.5955486766305249,Normal,No Offer Needed,False,Regular Customer,False
9564-KCLHR,51.25,51.25914130666582,-0.009141306665817694,Normal,No Offer Needed,False,Regular Customer,False
1935-IMVBB,89.7,89.52501582994954,0.17498417005046463,Normal,No Offer Needed,False,Regular Customer,True
2535-PBCGC,64.55,64.50741773143761,0.04258226856238423,Normal,No Offer Needed,False,Regular Customer,True
2082-CEFLT,45.6,46.09585434805762,-0.49585434805761963,Normal,No Offer Needed,False,Regular Customer,False
1470-PSXNM,93.65,93.05787492585196,0.5921250741480435,High Drop,Premium Entertainment Bundle,True,Outreach Customer,True
1213-NGCUN,49.65,49.769262335461306,-0.1192623354613076,Normal,No Offer Needed,False,Regular Customer,False
2498-XLDZR,73.6,73.02292505678395,0.5770749432160471,High Drop,Personalized Retention Offer,True,Outreach Customer,False
9866-OCCKE,109.75,109.62253616672447,0.12746383327552735,Normal,No Offer Needed,False,Regular Customer,True
5338-YHWYT,61.45,61.58805239565614,-0.13805239565613903,Normal,No Offer Needed,False,Regular Customer,False
7718-UPSKJ,106.4,106.52039747008885,-0.1203974700888466,Normal,No Offer Needed,False,Regular Customer,True
8731-WBBMB,81.9,81.24968571159513,0.6503142884048714,High Drop,Loyalty Discount Offer,True,Outreach Customer,True
1448-CYWKC,105.2,104.84092848122161,0.35907151877839283,Normal,No Offer Needed,False,Regular Customer,True
7901-IIDQV,54.6,54.438420085544,0.16157991445599862,Normal,No Offer Needed,False,Regular Customer,False
2690-DVRVK,20.55,21.13611365511098,-0.586113655110978,Normal,No Offer Needed,False,Regular Customer,False
5688-KZTSN,20.0,20.600524498345585,-0.6005244983455853,Normal,No Offer Needed,False,Regular Customer,False
1270-XKUCC,19.7,19.772508914746137,-0.07250891474613752,Normal,No Offer Needed,False,Regular Customer,False
0334-ZFJSR,66.05,65.63144470637873,0.4185552936212673,High Drop,Personalized Retention Offer,True,Outreach Customer,True
2894-QOJRX,34.0,34.270672000048535,-0.27067200004853476,Normal,No Offer Needed,False,Regular Customer,False
5747-PMBSQ,92.5,91.67499819249434,0.8250018075056573,High Drop,Premium Entertainment Bundle,True,Outreach Customer,True
5583-EJXRD,54.05,54.258885033548694,-0.2088850335486967,Normal,No Offer Needed,False,Regular Customer,False
4565-EVZMJ,58.9,58.363199425586295,0.5368005744137037,High Drop,Personalized Retention Offer,True,Outreach Customer,False
3143-JQEGI,88.35,88.41092987249174,-0.060929872491740866,Normal,No Offer Needed,False,Regular Customer,True
6386-SZZKH,107.95,107.6294550587697,0.32054494123030963,Normal,No Offer Needed,False,Regular Customer,True
3327-YBAKM,96.9,96.7418813984591,0.15811860154090596,Normal,No Offer Needed,False,Regular Customer,True
9441-QHEVC,19.1,19.567597208432204,-0.46759720843220265,Normal,No Offer Needed,False,Regular Customer,False
6705-LNMDD,50.0,49.771473043477855,0.2285269565221455,Normal,No Offer Needed,False,Regular Customer,False
2580-ASVVY,45.4,45.80214782276794,-0.4021478227679438,Normal,No Offer Needed,False,Regular Customer,False
3370-GQEAL,85.45,85.18431959811468,0.2656804018853194,Normal,No Offer Needed,False,Regular Customer,True
5032-USPKF,84.1,83.63709865978792,0.4629013402120705,High Drop,Personalized Retention Offer,True,Outreach Customer,True
2982-IHMFT,74.45,74.16983778392922,0.28016221607077796,Normal,No Offer Needed,False,Regular Customer,False
3521-SYVOR,64.75,65.02873490083893,-0.27873490083892705,Normal,No Offer Needed,False,Regular Customer,False
4254-QPEDE,66.25,66.41120294309479,-0.16120294309479277,Normal,No Offer Needed,False,Regular Customer,True
6283-GITPX,76.9,76.78085963051277,0.1191403694872406,Normal,No Offer Needed,False,Regular Customer,True
9526-JAWYF,89.8,89.65348311227511,0.1465168877248857,Normal,No Offer Needed,False,Regular Customer,True
0771-CHWSK,74.6,74.6818015108987,-0.0818015108986998,Normal,No Offer Needed,False,Regular Customer,True
9788-HNGUT,116.95,117.18952416062413,-0.2395241606241285,Normal,No Offer Needed,False,Regular Customer,True
9495-REDIY,40.65,41.114165857787924,-0.4641658577879255,Normal,No Offer Needed,False,Regular Customer,False
5375-XLDOF,114.35,114.16288690011223,0.18711309988776748,Normal,No Offer Needed,False,Regular Customer,True
1172-VIYBP,69.7,69.58849287024772,0.11150712975228316,Normal,No Offer Needed,False,Regular Customer,True
5649-VUKMC,95.5,95.14346840211861,0.35653159788138566,Normal,No Offer Needed,False,Regular Customer,True
6559-PDZLR,98.65,98.55612651521812,0.09387348478188073,Normal,No Offer Needed,False,Regular Customer,True
8992-OBVDG,61.65,61.40506249215778,0.24493750784221646,Normal,No Offer Needed,False,Regular Customer,False
4273-MBHYA,89.35,89.2873297611567,0.06267023884329603,Normal,No Offer Needed,False,Regular Customer,True
4724-WXVWF,95.4,95.60668617796539,-0.20668617796538058,Normal,No Offer Needed,False,Regular Customer,True
5701-GUXDC,35.4,35.662559203327774,-0.2625592033277755,Normal,No Offer Needed,False,Regular Customer,False
1460-UZPRJ,19.95,19.889757675895243,0.06024232410475605,Normal,No Offer Needed,False,Regular Customer,True
6082-GLJIX,19.25,19.52265914892568,-0.2726591489256798,Normal,No Offer Needed,False,Regular Customer,False
5143-EGQFK,29.65,30.34674814371776,-0.6967481437177625,Normal,No Offer Needed,False,Regular Customer,False
4919-IKATY,84.5,84.24808814206149,0.25191185793850934,Normal,No Offer Needed,False,Regular Customer,True
2495-TTHBQ,20.4,20.633460083704968,-0.23346008370496918,Normal,No Offer Needed,False,Regular Customer,False
0485-ZBSLN,24.75,24.858775021858566,-0.10877502185856613,Normal,No Offer Needed,False,Regular Customer,True
3810-PJUHR,25.35,24.950413676798508,0.39958632320149334,Normal,No Offer Needed,False,Regular Customer,True
9050-QLROH,90.7,90.7951224806221,-0.09512248062209494,Normal,No Offer Needed,False,Regular Customer,True
0847-HGRML,20.0,20.161532143830645,-0.16153214383064451,Normal,No Offer Needed,False,Regular Customer,True
8232-CTLKO,59.75,59.74666286117687,0.0033371388231273613,Normal,No Offer Needed,False,Regular Customer,True
9227-YBAXE,82.5,82.18365842207064,0.31634157792936435,Normal,No Offer Needed,False,Regular Customer,True
6168-WFVVF,70.3,70.58012137445492,-0.2801213744549216,Normal,No Offer Needed,False,Regular Customer,False
9860-LISIZ,20.35,20.355784064512704,-0.005784064512702969,Normal,No Offer Needed,False,Regular Customer,False
0112-QAWRZ,90.8,90.08804457555674,0.7119554244432607,High Drop,Premium Entertainment Bundle,True,Outreach Customer,True
0877-SDMBN,103.95,103.98827179816652,-0.03827179816651949,Normal,No Offer Needed,False,Regular Customer,True
2786-GCDPI,104.95,104.7938698780479,0.15613012195210274,Normal,No Offer Needed,False,Regular Customer,True
4043-MKDTV,105.25,105.3576384454174,-0.10763844541739331,Normal,No Offer Needed,False,Regular Customer,True
8065-YKXKD,74.75,74.86705924760624,-0.11705924760623532,Normal,No Offer Needed,False,Regular Customer,False
9637-EIHEQ,50.8,51.09567171206807,-0.29567171206807075,Normal,No Offer Needed,False,Regular Customer,False
9229-RQABD,23.75,23.889686217530198,-0.1396862175301976,Normal,No Offer Needed,False,Regular Customer,False
8313-KTIHG,61.3,61.36184640982939,-0.06184640982939271,Normal,No Offer Needed,False,Regular Customer,False
5320-BRKGK,75.8,75.08902254077235,0.7109774592276494,High Drop,Personalized Retention Offer,True,Outreach Customer,True
6284-KMNUF,98.0,98.05705198819776,-0.05705198819775603,Normal,No Offer Needed,False,Regular Customer,True
9689-PTNPG,80.25,80.45784269807378,-0.20784269807377598,Normal,No Offer Needed,False,Regular Customer,True
9465-RWMXL,78.9,78.74659975391008,0.1534002460899302,Normal,No Offer Needed,False,Regular Customer,False
6229-UOLQL,52.0,51.48879824601939,0.5112017539806075,High Drop,Personalized Retention Offer,True,Outreach Customer,True
2362-IBOOY,84.75,85.10191624848912,-0.3519162484891183,Normal,No Offer Needed,False,Regular Customer,True
3137-LUPIX,64.4,63.83144690759534,0.5685530924046631,High Drop,Loyalty Discount Offer,True,Outreach Customer,False
0843-WTBXE,85.45,85.4966638030056,-0.04666380300560036,Normal,No Offer Needed,False,Regular Customer,True
6143-JQKEA,45.8,46.115955043128935,-0.3159550431289375,Normal,No Offer Needed,False,Regular Customer,False
8676-OOQEJ,30.5,31.18217461892111,-0.6821746189211098,Normal,No Offer Needed,False,Regular Customer,False
5515-IDEJJ,19.9,20.29152073295599,-0.39152073295599266,Normal,No Offer Needed,False,Regular Customer,False
9701-CDXHR,69.15,68.77446743519046,0.37553256480954644,Normal,No Offer Needed,False,Regular Customer,True
7450-NWRTR,99.45,99.38241903605596,0.06758096394403879,Normal,No Offer Needed,False,Regular Customer,True
8124-NZVGJ,49.25,49.38757855470016,-0.13757855470016267,Normal,No Offer Needed,False,Regular Customer,False
2162-FRZAA,39.35,39.00425776560685,0.34574223439314977,Normal,No Offer Needed,False,Regular Customer,True
5376-DEQCP,70.6,70.86769037833191,-0.26769037833192044,Normal,No Offer Needed,False,Regular Customer,False
5118-MUEYH,105.1,104.8719186976071,0.22808130239289426,Normal,No Offer Needed,False,Regular Customer,True
9095-HFAFX,81.0,81.16086693890485,-0.16086693890484582,Normal,No Offer Needed,False,Regular Customer,True
5627-TVBPP,20.1,20.40750971595941,-0.3075097159594087,Normal,No Offer Needed,False,Regular Customer,False
2379-ENZGV,84.85,84.85246098581898,-0.0024609858189847955,Normal,No Offer Needed,False,Regular Customer,True
3936-QQFLL,19.75,20.20046457518301,-0.450464575183009,Normal,No Offer Needed,False,Regular Customer,False
2589-AYCRP,19.75,19.833941265470084,-0.0839412654700844,Normal,No Offer Needed,False,Regular Customer,False
4067-HLYQI,70.4,70.35969596180308,0.040304038196921965,Normal,No Offer Needed,False,Regular Customer,False
5124-EOGYE,20.45,20.823755187372118,-0.37375518737211877,Normal,No Offer Needed,False,Regular Customer,False
5057-RKGLH,20.35,20.65063250786745,-0.3006325078674479,Normal,No Offer Needed,False,Regular Customer,False
0292-WEGCH,86.2,85.5060558572128,0.6939441427872026,High Drop,Loyalty Discount Offer,True,Outreach Customer,True
8910-ICHIU,95.65,95.49998342051684,0.1500165794831645,Normal,No Offer Needed,False,Regular Customer,True
4097-YODCF,103.8,103.68118119314991,0.11881880685008639,Normal,No Offer Needed,False,Regular Customer,True
9715-WZCLW,97.2,97.59314490970044,-0.3931449097004389,Normal,No Offer Needed,False,Regular Customer,True
9786-YWNHU,63.55,62.793952082720054,0.7560479172799432,High Drop,Personalized Retention Offer,True,Outreach Customer,True
6407-GSJNL,24.95,25.130735784944466,-0.18073578494446707,Normal,No Offer Needed,False,Regular Customer,True
6005-OBZPH,89.15,88.9714059330877,0.17859406691231072,Normal,No Offer Needed,False,Regular Customer,True
4049-ZPALD,99.0,99.15637884668038,-0.15637884668038282,Normal,No Offer Needed,False,Regular Customer,True
7932-WPTDS,24.8,25.563788606740594,-0.7637886067405937,Normal,No Offer Needed,False,Regular Customer,False
3733-UOCWF,85.55,85.14868028968554,0.40131971031445346,Normal,No Offer Needed,False,Regular Customer,True
6833-JMZYP,94.0,93.91933740443396,0.08066259556603939,Normal,No Offer Needed,False,Regular Customer,True
2722-VOJQL,105.65,105.95325681015619,-0.303256810156185,Normal,No Offer Needed,False,Regular Customer,True
1310-QRITU,50.3,50.300633957302516,-0.0006339573025186951,Normal,No Offer Needed,False,Regular Customer,False
8961-QDZZJ,95.0,94.90043209178435,0.0995679082156471,Normal,No Offer Needed,False,Regular Customer,True
9715-SBVSU,61.4,61.45917112797117,-0.05917112797116886,Normal,No Offer Needed,False,Regular Customer,False
8490-BXHEO,80.55,80.4047907434565,0.14520925654349526,Normal,No Offer Needed,False,Regular Customer,True
7173-TETGO,78.5,78.55466678564547,-0.05466678564546612,Normal,No Offer Needed,False,Regular Customer,True
7929-SKFGK,114.3,114.54130766209477,-0.24130766209476917,Normal,No Offer Needed,False,Regular Customer,True
2300-RQGOI,20.05,20.25778231418121,-0.20778231418120896,Normal,No Offer Needed,False,Regular Customer,False
3563-SVYLG,62.65,62.41392279927198,0.23607720072801897,Normal,No Offer Needed,False,Regular Customer,True
5228-EXCET,80.85,81.28413480052866,-0.4341348005286676,Normal,No Offer Needed,False,Regular Customer,True
6435-VWCCY,92.7,92.82941580610778,-0.12941580610777237,Normal,No Offer Needed,False,Regular Customer,True
4998-IKFSE,100.45,100.2720047998221,0.1779952001779037,Normal,No Offer Needed,False,Regular Customer,True
8630-QSGXK,75.2,75.18540821768784,0.014591782312166401,Normal,No Offer Needed,False,Regular Customer,True
2455-USLMV,84.75,84.58145210178134,0.16854789821866234,Normal,No Offer Needed,False,Regular Customer,True
7394-FKDNK,89.45,89.58627493529843,-0.13627493529843093,Normal,No Offer Needed,False,Regular Customer,True
9488-FVZCC,79.5,79.04999156754438,0.4500084324556184,High Drop,Personalized Retention Offer,True,Outreach Customer,True
6331-LWDTQ,72.15,72.43428296786551,-0.2842829678655079,Normal,No Offer Needed,False,Regular Customer,False
5995-WWKKG,19.8,20.15573301340276,-0.35573301340275876,Normal,No Offer Needed,False,Regular Customer,False
1597-FZREH,76.4,76.3871243339391,0.012875666060907065,Normal,No Offer Needed,False,Regular Customer,False
7879-CGSFV,100.9,100.7767085672489,0.12329143275110255,Normal,No Offer Needed,False,Regular Customer,True
9921-EZKBY,95.3,95.09034649515779,0.20965350484220835,Normal,No Offer Needed,False,Regular Customer,True
7432-FFVAR,90.95,90.60727777724752,0.3427222227524851,Normal,No Offer Needed,False,Regular Customer,True
7246-ZGQDF,54.5,54.58756265687021,-0.0875626568702117,Normal,No Offer Needed,False,Regular Customer,False
7000-WCEVQ,61.6,61.46006452983672,0.13993547016328023,Normal,No Offer Needed,False,Regular Customer,False
0727-IWKVK,79.9,79.67248574699308,0.2275142530069303,Normal,No Offer Needed,False,Regular Customer,False
5959-BELXA,96.15,96.43834479381073,-0.2883447938107224,Normal,No Offer Needed,False,Regular Customer,True
4456-RHSNB,49.6,49.14026136411802,0.45973863588198327,High Drop,Loyalty Discount Offer,True,Outreach Customer,False
3512-IZIKN,65.3,65.32339095705058,-0.02339095705058014,Normal,No Offer Needed,False,Regular Customer,True
2481-SBOYW,25.0,25.142993685383367,-0.14299368538336665,Normal,No Offer Needed,False,Regular Customer,True
7109-MFBYV,45.45,45.67723396071167,-0.2272339607116649,Normal,No Offer Needed,False,Regular Customer,False
1833-TCXKK,107.75,107.25279266180569,0.49720733819431473,High Drop,Premium Entertainment Bundle,True,Outreach Customer,True
1832-PEUTS,89.1,88.98899299555161,0.11100700444838196,Normal,No Offer Needed,False,Regular Customer,True
6141-OOXUQ,19.65,20.274479690842323,-0.6244796908423247,Normal,No Offer Needed,False,Regular Customer,False
8660-BUETV,44.75,44.631632960064046,0.11836703993595421,Normal,No Offer Needed,False,Regular Customer,False
0580-PIQHM,101.6,100.97400863597588,0.6259913640241166,High Drop,Premium Entertainment Bundle,True,Outreach Customer,True
5696-CEIQJ,103.15,103.01450395154158,0.13549604845842111,Normal,No Offer Needed,False,Regular Customer,True
7503-ZGUZJ,84.65,84.30149760777982,0.3485023922201833,Normal,No Offer Needed,False,Regular Customer,True
1696-HXOWK,95.65,95.1279265618474,0.5220734381526029,High Drop,Premium Entertainment Bundle,True,Outreach Customer,True
3026-ATZYV,75.1,74.72723136732439,0.37276863267560145,Normal,No Offer Needed,False,Regular Customer,False
4012-YCFAI,61.35,60.97885881871111,0.3711411812888912,Normal,No Offer Needed,False,Regular Customer,True
2506-TNFCO,69.55,69.70520268981817,-0.15520268981816798,Normal,No Offer Needed,False,Regular Customer,False
9970-QBCDA,19.7,20.45056174613747,-0.7505617461374712,Normal,No Offer Needed,False,Regular Customer,False
8718-PTMEZ,31.05,31.58047472532032,-0.530474725320321,Normal,No Offer Needed,False,Regular Customer,False
9496-IVVRP,51.0,50.86358608278904,0.13641391721095886,Normal,No Offer Needed,False,Regular Customer,False
2207-OBZNX,51.0,51.10157196547203,-0.10157196547203284,Normal,No Offer Needed,False,Regular Customer,False
2657-VPXTA,88.85,88.70658007153102,0.14341992846897256,Normal,No Offer Needed,False,Regular Customer,True
6551-VLJMV,20.05,20.68925225769414,-0.6392522576941388,Normal,No Offer Needed,False,Regular Customer,False
1221-GHZEP,65.1,65.06622263527758,0.03377736472241111,Normal,No Offer Needed,False,Regular Customer,True
9289-LBQVU,70.15,69.52236325854206,0.6276367414579482,High Drop,Online Security Add-on,True,Outreach Customer,True
6142-VSJQO,44.35,44.38515640893381,-0.035156408933808336,Normal,No Offer Needed,False,Regular Customer,False
3458-IDMFK,20.75,21.16211719780442,-0.41211719780442024,Normal,No Offer Needed,False,Regular Customer,False
6933-FHBZC,56.05,55.385424350463396,0.6645756495366015,High Drop,Online Security Add-on,True,Outreach Customer,False
0221-NAUXK,19.95,20.440140292552638,-0.49014029255263836,Normal,No Offer Needed,False,Regular Customer,False
9770-KXGQU,98.6,97.91866936312738,0.681330636872616,High Drop,Premium Entertainment Bundle,True,Outreach Customer,True
6437-UKHMV,79.7,79.84622176392645,-0.14622176392644803,Normal,No Offer Needed,False,Regular Customer,False
6538-POCHL,79.0,78.80910898047668,0.19089101952332044,Normal,No Offer Needed,False,Regular Customer,False
6726-NNFWD,89.45,89.62487234653888,-0.1748723465388764,Normal,No Offer Needed,False,Regular Customer,True
3002-WQZWT,74.2,74.12443102828331,0.07556897171669164,Normal,No Offer Needed,False,Regular Customer,False
4277-UDIEF,81.0,80.66371541666926,0.3362845833307375,Normal,No Offer Needed,False,Regular Customer,True
1208-NBVFH,49.6,49.361608397286254,0.23839160271374737,Normal,No Offer Needed,False,Regular Customer,False
4912-PIGUY,84.6,84.39329641935888,0.20670358064111838,Normal,No Offer Needed,False,Regular Customer,True
1114-CENIM,55.0,54.87042178880658,0.12957821119341872,Normal,No Offer Needed,False,Regular Customer,True
6060-DRTNL,84.85,84.35483147855983,0.49516852144016354,High Drop,Premium Entertainment Bundle,True,Outreach Customer,True
2725-TTRIQ,84.2,83.90286476173249,0.297135238267515,Normal,No Offer Needed,False,Regular Customer,True
3374-TTZTK,106.3,106.3736042618374,-0.07360426183740287,Normal,No Offer Needed,False,Regular Customer,True
8990-ZXLSU,69.05,69.19292747483463,-0.14292747483463586,Normal,No Offer Needed,False,Regular Customer,False
2275-RBYQS,45.4,45.26325661896647,0.13674338103352568,Normal,No Offer Needed,False,Regular Customer,False
8473-VUVJN,73.65,73.84970799505412,-0.19970799505411208,Normal,No Offer Needed,False,Regular Customer,False
6289-CPNLD,73.9,73.37979715526669,0.5202028447333191,High Drop,Online Security Add-on,True,Outreach Customer,False
5536-SLHPM,77.75,77.60021911414434,0.1497808858556624,Normal,No Offer Needed,False,Regular Customer,True
4419-UJMUS,99.35,99.60379393050007,-0.2537939305000805,Normal,No Offer Needed,False,Regular Customer,True
7794-JASDG,50.75,50.71902605389638,0.030973946103621586,Normal,No Offer Needed,False,Regular Customer,False
7609-YBPXG,87.1,87.11985432993653,-0.019854329936535464,Normal,No Offer Needed,False,Regular Customer,True
5519-TEEUH,20.15,20.154119795657788,-0.004119795657789638,Normal,No Offer Needed,False,Regular Customer,False
7856-GANIL,98.7,98.00649931795517,0.693500682044828,High Drop,Premium Entertainment Bundle,True,Outreach Customer,True
0804-XBFBV,25.2,25.747883790146936,-0.5478837901469369,Normal,No Offer Needed,False,Regular Customer,False
2676-OXPPQ,55.7,55.655834648100594,0.044165351899408734,Normal,No Offer Needed,False,Regular Customer,False
3703-TTEPD,65.35,65.16241582870185,0.1875841712981412,Normal,No Offer Needed,False,Regular Customer,False
2799-TSLAG,25.3,25.109936544342823,0.19006345565717808,Normal,No Offer Needed,False,Regular Customer,True
0196-VULGZ,84.35,84.40801710718213,-0.05801710718213826,Normal,No Offer Needed,False,Regular Customer,True
8837-VVWLQ,84.95,85.14040686445018,-0.19040686445018196,Normal,No Offer Needed,False,Regular Customer,True
2696-NARTR,73.85,74.13371381975533,-0.2837138197553344,Normal,No Offer Needed,False,Regular Customer,False
2208-NKVVH,24.25,24.137983582549705,0.11201641745029534,Normal,No Offer Needed,False,Regular Customer,False
7614-QVWQL,51.8,51.876260318966374,-0.07626031896637642,Normal,No Offer Needed,False,Regular Customer,False
1976-CFOCS,46.0,46.30630807771092,-0.3063080777109235,Normal,No Offer Needed,False,Regular Customer,False
4631-OACRM,79.4,79.85369138332142,-0.4536913833214129,Normal,No Offer Needed,False,Regular Customer,False
7139-JZFVG,60.5,60.13344687215661,0.3665531278433889,Normal,No Offer Needed,False,Regular Customer,True
4987-GQWPO,25.1,25.796527832356876,-0.6965278323568747,Normal,No Offer Needed,False,Regular Customer,False
3755-JBMNH,71.8,71.8665413453267,-0.06654134532669786,Normal,No Offer Needed,False,Regular Customer,False
1757-TCATG,20.05,20.162898513588765,-0.1128985135887639,Normal,No Offer Needed,False,Regular Customer,False
6345-ULYRW,88.4,88.12751668589262,0.27248331410739013,Normal,No Offer Needed,False,Regular Customer,True
4776-XSKYQ,30.25,30.607651451830478,-0.35765145183047764,Normal,No Offer Needed,False,Regular Customer,False
8048-DSDFQ,20.2,20.6574406286805,-0.4574406286805015,Normal,No Offer Needed,False,Regular Customer,False
5753-QQWPW,59.9,59.785036582176744,0.11496341782325459,Normal,No Offer Needed,False,Regular Customer,False
6010-DDPPW,25.15,25.13489362391077,0.01510637608922849,Normal,No Offer Needed,False,Regular Customer,True
1809-DMJHQ,46.0,45.91342138661846,0.08657861338154049,Normal,No Offer Needed,False,Regular Customer,False
6693-FRIRW,101.3,101.09009948802908,0.20990051197091475,Normal,No Offer Needed,False,Regular Customer,True
6586-MYGKD,76.95,77.19050521274929,-0.24050521274928371,Normal,No Offer Needed,False,Regular Customer,True
3173-NVMPX,55.3,54.502943767216365,0.7970562327836319,High Drop,Loyalty Discount Offer,True,Outreach Customer,False
0248-PGHBZ,92.45,92.49712688304065,-0.04712688304064727,Normal,No Offer Needed,False,Regular Customer,True
0623-GDISB,48.45,48.58656444052377,-0.13656444052377026,Normal,No Offer Needed,False,Regular Customer,False
2892-GESUL,19.35,19.547553093110988,-0.19755309311098657,Normal,No Offer Needed,False,Regular Customer,False
6923-EFPNL,51.75,52.10485168599427,-0.3548516859942694,Normal,No Offer Needed,False,Regular Customer,False
7472-EQOAV,86.7,86.29293821419817,0.4070617858018295,Normal,No Offer Needed,False,Regular Customer,True
9574-RKJIF,94.4,94.149962163577,0.2500378364230045,Normal,No Offer Needed,False,Regular Customer,True
2043-WVTQJ,55.7,55.313048944257716,0.38695105574228705,Normal,No Offer Needed,False,Regular Customer,False
8034-RYTVV,84.25,84.16004606042475,0.08995393957525266,Normal,No Offer Needed,False,Regular Customer,True
3863-QSTYI,64.65,64.37895733470575,0.27104266529426013,Normal,No Offer Needed,False,Regular Customer,True
2619-WFQWU,70.15,70.0339545783667,0.11604542163330223,Normal,No Offer Needed,False,Regular Customer,False
5044-LRQAQ,69.2,69.029879160647,0.17012083935300382,Normal,No Offer Needed,False,Regular Customer,False
1716-LSAMB,54.65,54.64273237146249,0.0072676285375052885,Normal,No Offer Needed,False,Regular Customer,False
1333-PBMXB,24.75,24.419933705316684,0.3300662946833164,Normal,No Offer Needed,False,Regular Customer,True
6546-OPBBH,23.95,23.50023790052577,0.44976209947422774,High Drop,Personalized Retention Offer,True,Outreach Customer,True
5985-BEHZK,105.0,104.84685736342237,0.15314263657762694,Normal,No Offer Needed,False,Regular Customer,True
9127-QRZMH,59.85,59.49379827704155,0.35620172295845265,Normal,No Offer Needed,False,Regular Customer,False
5919-VCZYM,20.05,20.498356814971103,-0.4483568149711026,Normal,No Offer Needed,False,Regular Customer,False
9644-KVCNC,92.15,91.81080900904938,0.33919099095062677,Normal,No Offer Needed,False,Regular Customer,True
2137-DQMEV,44.8,44.282722844796076,0.5172771552039208,High Drop,Personalized Retention Offer,True,Outreach Customer,True
8174-LNWMW,20.9,21.621930694936548,-0.7219306949365496,Normal,No Offer Needed,False,Regular Customer,False
9279-CJEOJ,95.4,95.20961477534621,0.19038522465379515,Normal,No Offer Needed,False,Regular Customer,True
7964-VEXDG,80.35,80.35883764590217,-0.00883764590217595,Normal,No Offer Needed,False,Regular Customer,True
2404-JIBFC,85.1,84.77077285779221,0.3292271422077846,Normal,No Offer Needed,False,Regular Customer,True
0778-NELLA,34.7,35.497045462828645,-0.7970454628286419,Normal,No Offer Needed,False,Regular Customer,False
8029-XYPWT,115.05,115.00906485145546,0.04093514854453417,Normal,No Offer Needed,False,Regular Customer,True
4614-NUVZD,81.1,81.43271511697174,-0.33271511697174105,Normal,No Offer Needed,False,Regular Customer,True
4632-PAOYU,19.95,19.965026859901116,-0.015026859901116296,Normal,No Offer Needed,False,Regular Customer,False
3803-KMQFW,20.55,20.850926274388144,-0.3009262743881429,Normal,No Offer Needed,False,Regular Customer,False
6804-GDMOI,106.6,106.92031490675312,-0.3203149067531257,Normal,No Offer Needed,False,Regular Customer,True
2990-OGYTD,86.15,85.76122357454305,0.38877642545695323,Normal,No Offer Needed,False,Regular Customer,True
6646-JPPHA,78.85,78.80152689256877,0.0484731074312208,Normal,No Offer Needed,False,Regular Customer,False
9572-MTILT,106.75,106.50059667344618,0.2494033265538178,Normal,No Offer Needed,False,Regular Customer,True
7658-UYUQS,86.55,86.14910984823536,0.40089015176464216,Normal,No Offer Needed,False,Regular Customer,True
7880-XSOJX,42.4,42.476774213211776,-0.07677421321177746,Normal,No Offer Needed,False,Regular Customer,False
9611-CTWIH,89.45,89.65349126097992,-0.20349126097991643,Normal,No Offer Needed,False,Regular Customer,True
4589-IUAJB,24.25,24.197104768627593,0.052895231372406926,Normal,No Offer Needed,False,Regular Customer,True
0329-GTIAJ,97.9,97.7904299645437,0.10957003545630073,Normal,No Offer Needed,False,Regular Customer,True
8746-BFOAJ,20.5,20.990825743860853,-0.490825743860853,Normal,No Offer Needed,False,Regular Customer,False
8457-XIGKN,19.6,20.249281133153577,-0.6492811331535755,Normal,No Offer Needed,False,Regular Customer,False
6072-NUQCB,20.25,20.504783133645795,-0.25478313364579463,Normal,No Offer Needed,False,Regular Customer,False
6629-CZTTH,55.7,55.876681624016236,-0.17668162401623277,Normal,No Offer Needed,False,Regular Customer,False
8838-GPHZP,20.6,20.51801076400117,0.08198923599883301,Normal,No Offer Needed,False,Regular Customer,True
8750-QWZAJ,19.8,19.656684209573147,0.14331579042685405,Normal,No Offer Needed,False,Regular Customer,True
5364-EVNIB,79.8,79.6888758403429,0.11112415965709488,Normal,No Offer Needed,False,Regular Customer,False
6918-UMQCG,80.2,80.18796640800215,0.012033591997848703,Normal,No Offer Needed,False,Regular Customer,True
0675-NCDYU,116.4,116.44571830740415,-0.04571830740414384,Normal,No Offer Needed,False,Regular Customer,True
6339-DKLMK,31.65,32.021967322099584,-0.37196732209958583,Normal,No Offer Needed,False,Regular Customer,False
1346-PJWTK,94.15,94.0495126767056,0.10048732329440213,Normal,No Offer Needed,False,Regular Customer,True
5088-QZLRL,20.65,21.491176428645723,-0.8411764286457242,Normal,No Offer Needed,False,Regular Customer,False
8023-QHAIO,76.85,76.4769288211584,0.3730711788415988,Normal,No Offer Needed,False,Regular Customer,True
4397-FRLTA,20.15,20.491134017434565,-0.34113401743456606,Normal,No Offer Needed,False,Regular Customer,False
3057-VJJQE,55.25,55.1935759682602,0.056424031739801705,Normal,No Offer Needed,False,Regular Customer,False
5087-SUURX,39.05,39.293961360735715,-0.2439613607357174,Normal,No Offer Needed,False,Regular Customer,False
2302-OUZXB,82.15,81.85337883853252,0.29662116146748474,Normal,No Offer Needed,False,Regular Customer,True
8133-ANHHJ,103.0,102.69126426503367,0.30873573496633355,Normal,No Offer Needed,False,Regular Customer,True
2270-CHBFN,95.1,94.56742716376081,0.5325728362391828,High Drop,Premium Entertainment Bundle,True,Outreach Customer,True
0013-EXCHZ,83.9,83.4220542612095,0.4779457387905097,High Drop,Premium Entertainment Bundle,True,Outreach Customer,True
5982-FPVQN,95.15,94.6285964872585,0.5214035127415002,High Drop,Premium Entertainment Bundle,True,Outreach Customer,True
9107-UKCKY,79.8,79.41752737088535,0.38247262911464475,Normal,No Offer Needed,False,Regular Customer,True
4654-ULTTN,74.8,74.91611150876672,-0.11611150876672127,Normal,No Offer Needed,False,Regular Customer,True
5550-VFRLC,69.85,70.12960113342864,-0.2796011334286419,Normal,No Offer Needed,False,Regular Customer,False
5546-BYZSM,20.45,20.75745387283486,-0.30745387283485925,Normal,No Offer Needed,False,Regular Customer,False
1492-KGETH,78.35,77.77413319989022,0.5758668001097789,High Drop,Personalized Retention Offer,True,Outreach Customer,True
4929-BSTRX,53.55,53.446198357555375,0.10380164244462264,Normal,No Offer Needed,False,Regular Customer,False
4163-HFTUK,19.1,19.42036868283986,-0.32036868283985953,Normal,No Offer Needed,False,Regular Customer,True
8215-NGSPE,20.0,19.936038552298786,0.06396144770121381,Normal,No Offer Needed,False,Regular Customer,False
2225-ZRGSG,93.9,93.64870323943802,0.2512967605619849,Normal,No Offer Needed,False,Regular Customer,True
8859-YSTWS,19.95,20.150559637028287,-0.20055963702828805,Normal,No Offer Needed,False,Regular Customer,False
5271-YNWVR,113.15,113.34911735140689,-0.19911735140688336,Normal,No Offer Needed,False,Regular Customer,True
7601-DHFWZ,24.0,24.408485749320864,-0.4084857493208638,Normal,No Offer Needed,False,Regular Customer,False
2657-ALMWY,84.95,85.02692900062198,-0.07692900062197339,Normal,No Offer Needed,False,Regular Customer,True
6330-JKLPC,80.5,80.18698757446393,0.31301242553607267,Normal,No Offer Needed,False,Regular Customer,True
4667-OHGKG,19.3,19.90678884966354,-0.6067888496635376,Normal,No Offer Needed,False,Regular Customer,False
1998-VHJHK,19.15,19.256599888230358,-0.1065998882303596,Normal,No Offer Needed,False,Regular Customer,False
1707-HABPF,91.3,90.81532123760316,0.4846787623968396,High Drop,Premium Entertainment Bundle,True,Outreach Customer,True
1660-HSOOQ,49.65,49.51654234261333,0.13345765738667126,Normal,No Offer Needed,False,Regular Customer,False
7253-UVNDW,54.35,54.53896561849765,-0.18896561849764737,Normal,No Offer Needed,False,Regular Customer,False
0487-VVUVK,19.15,19.09612159614132,0.053878403858679036,Normal,No Offer Needed,False,Regular Customer,False
7228-OMTPN,88.45,88.76003680054733,-0.31003680054732285,Normal,No Offer Needed,False,Regular Customer,True
5063-IUOKK,19.75,20.326261702889955,-0.5762617028899548,Normal,No Offer Needed,False,Regular Customer,False
4508-OEBEY,75.5,75.30982479494106,0.19017520505893515,Normal,No Offer Needed,False,Regular Customer,False
0027-KWYKW,83.75,83.36102677872346,0.38897322127654377,Normal,No Offer Needed,False,Regular Customer,True
2308-STERM,19.4,19.77382433075962,-0.3738243307596214,Normal,No Offer Needed,False,Regular Customer,False
5982-XMDEX,26.5,26.53949251736546,-0.03949251736545989,Normal,No Offer Needed,False,Regular Customer,True
6284-AHOOQ,90.5,90.3331407633213,0.16685923667870384,Normal,No Offer Needed,False,Regular Customer,True
6051-PTVNS,19.15,19.129628629580573,0.020371370419425716,Normal,No Offer Needed,False,Regular Customer,True
2344-JMOGN,94.85,94.00382709261791,0.8461729073820834,High Drop,Premium Entertainment Bundle,True,Outreach Customer,True
3799-ISUZQ,69.95,69.92696285734401,0.023037142655994103,Normal,No Offer Needed,False,Regular Customer,False
2877-VDUER,40.9,40.54180877622413,0.35819122377586865,Normal,No Offer Needed,False,Regular Customer,False
9152-AMKAK,80.25,80.04077065336955,0.20922934663045112,Normal,No Offer Needed,False,Regular Customer,True
1794-HBQTJ,48.6,49.09241312406515,-0.4924131240651519,Normal,No Offer Needed,False,Regular Customer,False
9432-VOFYX,70.8,70.98627264801746,-0.18627264801746435,Normal,No Offer Needed,False,Regular Customer,False
8049-WJCLQ,60.2,59.51342328296569,0.6865767170343133,High Drop,Loyalty Discount Offer,True,Outreach Customer,False
6586-PSJOX,55.2,55.10699740276848,0.09300259723152493,Normal,No Offer Needed,False,Regular Customer,False
2460-FPSYH,55.8,56.24355149294371,-0.4435514929437119,Normal,No Offer Needed,False,Regular Customer,False
9705-ZJBCG,54.15,53.93017146483691,0.21982853516308865,Normal,No Offer Needed,False,Regular Customer,False
4818-DRBQT,80.15,79.85706776608725,0.2929322339127509,Normal,No Offer Needed,False,Regular Customer,True
1320-HTRDR,75.5,75.59342929877432,-0.09342929877432482,Normal,No Offer Needed,False,Regular Customer,False
6847-KJLTS,100.4,100.19693011855988,0.20306988144012905,Normal,No Offer Needed,False,Regular Customer,True
9670-BPNXF,62.55,62.43195442858444,0.11804557141555705,Normal,No Offer Needed,False,Regular Customer,False
3913-FCUUW,70.45,69.8175572804281,0.6324427195718982,High Drop,Personalized Retention Offer,True,Outreach Customer,True
3301-VKTGC,85.5,85.11671321372496,0.3832867862750362,Normal,No Offer Needed,False,Regular Customer,True
1493-AMTIE,20.2,21.029373665727835,-0.8293736657278359,Normal,No Offer Needed,False,Regular Customer,False
9555-SAHUZ,54.5,54.21179478148617,0.28820521851383063,Normal,No Offer Needed,False,Regular Customer,False
0816-TSPHQ,20.75,21.192064431420587,-0.4420644314205866,Normal,No Offer Needed,False,Regular Customer,False
9932-WBWIK,20.35,20.69461729026386,-0.3446172902638587,Normal,No Offer Needed,False,Regular Customer,False
4619-EVPHY,91.0,90.85238338937107,0.14761661062892983,Normal,No Offer Needed,False,Regular Customer,True
5286-YHCVC,104.8,104.71586230860021,0.0841376913997891,Normal,No Offer Needed,False,Regular Customer,True
6424-ELEYH,74.75,74.76352411413815,-0.013524114138149912,Normal,No Offer Needed,False,Regular Customer,False
4391-RESHN,104.05,103.58141450142243,0.4685854985775677,High Drop,Premium Entertainment Bundle,True,Outreach Customer,True
9115-YQHGA,51.1,51.15471641254283,-0.054716412542830994,Normal,No Offer Needed,False,Regular Customer,False
4462-CYWMH,89.8,89.63444044014058,0.1655595598594175,Normal,No Offer Needed,False,Regular Customer,True
8963-MQVYN,20.55,20.957628530508323,-0.4076285305083225,Normal,No Offer Needed,False,Regular Customer,False
2458-EOMRE,64.05,64.01142574453272,0.03857425546728166,Normal,No Offer Needed,False,Regular Customer,False
9334-GWGOW,74.85,74.74532425268276,0.10467574731723062,Normal,No Offer Needed,False,Regular Customer,False
6821-BUXUX,96.65,96.44443781779434,0.2055621822056679,Normal,No Offer Needed,False,Regular Customer,True
5028-HTLJB,20.05,20.675772203471357,-0.6257722034713566,Normal,No Offer Needed,False,Regular Customer,False
9801-GDWGV,103.45,103.25702245967084,0.19297754032916714,Normal,No Offer Needed,False,Regular Customer,True
6542-LWGXJ,25.0,25.29338058838901,-0.2933805883890095,Normal,No Offer Needed,False,Regular Customer,False
5567-GZKQY,20.3,20.793347106774778,-0.49334710677477744,Normal,No Offer Needed,False,Regular Customer,True
1222-LRYKO,26.35,26.47492558988017,-0.12492558988016711,Normal,No Offer Needed,False,Regular Customer,False
2320-JRSDE,19.9,20.573896173914367,-0.6738961739143683,Normal,No Offer Needed,False,Regular Customer,False
2087-QAREY,54.7,53.88320983599526,0.8167901640047432,High Drop,Loyalty Discount Offer,True,Outreach Customer,False
0601-WZHJF,46.35,47.057284713253836,-0.7072847132538342,Normal,No Offer Needed,False,Regular Customer,False
4423-JWZJN,90.25,90.15387692974268,0.09612307025732036,Normal,No Offer Needed,False,Regular Customer,True
5143-WMWOG,19.95,20.9596004789555,-1.0096004789555018,Normal,No Offer Needed,False,Regular Customer,False
6490-FGZAT,20.65,21.04568664989605,-0.39568664989605296,Normal,No Offer Needed,False,Regular Customer,False
5393-RXQSZ,79.6,80.05208032190204,-0.45208032190204506,Normal,No Offer Needed,False,Regular Customer,False
7452-FOLON,25.45,25.493648150719686,-0.04364815071968664,Normal,No Offer Needed,False,Regular Customer,False
2320-TZRRH,19.5,19.689466947716987,-0.18946694771698702,Normal,No Offer Needed,False,Regular Customer,False
0231-LXVAP,75.9,76.13577010343046,-0.23577010343045401,Normal,No Offer Needed,False,Regular Customer,False
9444-JTXHZ,76.2,76.19030449664548,0.009695503354521406,Normal,No Offer Needed,False,Regular Customer,False
4942-VZZOM,66.15,66.07153439787227,0.07846560212773568,Normal,No Offer Needed,False,Regular Customer,True
5510-BOIUJ,19.25,19.774690768170213,-0.5246907681702133,Normal,No Offer Needed,False,Regular Customer,False
7502-BNYGS,69.1,68.94314072624267,0.15685927375731978,Normal,No Offer Needed,False,Regular Customer,False
4291-HYEBC,39.1,39.27828073607744,-0.17828073607743988,Normal,No Offer Needed,False,Regular Customer,False
6147-CBCRA,20.05,19.94595589011863,0.10404410988137158,Normal,No Offer Needed,False,Regular Customer,False
6047-SUHPR,59.8,59.40323139766933,0.3967686023306669,Normal,No Offer Needed,False,Regular Customer,False
4471-KXAUH,84.3,84.03396516562155,0.2660348343784449,Normal,No Offer Needed,False,Regular Customer,True
9752-ZNQUT,48.6,48.6399533011015,-0.039953301101498084,Normal,No Offer Needed,False,Regular Customer,False
7638-QVMVY,79.0,79.13935527303337,-0.1393552730333738,Normal,No Offer Needed,False,Regular Customer,False
1576-PFZIW,105.35,105.72136557971952,-0.371365579719523,Normal,No Offer Needed,False,Regular Customer,True
5666-MBJPT,25.1,25.22203870033394,-0.12203870033393827,Normal,No Offer Needed,False,Regular Customer,True
7312-XSBAT,49.75,50.13707255281589,-0.38707255281588715,Normal,No Offer Needed,False,Regular Customer,False
3096-GKWEB,94.75,94.64993407763801,0.10006592236199197,Normal,No Offer Needed,False,Regular Customer,True
2371-JQHZZ,93.0,92.9434262962157,0.05657370378429505,Normal,No Offer Needed,False,Regular Customer,True
0674-GCDXG,71.9,71.9038408252433,-0.003840825243287327,Normal,No Offer Needed,False,Regular Customer,True
1121-QSIVB,77.55,76.89583482157332,0.6541651784266804,High Drop,Online Security Add-on,True,Outreach Customer,False
4396-KLSEH,19.85,20.640936417666637,-0.7909364176666358,Normal,No Offer Needed,False,Regular Customer,False
3244-DCJWY,70.25,70.52092201734384,-0.27092201734383536,Normal,No Offer Needed,False,Regular Customer,False
2824-MYYBN,95.25,95.0128397418807,0.23716025811930308,Normal,No Offer Needed,False,Regular Customer,True
0875-CABNR,84.6,84.76869464407153,-0.168694644071536,Normal,No Offer Needed,False,Regular Customer,True
6345-HOVES,25.05,25.370960659881973,-0.32096065988197253,Normal,No Offer Needed,False,Regular Customer,False
8318-LCNBW,53.15,53.503339203246554,-0.35333920324655566,Normal,No Offer Needed,False,Regular Customer,False
6469-QJKZW,20.15,20.75333032676942,-0.6033303267694201,Normal,No Offer Needed,False,Regular Customer,False
0147-ESWWR,101.25,101.1020826608144,0.14791733918559657,Normal,No Offer Needed,False,Regular Customer,True
1217-VASWC,100.55,100.181207009022,0.3687929909779939,Normal,No Offer Needed,False,Regular Customer,True
7812-FZHPE,24.1,24.076246439959608,0.02375356004039375,Normal,No Offer Needed,False,Regular Customer,False
6370-ZVHDV,25.3,25.254203112021834,0.04579688797816672,Normal,No Offer Needed,False,Regular Customer,True
5915-DGNVC,71.8,71.42926401828794,0.370735981712059,Normal,No Offer Needed,False,Regular Customer,False
6260-XLACS,19.7,20.156130520171573,-0.4561305201715733,Normal,No Offer Needed,False,Regular Customer,False
3566-CAAYU,49.85,49.7982982689445,0.05170173105550191,Normal,No Offer Needed,False,Regular Customer,True
4983-CCWMC,69.6,69.41048700897645,0.18951299102354824,Normal,No Offer Needed,False,Regular Customer,False
9103-CXVOK,19.75,20.368835713227078,-0.6188357132270781,Normal,No Offer Needed,False,Regular Customer,False
2896-TBNBE,80.8,80.47823109152232,0.32176890847767936,Normal,No Offer Needed,False,Regular Customer,True
4797-AXPXK,60.0,59.99617038175605,0.0038296182439481186,Normal,No Offer Needed,False,Regular Customer,False
5229-PRWKT,86.55,86.80072469493177,-0.25072469493177607,Normal,No Offer Needed,False,Regular Customer,True
6982-UQZLY,20.85,21.235701856658466,-0.38570185665846424,Normal,No Offer Needed,False,Regular Customer,False
2522-WLNSF,64.2,63.644063900510375,0.5559360994896281,High Drop,Online Security Add-on,True,Outreach Customer,False
3841-CONLJ,35.0,35.68555921522412,-0.6855592152241172,Normal,No Offer Needed,False,Regular Customer,False
5057-LCOUI,50.75,51.13770234895289,-0.38770234895289235,Normal,No Offer Needed,False,Regular Customer,False
0193-ESZXP,105.5,105.74069603879131,-0.24069603879131307,Normal,No Offer Needed,False,Regular Customer,True
4475-NVTLU,19.2,19.585143212126464,-0.3851432121264651,Normal,No Offer Needed,False,Regular Customer,False
4369-HTUIF,85.15,85.24558788970364,-0.09558788970363707,Normal,No Offer Needed,False,Regular Customer,True
9386-LDCZR,90.65,90.4968955356201,0.15310446437990777,Normal,No Offer Needed,False,Regular Customer,True
9585-KKMFD,20.0,20.024896003737886,-0.024896003737886474,Normal,No Offer Needed,False,Regular Customer,False
5399-ZIMKF,74.65,74.62605908463986,0.023940915360142867,Normal,No Offer Needed,False,Regular Customer,False
0336-KXKFK,61.2,61.70171828737682,-0.5017182873768178,Normal,No Offer Needed,False,Regular Customer,True
5619-XZZKR,19.95,20.393173344724538,-0.4431733447245385,Normal,No Offer Needed,False,Regular Customer,False
3948-FVVRP,54.8,54.16466615619115,0.6353338438088443,High Drop,Loyalty Discount Offer,True,Outreach Customer,False
5327-XOKKY,73.45,73.49929021341856,-0.04929021341855844,Normal,No Offer Needed,False,Regular Customer,True
0983-TATYJ,51.45,50.95659938289171,0.49340061710829275,High Drop,Online Security Add-on,True,Outreach Customer,False
1813-JYWTO,80.45,80.51017277878678,-0.060172778786778736,Normal,No Offer Needed,False,Regular Customer,True
0156-FVPTA,54.2,54.40548476237411,-0.2054847623741054,Normal,No Offer Needed,False,Regular Customer,False
1984-FCOWB,109.5,109.38577381420245,0.1142261857975484,Normal,No Offer Needed,False,Regular Customer,True
0654-HMSHN,104.4,103.95613351415457,0.4438664858454331,High Drop,Premium Entertainment Bundle,True,Outreach Customer,True
6719-OXYBR,85.3,85.14578040195431,0.1542195980456853,Normal,No Offer Needed,False,Regular Customer,True
3312-ZWLGF,79.3,79.16108264842727,0.13891735157272933,Normal,No Offer Needed,False,Regular Customer,False
6476-YHMGA,76.5,75.76843754851583,0.7315624514841659,High Drop,Loyalty Discount Offer,True,Outreach Customer,False
5287-QWLKY,105.1,105.3325329558048,-0.2325329558047997,Normal,No Offer Needed,False,Regular Customer,True
0795-XCCTE,25.4,25.455980857758664,-0.05598085775866579,Normal,No Offer Needed,False,Regular Customer,True
0168-XZKBB,86.85,86.53545405911701,0.3145459408829794,Normal,No Offer Needed,False,Regular Customer,True
3785-NRHYR,19.65,20.11251891855635,-0.4625189185563521,Normal,No Offer Needed,False,Regular Customer,False
5196-SGOAK,75.7,75.7389531128504,-0.03895311285039327,Normal,No Offer Needed,False,Regular Customer,False
4537-DKTAL,45.55,45.81367668664513,-0.2636766866451339,Normal,No Offer Needed,False,Regular Customer,False
7072-MBHEV,78.1,77.63065758963974,0.46934241036025526,High Drop,Premium Entertainment Bundle,True,Outreach Customer,False
5602-BVFMK,19.3,19.576559340081122,-0.27655934008112126,Normal,No Offer Needed,False,Regular Customer,False
6297-NOOPG,110.5,110.45768556598198,0.04231443401802437,Normal,No Offer Needed,False,Regular Customer,True
1891-UAWWU,90.8,90.4992589214721,0.3007410785278921,Normal,No Offer Needed,False,Regular Customer,True
8204-TIFGJ,20.3,20.64132941549035,-0.3413294154903497,Normal,No Offer Needed,False,Regular Customer,False
8050-DVOJX,81.35,81.42904648158752,-0.07904648158752536,Normal,No Offer Needed,False,Regular Customer,True
6108-OQZDQ,97.95,97.54695935197151,0.4030406480284938,Normal,No Offer Needed,False,Regular Customer,True
0363-QJVFX,108.15,108.22970959767756,-0.07970959767754948,Normal,No Offer Needed,False,Regular Customer,True
8903-XEBGX,55.3,55.59891196702252,-0.2989119670225193,Normal,No Offer Needed,False,Regular Customer,False
8169-SAEJD,56.55,57.036784359592986,-0.4867843595929884,Normal,No Offer Needed,False,Regular Customer,True
9840-DVNDC,80.5,80.75056621556732,-0.25056621556731784,Normal,No Offer Needed,False,Regular Customer,True
1089-XZWHH,19.7,19.820957321112232,-0.12095732111223256,Normal,No Offer Needed,False,Regular Customer,False
2325-WINES,104.05,103.73047448003486,0.3195255199651399,Normal,No Offer Needed,False,Regular Customer,True
6064-ZATLR,52.85,52.941876506489535,-0.09187650648953394,Normal,No Offer Needed,False,Regular Customer,False
3096-JRDSO,104.3,104.1514893703844,0.14851062961560046,Normal,No Offer Needed,False,Regular Customer,True
7824-PANSQ,80.65,80.55167350923408,0.09832649076592759,Normal,No Offer Needed,False,Regular Customer,True
8042-JVNFH,71.35,71.30746751644305,0.04253248355693984,Normal,No Offer Needed,False,Regular Customer,False
9648-BCHKM,24.65,25.107957710927106,-0.4579577109271078,Normal,No Offer Needed,False,Regular Customer,False
2888-ADFAO,21.3,21.401679592342212,-0.10167959234221158,Normal,No Offer Needed,False,Regular Customer,False
8707-HOEDG,110.2,110.04373967710222,0.15626032289777925,Normal,No Offer Needed,False,Regular Customer,True
3374-LXDEV,89.4,88.97148293139607,0.4285170686039379,High Drop,Premium Entertainment Bundle,True,Outreach Customer,True
4072-IPYLT,51.05,50.989160540150934,0.06083945984906336,Normal,No Offer Needed,False,Regular Customer,False
7167-PCEYD,19.8,19.75162368661471,0.04837631338529036,Normal,No Offer Needed,False,Regular Customer,True
4936-YPJNK,19.9,20.155285145183175,-0.25528514518317635,Normal,No Offer Needed,False,Regular Customer,False
1580-BMCMR,87.3,87.62923884042236,-0.32923884042236295,Normal,No Offer Needed,False,Regular Customer,True
4817-KEQSP,19.85,19.679711026319367,0.17028897368063411,Normal,No Offer Needed,False,Regular Customer,True
6408-WHTEF,89.4,88.80910251078114,0.590897489218861,High Drop,Personalized Retention Offer,True,Outreach Customer,True
9251-AWQGT,20.0,19.86605885418088,0.13394114581911865,Normal,No Offer Needed,False,Regular Customer,False
8749-CLJXC,20.05,20.508825616828464,-0.458825616828463,Normal,No Offer Needed,False,Regular Customer,False
7989-VCQOH,83.25,82.99987415992635,0.25012584007365035,Normal,No Offer Needed,False,Regular Customer,True
5049-GLYVG,20.6,21.215708099238586,-0.615708099238585,Normal,No Offer Needed,False,Regular Customer,False
4199-QHJNM,102.9,102.9700834784524,-0.07008347845238916,Normal,No Offer Needed,False,Regular Customer,True
8882-TLVRW,39.1,38.768228875016206,0.3317711249837956,Normal,No Offer Needed,False,Regular Customer,True
5883-GTGVD,99.95,99.94422091248231,0.0057790875176948475,Normal,No Offer Needed,False,Regular Customer,True
5135-GRQJV,114.5,114.28542309988858,0.2145769001114246,Normal,No Offer Needed,False,Regular Customer,True
2384-OVPSA,20.2,20.41015483636338,-0.21015483636337962,Normal,No Offer Needed,False,Regular Customer,False
1371-WEPDS,55.8,55.99831873519952,-0.19831873519952126,Normal,No Offer Needed,False,Regular Customer,False
3580-GICBM,24.2,23.785861317481178,0.41413868251882135,Normal,No Offer Needed,False,Regular Customer,True
4817-QRJSX,81.0,80.91857607941648,0.08142392058351788,Normal,No Offer Needed,False,Regular Customer,True
9730-DRTMJ,72.8,72.64103209952883,0.15896790047116838,Normal,No Offer Needed,False,Regular Customer,False
4686-UXDML,99.85,99.6192623408291,0.23073765917089872,Normal,No Offer Needed,False,Regular Customer,True
3349-ANQNH,99.5,99.48682814157341,0.013171858426588301,Normal,No Offer Needed,False,Regular Customer,True
2398-YPMUR,70.15,70.29682479399945,-0.1468247939994427,Normal,No Offer Needed,False,Regular Customer,False
0932-YIXYU,20.25,20.805881415175183,-0.5558814151751825,Normal,No Offer Needed,False,Regular Customer,False
7480-SPLEF,26.0,25.83694123878259,0.16305876121741036,Normal,No Offer Needed,False,Regular Customer,True
7636-XUHWW,19.9,20.753096447172982,-0.8530964471729838,Normal,No Offer Needed,False,Regular Customer,False
1431-CYWMH,19.05,19.20518171410504,-0.15518171410504067,Normal,No Offer Needed,False,Regular Customer,False
5937-EORGB,96.5,96.07487299126268,0.42512700873732,High Drop,Premium Entertainment Bundle,True,Outreach Customer,True
6349-JDHQP,19.85,20.32204629255884,-0.47204629255884,Normal,No Offer Needed,False,Regular Customer,True
5539-HIVAK,25.7,25.508620736963127,0.1913792630368718,Normal,No Offer Needed,False,Regular Customer,False
5847-MXBEO,20.3,20.55125761147481,-0.2512576114748093,Normal,No Offer Needed,False,Regular Customer,False
9985-MWVIX,70.15,70.0339545783667,0.11604542163330223,Normal,No Offer Needed,False,Regular Customer,False
4583-PARNH,91.55,91.39489067466779,0.15510932533220512,Normal,No Offer Needed,False,Regular Customer,True
1116-FRYVH,39.4,39.15355709823287,0.24644290176713213,Normal,No Offer Needed,False,Regular Customer,False
1421-HCERK,105.7,104.93441268826923,0.7655873117307692,High Drop,Premium Entertainment Bundle,True,Outreach Customer,True
9633-XQABV,70.25,70.3624081465012,-0.11240814650119546,Normal,No Offer Needed,False,Regular Customer,False
0716-BQNDX,93.75,94.35834237874786,-0.6083423787478637,Normal,No Offer Needed,False,Regular Customer,True
1265-XTECC,96.55,96.79452414627127,-0.2445241462712744,Normal,No Offer Needed,False,Regular Customer,True
1183-CANVH,60.0,59.68899310502772,0.3110068949722802,Normal,No Offer Needed,False,Regular Customer,False
1972-XMUWV,59.8,59.774817128908815,0.025182871091182335,Normal,No Offer Needed,False,Regular Customer,True
8679-LZBMD,90.65,90.66965028187632,-0.01965028187630935,Normal,No Offer Needed,False,Regular Customer,True
3407-JMJQQ,109.0,108.8149427188884,0.1850572811115967,Normal,No Offer Needed,False,Regular Customer,True
6252-DFGTK,68.1,67.7261981935758,0.373801806424197,Normal,No Offer Needed,False,Regular Customer,False
1539-LNKHM,20.4,20.65521414075531,-0.2552141407553101,Normal,No Offer Needed,False,Regular Customer,False
8645-KOMJQ,81.95,81.47013764409786,0.4798623559021422,High Drop,Online Security Add-on,True,Outreach Customer,True
0289-IVARM,60.55,60.257224430899484,0.29277556910051317,Normal,No Offer Needed,False,Regular Customer,False
9761-XUJWD,65.6,65.50234827619974,0.09765172380025433,Normal,No Offer Needed,False,Regular Customer,False
4057-FKCZK,82.5,82.41757998355641,0.0824200164435922,Normal,No Offer Needed,False,Regular Customer,True
4291-TPNFG,82.3,82.07972752096471,0.22027247903528746,Normal,No Offer Needed,False,Regular Customer,True
6087-YPWHO,68.15,67.44112623116563,0.7088737688343798,High Drop,Personalized Retention Offer,True,Outreach Customer,True
3090-QFUVD,20.3,21.09809210434393,-0.7980921043439295,Normal,No Offer Needed,False,Regular Customer,False
2237-ZFSMY,95.55,95.53833562641688,0.011664373583116117,Normal,No Offer Needed,False,Regular Customer,True
1722-LDZJS,20.2,20.299880707391427,-0.09988070739142785,Normal,No Offer Needed,False,Regular Customer,True
1818-ESQMW,89.2,89.11649836035006,0.0835016396499384,Normal,No Offer Needed,False,Regular Customer,True
4871-JTKJF,69.65,69.93144778429259,-0.2814477842925811,Normal,No Offer Needed,False,Regular Customer,False
1415-YFWLT,89.3,89.5082202349156,-0.2082202349156006,Normal,No Offer Needed,False,Regular Customer,True
7401-RUBNK,74.8,74.86227008611237,-0.0622700861123775,Normal,No Offer Needed,False,Regular Customer,False
0506-YLVKJ,20.2,20.15451309224258,0.04548690775741804,Normal,No Offer Needed,False,Regular Customer,False
8661-BOYNW,84.4,84.4232071393223,-0.023207139322295234,Normal,No Offer Needed,False,Regular Customer,True
6711-VTNRE,87.55,87.65463897205038,-0.10463897205038108,Normal,No Offer Needed,False,Regular Customer,True
4815-GBTCD,25.15,25.71366725944129,-0.5636672594412921,Normal,No Offer Needed,False,Regular Customer,False
2805-AUFQN,19.8,20.57841945006416,-0.7784194500641597,Normal,No Offer Needed,False,Regular Customer,False
0980-PVMRC,50.85,50.856590381080444,-0.006590381080442853,Normal,No Offer Needed,False,Regular Customer,False
7233-DRTRF,102.4,102.16831016481567,0.2316898351843406,Normal,No Offer Needed,False,Regular Customer,True
3500-RMZLT,96.3,95.97834243936987,0.32165756063012907,Normal,No Offer Needed,False,Regular Customer,True
3873-NFTGI,55.5,55.42282644519572,0.07717355480428267,Normal,No Offer Needed,False,Regular Customer,False
1162-ECVII,109.75,109.65528623981771,0.09471376018228739,Normal,No Offer Needed,False,Regular Customer,True
7048-GXDAY,106.4,106.38625647618487,0.013743523815136882,Normal,No Offer Needed,False,Regular Customer,True
8571-ZCMCX,60.0,60.12001844196607,-0.12001844196606726,Normal,No Offer Needed,False,Regular Customer,False
1169-WCVAK,88.8,88.48808042866513,0.3119195713348688,Normal,No Offer Needed,False,Regular Customer,True
4548-SDBKE,85.2,85.17171384101705,0.028286158982950838,Normal,No Offer Needed,False,Regular Customer,True
8066-POXGX,35.1,35.9569526178586,-0.856952617858596,Normal,No Offer Needed,False,Regular Customer,False
7129-CAKJW,80.05,79.62441466782894,0.4255853321710532,High Drop,Premium Entertainment Bundle,True,Outreach Customer,True
8695-ARGXZ,75.55,75.43986678836839,0.11013321163160583,Normal,No Offer Needed,False,Regular Customer,False
3570-YUEKJ,49.55,49.38688732960176,0.16311267039823463,Normal,No Offer Needed,False,Regular Customer,False
4143-OOBWZ,81.3,81.12560475095569,0.17439524904430925,Normal,No Offer Needed,False,Regular Customer,True
1555-HAPSU,23.9,23.82934581682585,0.07065418317414895,Normal,No Offer Needed,False,Regular Customer,True
1697-NVVGY,66.4,66.08137444741024,0.318625552589765,Normal,No Offer Needed,False,Regular Customer,False
7854-EKTJL,19.6,20.391998612472978,-0.7919986124729768,Normal,No Offer Needed,False,Regular Customer,False
8464-EETCQ,18.8,19.314888754920705,-0.5148887549207046,Normal,No Offer Needed,False,Regular Customer,True
2419-FSORS,108.4,108.42454906915873,-0.02454906915872357,Normal,No Offer Needed,False,Regular Customer,True
8132-YPVBX,85.95,85.52146576518425,0.42853423481575703,High Drop,Premium Entertainment Bundle,True,Outreach Customer,True
9102-IAYHT,85.45,85.42941853089768,0.020581469102324945,Normal,No Offer Needed,False,Regular Customer,True
6754-LZUKA,80.9,80.6016073065647,0.2983926934353036,Normal,No Offer Needed,False,Regular Customer,True
3422-LYEPQ,71.0,71.11793927555766,-0.11793927555766004,Normal,No Offer Needed,False,Regular Customer,False
8099-MZPUJ,111.8,111.69993264635077,0.10006735364922292,Normal,No Offer Needed,False,Regular Customer,True
0787-LHDYT,20.6,21.295530558699287,-0.6955305586992857,Normal,No Offer Needed,False,Regular Customer,False
2642-DTVCO,85.05,85.32526247844632,-0.27526247844632223,Normal,No Offer Needed,False,Regular Customer,True
0374-IOEGQ,44.6,44.86552553671236,-0.2655255367123601,Normal,No Offer Needed,False,Regular Customer,False
4361-JEIVL,44.4,44.80345202884129,-0.4034520288412935,Normal,No Offer Needed,False,Regular Customer,False
3197-NNYNB,105.1,105.28447744250674,-0.18447744250674702,Normal,No Offer Needed,False,Regular Customer,True
3396-DKDEL,115.15,115.17549789581662,-0.025497895816613436,Normal,No Offer Needed,False,Regular Customer,True
1752-OZXFY,59.8,59.368391614612655,0.43160838538734225,High Drop,Personalized Retention Offer,True,Outreach Customer,True
9066-QRSDU,26.3,26.076179186256283,0.22382081374371765,Normal,No Offer Needed,False,Regular Customer,True
9112-WSNPU,70.55,70.66332441506292,-0.11332441506291957,Normal,No Offer Needed,False,Regular Customer,False
9867-NNXLC,20.05,20.17801819303697,-0.1280181930369686,Normal,No Offer Needed,False,Regular Customer,False
5321-NTRKC,79.85,79.44611683184374,0.4038831681562556,Normal,No Offer Needed,False,Regular Customer,True
1363-TXLSL,70.3,70.5328705923384,-0.23287059233840068,Normal,No Offer Needed,False,Regular Customer,False
9507-EXLTT,79.35,79.19896695267958,0.15103304732041067,Normal,No Offer Needed,False,Regular Customer,False
3161-GETRM,90.05,89.83410923787986,0.21589076212013936,Normal,No Offer Needed,False,Regular Customer,True
0402-OAMEN,24.45,24.173310870941492,0.2766891290585072,Normal,No Offer Needed,False,Regular Customer,True
6933-VLYFX,59.95,60.07345545744433,-0.1234554574443294,Normal,No Offer Needed,False,Regular Customer,False
6754-WKSHP,25.35,25.482125808409442,-0.132125808409441,Normal,No Offer Needed,False,Regular Customer,False
9846-GKXAS,90.8,90.86351123353016,-0.06351123353016419,Normal,No Offer Needed,False,Regular Customer,True
6017-PPLPX,70.45,70.58135192172585,-0.13135192172585164,Normal,No Offer Needed,False,Regular Customer,False
4976-LNFVV,34.3,34.391739463781896,-0.09173946378189868,Normal,No Offer Needed,False,Regular Customer,False
5055-MGMGF,105.05,105.03088353647438,0.01911646352562002,Normal,No Offer Needed,False,Regular Customer,True
4641-FROLU,19.3,19.377067369745074,-0.07706736974507322,Normal,No Offer Needed,False,Regular Customer,False
2862-JVEOY,19.15,19.58212167613752,-0.43212167613751973,Normal,No Offer Needed,False,Regular Customer,False
2969-QWUBZ,51.4,51.820277594571685,-0.42027759457168656,Normal,No Offer Needed,False,Regular Customer,False
9822-BIIGN,71.85,71.7737475596826,0.07625244031738987,Normal,No Offer Needed,False,Regular Customer,True
2077-MPJQO,75.4,75.30033941763583,0.09966058236418007,Normal,No Offer Needed,False,Regular Customer,False
1534-OULXE,49.7,49.31696801217081,0.3830319878291917,Normal,No Offer Needed,False,Regular Customer,True
7136-RVDTZ,45.25,45.79545379940721,-0.5454537994072126,Normal,No Offer Needed,False,Regular Customer,True
2971-SGAFL,78.75,78.55068789902512,0.19931210097487906,Normal,No Offer Needed,False,Regular Customer,False
1480-IVEVR,81.6,81.15870147560781,0.441298524392181,High Drop,Premium Entertainment Bundle,True,Outreach Customer,True
2905-KFQUV,70.4,70.42140683224982,-0.021406832249809327,Normal,No Offer Needed,False,Regular Customer,False
4581-SSPWD,75.8,75.89608522200548,-0.09608522200548464,Normal,No Offer Needed,False,Regular Customer,False
3370-HXOPH,76.1,76.05462675262204,0.04537324737795245,Normal,No Offer Needed,False,Regular Customer,False
9391-YZEJW,94.0,94.00654042959796,-0.006540429597961861,Normal,No Offer Needed,False,Regular Customer,True
9958-MEKUC,103.95,104.05353916950963,-0.10353916950963082,Normal,No Offer Needed,False,Regular Customer,True
0281-CNTZX,19.95,20.0488202033199,-0.09882020331989949,Normal,No Offer Needed,False,Regular Customer,True
6927-WTFIV,71.3,71.70069461998686,-0.40069461998686506,Normal,No Offer Needed,False,Regular Customer,False
4118-CEVPF,110.8,110.2730989918566,0.5269010081433976,High Drop,Premium Entertainment Bundle,True,Outreach Customer,True
3398-ZOUAA,69.1,69.33807773535376,-0.23807773535376953,Normal,No Offer Needed,False,Regular Customer,False
9114-VEPUF,96.1,96.21691598423371,-0.11691598423371374,Normal,No Offer Needed,False,Regular Customer,True
7876-BEUTG,48.8,48.431564241107495,0.36843575889250246,Normal,No Offer Needed,False,Regular Customer,False
2338-BQEZT,50.55,50.630184172198284,-0.08018417219828677,Normal,No Offer Needed,False,Regular Customer,True
9873-MNDKV,44.65,44.458452139356844,0.19154786064315488,Normal,No Offer Needed,False,Regular Customer,False
0378-NHQXU,88.25,87.80605453103719,0.4439454689628093,High Drop,Premium Entertainment Bundle,True,Outreach Customer,True
8241-JUIQO,19.45,19.442585122454737,0.007414877545262044,Normal,No Offer Needed,False,Regular Customer,True
2194-IIQOF,89.3,89.1939187342494,0.10608126575060339,Normal,No Offer Needed,False,Regular Customer,True
4512-ZUIYL,70.0,70.13959052253372,-0.13959052253372306,Normal,No Offer Needed,False,Regular Customer,False
9631-RXVJM,19.25,19.582268299640926,-0.3322682996409263,Normal,No Offer Needed,False,Regular Customer,False
9584-EXCDZ,70.5,70.45959653822156,0.04040346177843901,Normal,No Offer Needed,False,Regular Customer,False
7969-AULMZ,97.35,97.47532989937882,-0.12532989937882633,Normal,No Offer Needed,False,Regular Customer,True
5093-FEGLU,19.65,19.86598406089469,-0.2159840608946908,Normal,No Offer Needed,False,Regular Customer,False
2621-UDNLU,20.85,21.069989812327503,-0.21998981232750126,Normal,No Offer Needed,False,Regular Customer,False
7526-IVLYU,19.65,20.071385136162437,-0.42138513616243856,Normal,No Offer Needed,False,Regular Customer,False
2428-HYUNX,19.35,19.86279713013803,-0.5127971301380292,Normal,No Offer Needed,False,Regular Customer,False
9214-EKVXR,44.0,43.876183175014084,0.12381682498591573,Normal,No Offer Needed,False,Regular Customer,False
3410-MHHUM,94.4,93.98137623962928,0.41862376037072124,High Drop,Premium Entertainment Bundle,True,Outreach Customer,True
0568-ONFPC,25.9,26.278770583844878,-0.3787705838448794,Normal,No Offer Needed,False,Regular Customer,False
0733-VUNUW,55.65,55.772467193616656,-0.12246719361665726,Normal,No Offer Needed,False,Regular Customer,False
4550-EVXNY,69.65,69.82297974553566,-0.1729797455356561,Normal,No Offer Needed,False,Regular Customer,False
2122-YWVYA,75.4,75.55053281939956,-0.1505328193995581,Normal,No Offer Needed,False,Regular Customer,False
2968-SSGAA,100.6,100.43269512650913,0.16730487349086332,Normal,No Offer Needed,False,Regular Customer,True
2296-DKZFP,71.0,70.78635205868802,0.21364794131197584,Normal,No Offer Needed,False,Regular Customer,True
4844-JJWUY,86.0,86.11081031671107,-0.110810316711067,Normal,No Offer Needed,False,Regular Customer,True
6777-TGHTM,106.95,107.20179570148562,-0.25179570148561936,Normal,No Offer Needed,False,Regular Customer,True
8909-BOLNL,21.2,21.64322207366323,-0.4432220736632324,Normal,No Offer Needed,False,Regular Customer,False
6603-YRDCJ,61.05,60.72162697398347,0.3283730260165285,Normal,No Offer Needed,False,Regular Customer,False
3538-WZPHD,29.6,30.324631124966608,-0.7246311249666064,Normal,No Offer Needed,False,Regular Customer,False
3229-USWAR,79.95,79.71174103156198,0.23825896843801786,Normal,No Offer Needed,False,Regular Customer,False
2138-VFAPZ,19.7,19.92481222912852,-0.2248122291285206,Normal,No Offer Needed,False,Regular Customer,False
6131-JLWZM,20.3,20.5218089353795,-0.22180893537949942,Normal,No Offer Needed,False,Regular Customer,False
4785-QRJHC,59.9,59.84135743721292,0.058642562787078134,Normal,No Offer Needed,False,Regular Customer,False
0269-XFESX,24.35,24.20118365405891,0.14881634594109272,Normal,No Offer Needed,False,Regular Customer,False
1709-EJDOX,19.75,19.636504859107223,0.1134951408927769,Normal,No Offer Needed,False,Regular Customer,False
4316-XCSLJ,50.3,50.09492957779341,0.2050704222065889,Normal,No Offer Needed,False,Regular Customer,False
8610-WFCJF,95.6,95.65168683215025,-0.051686832150252826,Normal,No Offer Needed,False,Regular Customer,True
9693-XMUOB,50.25,50.36974722976174,-0.11974722976174235,Normal,No Offer Needed,False,Regular Customer,True
0383-CLDDA,85.35,85.49480210419898,-0.14480210419898754,Normal,No Offer Needed,False,Regular Customer,True
4905-JEFDW,41.6,42.11525954036696,-0.5152595403669551,Normal,No Offer Needed,False,Regular Customer,False
2709-UQGNP,51.65,51.57396017493734,0.07603982506265794,Normal,No Offer Needed,False,Regular Customer,False
3549-ZTMNH,24.0,24.402174862566895,-0.40217486256689483,Normal,No Offer Needed,False,Regular Customer,False
7881-INRLC,100.85,101.0759000705971,-0.22590007059710615,Normal,No Offer Needed,False,Regular Customer,True
8033-ATFAS,59.85,58.99711703441184,0.852882965588158,High Drop,Loyalty Discount Offer,True,Outreach Customer,False
1635-NZATJ,25.45,25.584711968862702,-0.1347119688627032,Normal,No Offer Needed,False,Regular Customer,True
0562-HKHML,23.9,23.90601342888689,-0.006013428886891603,Normal,No Offer Needed,False,Regular Customer,True
8277-RVRSV,24.15,24.247500529697056,-0.09750052969705791,Normal,No Offer Needed,False,Regular Customer,False
9943-VSZUV,75.7,75.38556790868391,0.3144320913160925,Normal,No Offer Needed,False,Regular Customer,True
0117-LFRMW,40.2,40.096389413324964,0.10361058667503897,Normal,No Offer Needed,False,Regular Customer,False
6172-FECYY,84.5,84.48715932623666,0.01284067376333553,Normal,No Offer Needed,False,Regular Customer,True
7054-ENNGU,50.85,50.3413954832872,0.5086045167128006,High Drop,Loyalty Discount Offer,True,Outreach Customer,False
1455-HFBXA,91.6,91.61125165713892,-0.01125165713892784,Normal,No Offer Needed,False,Regular Customer,True
9402-CXWPL,98.9,98.96507017719388,-0.0650701771938742,Normal,No Offer Needed,False,Regular Customer,True
1628-BIZYP,85.0,85.03768982764791,-0.037689827647909624,Normal,No Offer Needed,False,Regular Customer,True
1965-AKTSX,78.95,78.8540469101413,0.09595308985869622,Normal,No Offer Needed,False,Regular Customer,False
0082-LDZUE,44.3,44.2580060419782,0.041993958021798505,Normal,No Offer Needed,False,Regular Customer,False
4786-UKSNZ,20.2,20.819401400966473,-0.6194014009664741,Normal,No Offer Needed,False,Regular Customer,False
5343-SGUBI,80.2,79.65743450726663,0.5425654927333738,High Drop,Premium Entertainment Bundle,True,Outreach Customer,True
0856-NAOES,60.9,60.46677558022651,0.433224419773488,High Drop,Loyalty Discount Offer,True,Outreach Customer,False
1976-AZZPJ,34.2,34.272265976144084,-0.07226597614408092,Normal,No Offer Needed,False,Regular Customer,False
7248-VZQLC,85.2,84.79139195091267,0.4086080490873343,Normal,No Offer Needed,False,Regular Customer,True
6156-UZDLF,87.15,87.04369707706459,0.10630292293541288,Normal,No Offer Needed,False,Regular Customer,True
3099-OONVS,54.3,54.244880170742235,0.055119829257762376,Normal,No Offer Needed,False,Regular Customer,False
9500-WBGRP,19.1,19.018553906048545,0.08144609395145608,Normal,No Offer Needed,False,Regular Customer,True
5183-KLYEM,112.75,112.98594485218646,-0.23594485218646355,Normal,No Offer Needed,False,Regular Customer,True
5144-PQCDZ,19.95,20.35129989817284,-0.40129989817284084,Normal,No Offer Needed,False,Regular Customer,False
8514-VZHEB,19.5,19.33227172020748,0.16772827979252014,Normal,No Offer Needed,False,Regular Customer,True
6625-IUTTT,65.55,65.7453662557239,-0.1953662557238971,Normal,No Offer Needed,False,Regular Customer,True
9355-NPPFS,78.8,79.0260015011393,-0.22600150113930795,Normal,No Offer Needed,False,Regular Customer,False
0068-FIGTF,78.2,77.48473009451666,0.7152699054833391,High Drop,Online Security Add-on,True,Outreach Customer,False
5965-GGPRW,105.25,105.36110540903145,-0.1111054090314525,Normal,No Offer Needed,False,Regular Customer,True
8035-PWSEV,89.25,89.08234090935554,0.16765909064446305,Normal,No Offer Needed,False,Regular Customer,True
2236-HILPA,20.65,20.866735143660566,-0.2167351436605678,Normal,No Offer Needed,False,Regular Customer,True
1840-BIUOG,68.7,68.40426491793488,0.29573508206512145,Normal,No Offer Needed,False,Regular Customer,False
1356-MKYSK,78.65,78.65501515223089,-0.005015152230882336,Normal,No Offer Needed,False,Regular Customer,False
6080-LNESI,24.75,24.774916051642368,-0.024916051642367876,Normal,No Offer Needed,False,Regular Customer,True
1830-IPXVJ,19.75,19.92585026243735,-0.17585026243735058,Normal,No Offer Needed,False,Regular Customer,True
5828-DWPIL,89.1,88.80022009899803,0.29977990100196905,Normal,No Offer Needed,False,Regular Customer,True
8398-TBIYD,84.7,84.85429741739048,-0.15429741739048097,Normal,No Offer Needed,False,Regular Customer,True
0011-IGKFF,98.0,97.75944667833613,0.24055332166386734,Normal,No Offer Needed,False,Regular Customer,True
4192-GORJT,94.45,94.38407895927666,0.06592104072333882,Normal,No Offer Needed,False,Regular Customer,True
6496-SLWHQ,105.0,104.64263258483695,0.35736741516305415,Normal,No Offer Needed,False,Regular Customer,True
9912-GVSEQ,93.85,93.53374749151489,0.3162525084851069,Normal,No Offer Needed,False,Regular Customer,True
2931-FSOHN,59.9,59.84335125316281,0.056648746837190345,Normal,No Offer Needed,False,Regular Customer,False
9418-RUKPH,19.95,19.91033678649034,0.039663213509658846,Normal,No Offer Needed,False,Regular Customer,False
5383-MMTWC,84.0,84.0602951149501,-0.060295114950093875,Normal,No Offer Needed,False,Regular Customer,True
9971-ZWPBF,108.9,108.28258515361952,0.617414846380484,High Drop,Premium Entertainment Bundle,True,Outreach Customer,True
4712-AUQZO,33.6,33.67709417336307,-0.07709417336307212,Normal,No Offer Needed,False,Regular Customer,False
9711-FJTBX,85.85,85.01056635153887,0.8394336484611244,High Drop,Premium Entertainment Bundle,True,Outreach Customer,True
2908-ZTPNF,34.85,34.80249412398315,0.04750587601684941,Normal,No Offer Needed,False,Regular Customer,False
7240-ETPTR,48.75,49.15343571347837,-0.40343571347837326,Normal,No Offer Needed,False,Regular Customer,False
2202-CUYXZ,84.85,84.81291477550425,0.037085224495740476,Normal,No Offer Needed,False,Regular Customer,True
5995-OIGLP,56.65,56.63926281006765,0.010737189932349622,Normal,No Offer Needed,False,Regular Customer,False
8421-WZOOW,95.3,94.79500531221862,0.5049946877813767,High Drop,Premium Entertainment Bundle,True,Outreach Customer,True
6261-RCVNS,73.9,73.93926312920419,-0.03926312920418695,Normal,No Offer Needed,False,Regular Customer,False
7951-QKZPL,24.5,24.523011680972488,-0.023011680972487625,Normal,No Offer Needed,False,Regular Customer,False
1414-YADCW,84.6,84.60964307322965,-0.009643073229653965,Normal,No Offer Needed,False,Regular Customer,True
8756-RDDLT,44.95,45.04553080230714,-0.09553080230713817,Normal,No Offer Needed,False,Regular Customer,True
2862-PFNIK,24.7,25.406044384296088,-0.7060443842960886,Normal,No Offer Needed,False,Regular Customer,False
5816-QVHRX,100.3,100.28595088169983,0.01404911830016431,Normal,No Offer Needed,False,Regular Customer,True
4430-YHXGG,25.45,25.48719718841667,-0.037197188416669746,Normal,No Offer Needed,False,Regular Customer,False
6888-SBYAI,50.7,50.66948771661236,0.03051228338764389,Normal,No Offer Needed,False,Regular Customer,False
7395-XWZOY,55.0,55.07798706491365,-0.07798706491364982,Normal,No Offer Needed,False,Regular Customer,False
7169-YWAMK,68.4,68.10580048285739,0.2941995171426157,Normal,No Offer Needed,False,Regular Customer,True
3640-PHQXK,89.9,89.93921910864697,-0.039219108646960876,Normal,No Offer Needed,False,Regular Customer,True
6877-LGWXO,78.55,78.91649343257839,-0.3664934325783946,Normal,No Offer Needed,False,Regular Customer,False
6859-RKMZJ,55.05,54.923786522243994,0.12621347775600356,Normal,No Offer Needed,False,Regular Customer,False
2729-VNVAP,19.8,20.260803438620048,-0.46080343862004725,Normal,No Offer Needed,False,Regular Customer,False
2957-JIRMN,84.45,84.39721054811912,0.052789451880883576,Normal,No Offer Needed,False,Regular Customer,True
2049-BAFNW,35.9,35.882949601529475,0.017050398470523476,Normal,No Offer Needed,False,Regular Customer,False
3842-QTGDL,80.75,80.50768494168562,0.24231505831437516,Normal,No Offer Needed,False,Regular Customer,True
7163-OCEQI,78.65,77.8035888004489,0.846411199551099,High Drop,Online Security Add-on,True,Outreach Customer,False
9782-LGXMC,61.75,61.18050471889528,0.5694952811047216,High Drop,Loyalty Discount Offer,True,Outreach Customer,False
5975-BAICR,63.7,63.64010075683336,0.059899243166640304,Normal,No Offer Needed,False,Regular Customer,False
8019-ENHXU,99.45,99.22317931645296,0.22682068354704654,Normal,No Offer Needed,False,Regular Customer,True
5167-GBFRE,25.2,25.985451472306625,-0.7854514723066259,Normal,No Offer Needed,False,Regular Customer,False
9033-EOXWV,74.05,73.7640912721511,0.28590872784889143,Normal,No Offer Needed,False,Regular Customer,False
4673-KKSLS,87.6,87.47267642606175,0.12732357393824145,Normal,No Offer Needed,False,Regular Customer,True
4853-OITSN,89.15,89.15303057478953,-0.0030305747895198465,Normal,No Offer Needed,False,Regular Customer,True
9800-OUIGR,20.0,20.194917621967345,-0.1949176219673454,Normal,No Offer Needed,False,Regular Customer,True
1324-NLTJE,55.0,55.12735734246907,-0.12735734246906816,Normal,No Offer Needed,False,Regular Customer,False
2324-EFHVG,104.4,104.40319010520344,-0.0031901052034299937,Normal,No Offer Needed,False,Regular Customer,True
7094-MSZAO,20.05,20.58804738227583,-0.5380473822758276,Normal,No Offer Needed,False,Regular Customer,False
1522-VVDMG,89.75,89.4108581680125,0.33914183198750436,Normal,No Offer Needed,False,Regular Customer,True
6907-CQGPN,34.3,34.571287939999664,-0.2712879399996666,Normal,No Offer Needed,False,Regular Customer,False
0780-XNZFN,20.65,20.958814706919377,-0.30881470691937807,Normal,No Offer Needed,False,Regular Customer,True
0239-OXEXL,84.25,83.73734794059803,0.5126520594019723,High Drop,Premium Entertainment Bundle,True,Outreach Customer,True
2675-IJRGJ,19.65,19.99796055553799,-0.3479605555379912,Normal,No Offer Needed,False,Regular Customer,True
7049-GKVZY,79.85,79.82524570687663,0.0247542931233653,Normal,No Offer Needed,False,Regular Customer,False
8577-QSOCG,20.2,20.15576412113927,0.04423587886072866,Normal,No Offer Needed,False,Regular Customer,False
3721-CNZHX,19.8,20.126709924487173,-0.3267099244871723,Normal,No Offer Needed,False,Regular Customer,False
0212-ISBBF,50.35,50.667185306468006,-0.317185306468005,Normal,No Offer Needed,False,Regular Customer,False
9185-TQCVP,85.15,85.29951512335744,-0.1495151233574319,Normal,No Offer Needed,False,Regular Customer,True
3585-YNADK,74.6,73.76105951685489,0.8389404831451088,High Drop,Online Security Add-on,True,Outreach Customer,True
5271-DBYSJ,79.15,79.47344603432752,-0.3234460343275174,Normal,No Offer Needed,False,Regular Customer,False
1099-GODLO,20.35,20.73661523178372,-0.38661523178371837,Normal,No Offer Needed,False,Regular Customer,False
6828-HMKWP,21.05,21.62874173409436,-0.5787417340943577,Normal,No Offer Needed,False,Regular Customer,False
5567-WSELE,94.6,94.59620295793466,0.0037970420653294923,Normal,No Offer Needed,False,Regular Customer,True
1472-TNCWL,94.7,94.68522713174673,0.014772868253274396,Normal,No Offer Needed,False,Regular Customer,True
8063-RJYNF,94.25,94.62980391198515,-0.3798039119851495,Normal,No Offer Needed,False,Regular Customer,True
0687-ZVTHB,72.45,72.26200965686607,0.18799034313393292,Normal,No Offer Needed,False,Regular Customer,True
2080-GKCWQ,74.95,74.94053122255863,0.00946877744136998,Normal,No Offer Needed,False,Regular Customer,False
9661-ACXBS,105.2,105.28358387940887,-0.08358387940886303,Normal,No Offer Needed,False,Regular Customer,True
2193-SFWQW,111.95,111.96842165946319,-0.018421659463186302,Normal,No Offer Needed,False,Regular Customer,True
5656-JAMLX,19.85,20.117189743317592,-0.2671897433175907,Normal,No Offer Needed,False,Regular Customer,True
3462-BJQQA,89.75,89.33644504760842,0.41355495239157847,Normal,No Offer Needed,False,Regular Customer,True
0442-TDYUO,20.05,20.10412226900051,-0.05412226900050854,Normal,No Offer Needed,False,Regular Customer,False
6733-LRIZX,108.95,109.12600695993916,-0.1760069599391585,Normal,No Offer Needed,False,Regular Customer,True
9503-XJUME,19.65,19.867699030453075,-0.21769903045307615,Normal,No Offer Needed,False,Regular Customer,True
4367-NHWMM,24.9,25.235196350163026,-0.3351963501630273,Normal,No Offer Needed,False,Regular Customer,False
3727-RJMEO,82.85,82.78292301967181,0.06707698032818143,Normal,No Offer Needed,False,Regular Customer,True
3779-OSWCF,93.2,93.08217605761014,0.11782394238986171,Normal,No Offer Needed,False,Regular Customer,True
6736-DHUQI,84.8,84.27933730874938,0.5206626912506209,High Drop,Premium Entertainment Bundle,True,Outreach Customer,True
3915-ODIYG,71.75,71.80399808000845,-0.05399808000845496,Normal,No Offer Needed,False,Regular Customer,True
1360-RCYRT,30.35,30.453885622449054,-0.1038856224490523,Normal,No Offer Needed,False,Regular Customer,False
2724-FJDYW,54.85,54.872024035466715,-0.022024035466714054,Normal,No Offer Needed,False,Regular Customer,False
4451-RWASJ,19.5,19.564117728472123,-0.06411772847212305,Normal,No Offer Needed,False,Regular Customer,False
6646-VRFOL,103.85,103.71986768106753,0.13013231893246768,Normal,No Offer Needed,False,Regular Customer,True
3460-TJBWI,24.2,24.279128184028263,-0.0791281840282636,Normal,No Offer Needed,False,Regular Customer,False
5917-HBSDW,19.35,19.47880297299585,-0.12880297299584953,Normal,No Offer Needed,False,Regular Customer,False
5685-IIXLY,83.6,83.50459062205753,0.09540937794245963,Normal,No Offer Needed,False,Regular Customer,True
5671-UUNXD,100.65,100.62342470520493,0.02657529479508014,Normal,No Offer Needed,False,Regular Customer,True
0956-ACVZC,94.1,94.19995743180648,-0.0999574318064873,Normal,No Offer Needed,False,Regular Customer,True
2325-NBPZG,74.55,74.69320488887472,-0.14320488887472038,Normal,No Offer Needed,False,Regular Customer,False
4250-ZBWLV,108.45,108.50260946723121,-0.05260946723120696,Normal,No Offer Needed,False,Regular Customer,True
4482-FTFFX,56.15,56.124837122009495,0.02516287799050332,Normal,No Offer Needed,False,Regular Customer,False
8859-DZTGQ,20.35,20.705022617639077,-0.35502261763907583,Normal,No Offer Needed,False,Regular Customer,False
0440-MOGPM,80.55,80.15650071842248,0.3934992815775189,Normal,No Offer Needed,False,Regular Customer,True
0020-JDNXP,61.25,60.8736156131725,0.3763843868275032,Normal,No Offer Needed,False,Regular Customer,False
3752-CQSJI,20.45,20.4352766420966,0.014723357903399403,Normal,No Offer Needed,False,Regular Customer,False
5025-GOOKI,18.9,19.469485346802745,-0.5694853468027468,Normal,No Offer Needed,False,Regular Customer,False
4698-KVLLG,19.6,20.092555730198466,-0.49255573019846466,Normal,No Offer Needed,False,Regular Customer,True
5095-AESKG,91.5,91.3384884051264,0.1615115948736019,Normal,No Offer Needed,False,Regular Customer,True
2887-JPYLU,45.2,44.984955830482,0.2150441695180021,Normal,No Offer Needed,False,Regular Customer,False
4770-QAZXN,19.45,20.11767923810824,-0.6676792381082421,Normal,No Offer Needed,False,Regular Customer,False
4896-CPRPF,25.45,25.62260091245054,-0.172600912450541,Normal,No Offer Needed,False,Regular Customer,False
1871-MOWRM,80.85,80.84683664247243,0.003163357527569133,Normal,No Offer Needed,False,Regular Customer,True
9714-EDSUC,94.9,94.47221336862759,0.42778663137241324,High Drop,Premium Entertainment Bundle,True,Outreach Customer,True
2027-OAQQC,49.05,49.24937945840198,-0.19937945840198523,Normal,No Offer Needed,False,Regular Customer,False
0282-NVSJS,29.3,29.20271623170459,0.09728376829541219,Normal,No Offer Needed,False,Regular Customer,False
9090-SGQXL,105.3,105.3140962024907,-0.014096202490705423,Normal,No Offer Needed,False,Regular Customer,True
6595-YGXIT,88.95,88.87608992760387,0.07391007239613145,Normal,No Offer Needed,False,Regular Customer,True
7353-YOWFP,20.25,20.572844707527715,-0.32284470752771455,Normal,No Offer Needed,False,Regular Customer,False
9835-ZIITK,110.85,110.83477881344643,0.015221186553560528,Normal,No Offer Needed,False,Regular Customer,True
8008-ESFLK,110.5,110.3026316935599,0.19736830644009729,Normal,No Offer Needed,False,Regular Customer,True
7537-CBQUZ,109.4,109.27339404203875,0.12660595796126017,Normal,No Offer Needed,False,Regular Customer,True
1555-DJEQW,114.2,114.08877581949035,0.11122418050965166,Normal,No Offer Needed,False,Regular Customer,True
5649-TJHOV,36.5,37.08092101195052,-0.5809210119505224,Normal,No Offer Needed,False,Regular Customer,False
0519-XUZJU,70.75,70.64933710596557,0.10066289403442852,Normal,No Offer Needed,False,Regular Customer,False
3363-EWLGO,19.95,20.28307795438393,-0.3330779543839313,Normal,No Offer Needed,False,Regular Customer,False
4750-UKWJK,19.6,19.47546749061761,0.1245325093823908,Normal,No Offer Needed,False,Regular Customer,False
6338-AVWCY,40.15,40.32188756113712,-0.1718875611371189,Normal,No Offer Needed,False,Regular Customer,False
1689-YQBYY,76.6,76.42346628254674,0.1765337174532533,Normal,No Offer Needed,False,Regular Customer,False
4487-ZYJZK,19.6,19.7854005632177,-0.18540056321769782,Normal,No Offer Needed,False,Regular Customer,False
2959-FENLU,85.3,85.2924665359636,0.007533464036399096,Normal,No Offer Needed,False,Regular Customer,True
0708-LGSMF,65.85,65.96788370418714,-0.11788370418715033,Normal,No Offer Needed,False,Regular Customer,False
9253-QXKBE,94.45,94.55678215765958,-0.10678215765958043,Normal,No Offer Needed,False,Regular Customer,True
7634-HLQJR,20.05,20.37432174835087,-0.3243217483508687,Normal,No Offer Needed,False,Regular Customer,False
0487-RPVUM,99.4,99.00696864447067,0.393031355529331,Normal,No Offer Needed,False,Regular Customer,True
4079-ULGFR,20.0,20.284300651083658,-0.2843006510836581,Normal,No Offer Needed,False,Regular Customer,False
2516-XSJKX,78.45,78.40043698232779,0.04956301767221305,Normal,No Offer Needed,False,Regular Customer,False
0057-QBUQH,25.1,25.387831380750224,-0.2878313807502231,Normal,No Offer Needed,False,Regular Customer,False
9445-SZLCH,97.35,96.59633277646003,0.7536672235399635,High Drop,Premium Entertainment Bundle,True,Outreach Customer,True
6599-SFQVE,55.0,55.30891239608819,-0.3089123960881892,Normal,No Offer Needed,False,Regular Customer,False
8331-ZXFOE,71.1,70.68977780916262,0.41022219083737355,Normal,No Offer Needed,False,Regular Customer,True
4003-FUSHP,61.55,61.59840374289202,-0.04840374289202032,Normal,No Offer Needed,False,Regular Customer,False
0356-ERHVT,45.9,45.89556885539712,0.004431144602875747,Normal,No Offer Needed,False,Regular Customer,False
7325-ENZFI,40.3,40.3222865920406,-0.022286592040600794,Normal,No Offer Needed,False,Regular Customer,False
4884-ZTHVF,87.1,86.84963201765578,0.25036798234421553,Normal,No Offer Needed,False,Regular Customer,True
3920-HIHMQ,49.5,48.96962878794387,0.5303712120561315,High Drop,Loyalty Discount Offer,True,Outreach Customer,False
3055-OYMSE,73.8,73.78135091414516,0.018649085854832492,Normal,No Offer Needed,False,Regular Customer,True
0613-WUXUM,19.2,18.815373557652325,0.38462644234767396,Normal,No Offer Needed,False,Regular Customer,True
7568-PODML,45.3,45.80159747559225,-0.5015974755922556,Normal,No Offer Needed,False,Regular Customer,False
4458-KVRBJ,25.0,24.959033551956782,0.040966448043217696,Normal,No Offer Needed,False,Regular Customer,True
5349-IECLD,94.95,95.0050103887481,-0.05501038874810149,Normal,No Offer Needed,False,Regular Customer,True
1397-XKKWR,35.3,35.48745469660091,-0.1874546966009163,Normal,No Offer Needed,False,Regular Customer,False
3945-GFWQL,44.55,44.79224259832556,-0.24224259832556072,Normal,No Offer Needed,False,Regular Customer,False
8097-OMULG,76.75,76.36483652933063,0.38516347066936873,Normal,No Offer Needed,False,Regular Customer,True
6013-BHCAW,81.0,80.69965314261596,0.3003468573840422,Normal,No Offer Needed,False,Regular Customer,True
0401-WDBXM,105.55,105.62292964593323,-0.07292964593322893,Normal,No Offer Needed,False,Regular Customer,True
3387-PLKUI,18.8,18.821092202968256,-0.02109220296825498,Normal,No Offer Needed,False,Regular Customer,False
6096-EGVTU,24.9,24.259592036879948,0.640407963120051,High Drop,Personalized Retention Offer,True,Outreach Customer,True
3797-VTIDR,23.45,24.305860528975327,-0.8558605289753274,Normal,No Offer Needed,False,Regular Customer,False
5081-NWSUP,64.9,64.5307358985123,0.36926410148770117,Normal,No Offer Needed,False,Regular Customer,False
2580-ATZSQ,61.35,60.62590042496694,0.7240995750330583,High Drop,Personalized Retention Offer,True,Outreach Customer,True
8085-MSNLK,113.95,113.5173076767346,0.43269232326539964,High Drop,Premium Entertainment Bundle,True,Outreach Customer,True
9691-HKOVS,90.15,89.68045981887327,0.4695401811267317,High Drop,Personalized Retention Offer,True,Outreach Customer,True
9881-VCZEP,54.1,53.7678917092617,0.3321082907383044,Normal,No Offer Needed,False,Regular Customer,False
9526-BIHHD,29.7,30.32892732744544,-0.6289273274454423,Normal,No Offer Needed,False,Regular Customer,False
8757-TFHHJ,49.8,50.20396528985553,-0.4039652898555346,Normal,No Offer Needed,False,Regular Customer,False
4523-WXCEF,101.1,101.15780332401032,-0.0578033240103224,Normal,No Offer Needed,False,Regular Customer,True
1468-DEFNC,24.4,24.28062238224824,0.11937761775175915,Normal,No Offer Needed,False,Regular Customer,True
5119-KEPFY,95.0,94.8385250011719,0.16147499882809768,Normal,No Offer Needed,False,Regular Customer,True
8364-TRMMK,50.65,50.48822934851056,0.1617706514894408,Normal,No Offer Needed,False,Regular Customer,False
0916-KNFAJ,69.9,69.60892421060616,0.2910757893938438,Normal,No Offer Needed,False,Regular Customer,True
8319-QBEHW,39.95,39.96934082918269,-0.019340829182688424,Normal,No Offer Needed,False,Regular Customer,False
3063-QFSZL,55.4,55.882749521461214,-0.48274952146121564,Normal,No Offer Needed,False,Regular Customer,False
8775-LHDJH,90.6,90.19602739172609,0.4039726082739037,Normal,No Offer Needed,False,Regular Customer,True
9625-QNLUX,103.25,103.44897008101827,-0.19897008101827396,Normal,No Offer Needed,False,Regular Customer,True
3097-NQYSN,86.85,86.35854104846183,0.49145895153816355,High Drop,Premium Entertainment Bundle,True,Outreach Customer,True
4024-CSNBY,94.25,93.94320772015313,0.3067922798468743,Normal,No Offer Needed,False,Regular Customer,True
7110-BDTWG,47.05,47.19318132630773,-0.14318132630773306,Normal,No Offer Needed,False,Regular Customer,True
7493-GVFIO,20.55,21.08221519572214,-0.5322151957221379,Normal,No Offer Needed,False,Regular Customer,True
0690-SRQID,19.65,20.05590699005666,-0.40590699005666053,Normal,No Offer Needed,False,Regular Customer,False
9605-WGJVW,70.2,70.31440872213076,-0.11440872213076148,Normal,No Offer Needed,False,Regular Customer,False
9114-DPSIA,81.0,80.85547195927123,0.14452804072877257,Normal,No Offer Needed,False,Regular Customer,True
4700-UBQMV,75.9,75.64359516730796,0.2564048326920414,Normal,No Offer Needed,False,Regular Customer,False
7711-GQBZC,24.7,24.457927959865675,0.2420720401343246,Normal,No Offer Needed,False,Regular Customer,True
3565-UNOCC,99.05,98.73162565382182,0.3183743461781745,Normal,No Offer Needed,False,Regular Customer,True
4627-MIHJH,110.25,110.60815595378398,-0.358155953783978,Normal,No Offer Needed,False,Regular Customer,True
9795-NREXC,85.0,85.00925207596119,-0.009252075961185824,Normal,No Offer Needed,False,Regular Customer,True
8573-CGOCC,19.75,20.466931480900964,-0.7169314809009641,Normal,No Offer Needed,False,Regular Customer,False
7356-AYNJP,23.9,24.486015514713582,-0.5860155147135835,Normal,No Offer Needed,False,Regular Customer,False
9249-FXSCK,111.25,111.45925671316898,-0.2092567131689833,Normal,No Offer Needed,False,Regular Customer,True
5493-SDRDQ,55.1,54.98393161105543,0.11606838894456928,Normal,No Offer Needed,False,Regular Customer,False
6286-SUUWT,19.95,20.409748942260432,-0.4597489422604326,Normal,No Offer Needed,False,Regular Customer,False
4819-HJPIW,25.15,25.424660693360394,-0.27466069336039567,Normal,No Offer Needed,False,Regular Customer,False
8654-DHAOW,54.15,53.63718044790835,0.5128195520916492,High Drop,Loyalty Discount Offer,True,Outreach Customer,False
5438-QMDDL,59.8,59.33672070504364,0.463279294956358,High Drop,Loyalty Discount Offer,True,Outreach Customer,False
9812-GHVRI,83.85,83.86954755428556,-0.019547554285566093,Normal,No Offer Needed,False,Regular Customer,True
5553-AOINX,104.9,104.53029379421723,0.36970620578277646,Normal,No Offer Needed,False,Regular Customer,True
1228-ZLNBX,75.3,74.96385771611956,0.33614228388043443,Normal,No Offer Needed,False,Regular Customer,False
4226-KKDON,66.65,66.47643696022644,0.17356303977356902,Normal,No Offer Needed,False,Regular Customer,False
3831-YCPUO,109.5,109.5932573288975,-0.09325732889749361,Normal,No Offer Needed,False,Regular Customer,True
7445-WMRBW,73.85,73.09392094751855,0.7560790524814394,High Drop,Online Security Add-on,True,Outreach Customer,False
3308-DGHKL,19.3,19.485807595822344,-0.18580759582234307,Normal,No Offer Needed,False,Regular Customer,True
9924-JPRMC,118.2,118.50651365524114,-0.30651365524113316,Normal,No Offer Needed,False,Regular Customer,True
0080-EMYVY,51.45,51.48737397681575,-0.03737397681575061,Normal,No Offer Needed,False,Regular Customer,False
6218-KNUBD,59.45,59.42867378004507,0.02132621995493622,Normal,No Offer Needed,False,Regular Customer,False
7337-CINUD,19.5,20.04808197159279,-0.54808197159279,Normal,No Offer Needed,False,Regular Customer,False
7609-NRNCA,19.55,19.758790866389116,-0.2087908663891156,Normal,No Offer Needed,False,Regular Customer,False
0623-EJQEG,93.55,93.9008062786872,-0.3508062786872017,Normal,No Offer Needed,False,Regular Customer,True
7153-CHRBV,59.3,58.451860649064045,0.848139350935952,High Drop,Personalized Retention Offer,True,Outreach Customer,True
0871-URUWO,102.25,102.08071642120807,0.16928357879193356,Normal,No Offer Needed,False,Regular Customer,True
9190-MFJLN,95.9,96.04989901928646,-0.1498990192864511,Normal,No Offer Needed,False,Regular Customer,True
6198-PNNSZ,109.8,109.40306738475749,0.39693261524250545,Normal,No Offer Needed,False,Regular Customer,True
3317-VLGQT,78.1,78.19537278959181,-0.0953727895918206,Normal,No Offer Needed,False,Regular Customer,False
4132-POCZS,39.9,40.317068740643734,-0.4170687406437352,Normal,No Offer Needed,False,Regular Customer,True
5614-DNZCE,64.9,64.79690191405709,0.1030980859429178,Normal,No Offer Needed,False,Regular Customer,True
1095-JUDTC,95.05,94.90234635953344,0.14765364046655804,Normal,No Offer Needed,False,Regular Customer,True
3896-RCYYE,53.4,53.477704091879176,-0.07770409187917693,Normal,No Offer Needed,False,Regular Customer,True
9638-JIQYA,24.9,25.73594731481809,-0.8359473148180925,Normal,No Offer Needed,False,Regular Customer,False
3258-SANFR,44.7,45.07936909462774,-0.3793690946277337,Normal,No Offer Needed,False,Regular Customer,False
3726-TBHQT,114.0,113.89454539072503,0.10545460927497174,Normal,No Offer Needed,False,Regular Customer,True
3190-ITQXP,20.25,20.365476080221914,-0.11547608022191369,Normal,No Offer Needed,False,Regular Customer,False
0870-VEMYL,53.85,54.23004978824891,-0.3800497882489111,Normal,No Offer Needed,False,Regular Customer,False
4833-QTJNO,83.85,83.58493120906644,0.2650687909335545,Normal,No Offer Needed,False,Regular Customer,True
3039-MJSLN,20.2,20.760732635952742,-0.5607326359527427,Normal,No Offer Needed,False,Regular Customer,False
0178-CIIKR,19.95,20.302669764121465,-0.35266976412146533,Normal,No Offer Needed,False,Regular Customer,False
5385-SUIRI,104.2,104.35178895697787,-0.15178895697786743,Normal,No Offer Needed,False,Regular Customer,True
3982-XWFZQ,50.25,50.194166718640986,0.05583328135901411,Normal,No Offer Needed,False,Regular Customer,False
5774-QPLTF,20.35,20.01969584944415,0.3303041505558504,Normal,No Offer Needed,False,Regular Customer,False
2322-VCZHZ,90.0,90.01631466786192,-0.01631466786191993,Normal,No Offer Needed,False,Regular Customer,True
5010-IPEAQ,54.2,54.042744523988965,0.15725547601103784,Normal,No Offer Needed,False,Regular Customer,True
4009-ALQFH,99.5,99.34082389765584,0.15917610234416202,Normal,No Offer Needed,False,Regular Customer,True
6383-ZTSIW,99.1,98.69515794791432,0.4048420520856695,Normal,No Offer Needed,False,Regular Customer,True
8990-YOZLV,66.9,66.42523317852807,0.47476682147193117,High Drop,Personalized Retention Offer,True,Outreach Customer,True
3069-SSVSN,25.85,26.216386323191017,-0.3663863231910156,Normal,No Offer Needed,False,Regular Customer,False
5222-IMUKT,91.05,91.30006039889322,-0.2500603988932255,Normal,No Offer Needed,False,Regular Customer,True
3627-FCRDW,71.0,71.29096350674703,-0.2909635067470333,Normal,No Offer Needed,False,Regular Customer,False
7562-GSUHK,93.2,93.16024820030975,0.03975179969025078,Normal,No Offer Needed,False,Regular Customer,True
6685-XSHHU,20.95,20.989449708181304,-0.039449708181305,Normal,No Offer Needed,False,Regular Customer,True
8901-UPRHR,109.2,108.87020085847507,0.32979914152492995,Normal,No Offer Needed,False,Regular Customer,True
4903-UYAVB,19.35,19.811645291077443,-0.461645291077442,Normal,No Offer Needed,False,Regular Customer,False
0118-JPNOY,85.8,85.89304692958115,-0.09304692958114913,Normal,No Offer Needed,False,Regular Customer,True
6776-TLWOI,19.85,20.451567265408695,-0.6015672654086934,Normal,No Offer Needed,False,Regular Customer,False
3845-FXCYS,19.65,20.46664724010045,-0.8166472401004512,Normal,No Offer Needed,False,Regular Customer,False
5857-XRECV,20.5,21.005013883611362,-0.5050138836113618,Normal,No Offer Needed,False,Regular Customer,False
0725-CXOTM,89.65,89.48797926136656,0.16202073863344424,Normal,No Offer Needed,False,Regular Customer,True
4343-EJVQB,74.35,74.21556456244919,0.13443543755080611,Normal,No Offer Needed,False,Regular Customer,False
9000-PLFUZ,49.45,49.74228032512588,-0.29228032512587987,Normal,No Offer Needed,False,Regular Customer,True
3427-GGZZI,89.1,88.81034090809598,0.2896590919040136,Normal,No Offer Needed,False,Regular Customer,True
7779-ORAEL,75.15,75.27930936252412,-0.1293093625241113,Normal,No Offer Needed,False,Regular Customer,False
0644-OQMDK,70.65,70.84660440409837,-0.1966044040983661,Normal,No Offer Needed,False,Regular Customer,False
4077-CROMM,104.2,103.84538828549549,0.35461171450451445,Normal,No Offer Needed,False,Regular Customer,True
3154-CFSZG,90.05,90.0399402233019,0.010059776698099654,Normal,No Offer Needed,False,Regular Customer,True
2868-MZAGQ,79.25,79.68438948072325,-0.43438948072325445,Normal,No Offer Needed,False,Regular Customer,False
4847-QNOKA,44.9,45.16072876336436,-0.26072876336436224,Normal,No Offer Needed,False,Regular Customer,False
2220-IAHLS,19.4,20.20640203323168,-0.8064020332316808,Normal,No Offer Needed,False,Regular Customer,False
1658-XUHBX,88.75,88.56509502828871,0.1849049717112905,Normal,No Offer Needed,False,Regular Customer,True
6379-RXJRQ,70.1,70.31790471006583,-0.217904710065838,Normal,No Offer Needed,False,Regular Customer,False
2378-HTWFW,91.0,91.30882457028135,-0.30882457028134525,Normal,No Offer Needed,False,Regular Customer,True
8650-RHRKE,29.65,30.34481442360183,-0.6948144236018301,Normal,No Offer Needed,False,Regular Customer,False
4377-VDHYI,90.8,90.79512763801863,0.004872361981369977,Normal,No Offer Needed,False,Regular Customer,True
0475-RIJEP,77.85,77.8837665607756,-0.03376656077560369,Normal,No Offer Needed,False,Regular Customer,False
1260-TTRXI,54.3,54.88261982068416,-0.5826198206841653,Normal,No Offer Needed,False,Regular Customer,False
3719-TDVQB,18.95,18.842016561306064,0.10798343869393534,Normal,No Offer Needed,False,Regular Customer,True
6328-ZPBGN,95.15,95.05752787382802,0.09247212617198386,Normal,No Offer Needed,False,Regular Customer,True
0201-MIBOL,102.4,102.72094417500068,-0.32094417500067607,Normal,No Offer Needed,False,Regular Customer,True
4937-QPZPO,99.9,99.77644599043023,0.12355400956977292,Normal,No Offer Needed,False,Regular Customer,True
2925-VDZHY,88.7,88.58946498384897,0.110535016151033,Normal,No Offer Needed,False,Regular Customer,True
6981-TDRFT,54.3,54.286376385179246,0.013623614820751584,Normal,No Offer Needed,False,Regular Customer,False
3413-CSSTH,55.7,55.30400807932057,0.39599192067943534,Normal,No Offer Needed,False,Regular Customer,False
8033-VCZGH,103.95,103.91485769836433,0.035142301635673334,Normal,No Offer Needed,False,Regular Customer,True
4789-KWMXN,110.85,110.93776282066581,-0.08776282066581587,Normal,No Offer Needed,False,Regular Customer,True
0224-NIJLP,20.15,20.546953354096832,-0.3969533540968335,Normal,No Offer Needed,False,Regular Customer,False
7542-CYDDM,20.05,20.320901382184008,-0.2709013821840074,Normal,No Offer Needed,False,Regular Customer,False
4718-WXBGI,91.95,91.81209650262451,0.1379034973754898,Normal,No Offer Needed,False,Regular Customer,True
2867-UIMSS,80.5,80.94377039301428,-0.443770393014276,Normal,No Offer Needed,False,Regular Customer,True
8495-PRWFH,55.65,55.37683309452911,0.2731669054708874,Normal,No Offer Needed,False,Regular Customer,False
0439-IFYUN,74.7,74.59158084145236,0.1084191585476475,Normal,No Offer Needed,False,Regular Customer,False
5716-LIBJC,104.15,103.56449563588914,0.5855043641108608,High Drop,Premium Entertainment Bundle,True,Outreach Customer,True
2868-LLSKM,83.65,83.06930685765006,0.5806931423499435,High Drop,Premium Entertainment Bundle,True,Outreach Customer,True
8111-RKSPX,72.2,72.25504040678513,-0.055040406785124674,Normal,No Offer Needed,False,Regular Customer,False
2988-QRAJY,110.05,110.34679793302314,-0.29679793302314295,Normal,No Offer Needed,False,Regular Customer,True
1585-MQSSU,51.5,51.44327872674894,0.056721273251056914,Normal,No Offer Needed,False,Regular Customer,False
0071-NDAFP,25.5,25.982311112490805,-0.48231111249080527,Normal,No Offer Needed,False,Regular Customer,False
2856-NNASM,89.55,89.61445150636165,-0.06445150636164954,Normal,No Offer Needed,False,Regular Customer,True
7328-ZJAJO,19.5,19.689825154555823,-0.18982515455582316,Normal,No Offer Needed,False,Regular Customer,True
6458-CYIDZ,80.7,80.62890494000841,0.07109505999159182,Normal,No Offer Needed,False,Regular Customer,True
8559-CIZFV,77.5,76.78534499265379,0.7146550073462095,High Drop,Personalized Retention Offer,True,Outreach Customer,False
1090-PYKCI,105.1,104.63014322520009,0.46985677479990784,High Drop,Premium Entertainment Bundle,True,Outreach Customer,True
3058-WQDRE,25.15,25.680205273904296,-0.5302052739042971,Normal,No Offer Needed,False,Regular Customer,False
7547-EKNFS,95.25,94.71952155843032,0.5304784415696844,High Drop,Premium Entertainment Bundle,True,Outreach Customer,True
2279-AXJJK,95.65,95.58935953736005,0.060640462639952375,Normal,No Offer Needed,False,Regular Customer,True
6769-DYBQN,85.0,85.61873285682795,-0.6187328568279469,Normal,No Offer Needed,False,Regular Customer,True
0909-SELIE,80.8,80.52308942035556,0.27691057964443644,Normal,No Offer Needed,False,Regular Customer,True
3417-TSCIC,24.85,25.0237202223926,-0.17372022239259977,Normal,No Offer Needed,False,Regular Customer,False
1042-HFUCW,54.75,54.51087129737909,0.2391287026209099,Normal,No Offer Needed,False,Regular Customer,False
4439-JMPMT,85.75,85.54686773218432,0.2031322678156755,Normal,No Offer Needed,False,Regular Customer,True
6537-OTKMY,50.75,51.18501056491073,-0.4350105649107334,Normal,No Offer Needed,False,Regular Customer,False
8999-EXMNO,20.15,20.34144668283678,-0.19144668283678,Normal,No Offer Needed,False,Regular Customer,False
6725-TPKJO,20.05,20.2726945246516,-0.222694524651601,Normal,No Offer Needed,False,Regular Customer,False
2446-BEGGB,98.25,98.0867653915802,0.1632346084197991,Normal,No Offer Needed,False,Regular Customer,True
7162-WPHPM,71.6,71.27195407906085,0.32804592093914664,Normal,No Offer Needed,False,Regular Customer,True
1599-MMYRQ,81.45,81.3690618821355,0.08093811786450544,Normal,No Offer Needed,False,Regular Customer,True
8821-KVZKQ,58.4,57.91008790812878,0.48991209187121854,High Drop,Online Security Add-on,True,Outreach Customer,True
1496-GGSUK,25.7,26.194756333350146,-0.49475633335014635,Normal,No Offer Needed,False,Regular Customer,False
6434-TTGJP,53.7,54.057469809111666,-0.35746980911166304,Normal,No Offer Needed,False,Regular Customer,False
0042-JVWOJ,19.6,20.005919421596428,-0.40591942159642613,Normal,No Offer Needed,False,Regular Customer,False
0130-SXOUN,89.4,89.58956841184187,-0.18956841184186146,Normal,No Offer Needed,False,Regular Customer,True
2575-GFSOE,69.0,69.05351279346125,-0.05351279346125182,Normal,No Offer Needed,False,Regular Customer,False
2330-PQGDQ,84.2,83.67359610198014,0.5264038980198649,High Drop,Premium Entertainment Bundle,True,Outreach Customer,True
1452-UZOSF,106.1,105.95316479267727,0.1468352073227237,Normal,No Offer Needed,False,Regular Customer,True
2097-YVPKN,25.75,25.64091929756912,0.1090807024308802,Normal,No Offer Needed,False,Regular Customer,True
2842-JTCCU,46.05,46.39764569325737,-0.3476456932573697,Normal,No Offer Needed,False,Regular Customer,False
8597-CTXVJ,64.95,64.4788716601052,0.47112833989480407,High Drop,Personalized Retention Offer,True,Outreach Customer,True
6631-HMANX,85.45,85.32365324672544,0.1263467532745608,Normal,No Offer Needed,False,Regular Customer,True
9962-BFPDU,20.05,20.193582129262033,-0.1435821292620325,Normal,No Offer Needed,False,Regular Customer,False
3296-SILRA,76.4,75.92241646486802,0.47758353513198415,High Drop,Premium Entertainment Bundle,True,Outreach Customer,False
9681-OXGVC,100.5,100.29349787027151,0.20650212972849147,Normal,No Offer Needed,False,Regular Customer,True
6394-HHHZM,20.7,21.130070644027175,-0.4300706440271753,Normal,No Offer Needed,False,Regular Customer,False
5995-LFTLE,25.3,25.66902961201864,-0.3690296120186396,Normal,No Offer Needed,False,Regular Customer,True
5180-UCIIQ,40.05,40.37769117967357,-0.32769117967357175,Normal,No Offer Needed,False,Regular Customer,False
1932-UEDCX,100.6,100.21856734089694,0.381432659103055,Normal,No Offer Needed,False,Regular Customer,True
7153-OANIO,69.95,70.32920731709046,-0.3792073170904615,Normal,No Offer Needed,False,Regular Customer,False
5188-HGMLP,74.0,73.78138289304276,0.21861710695723957,Normal,No Offer Needed,False,Regular Customer,True
0665-XHDJU,99.4,99.68850682402466,-0.2885068240246511,Normal,No Offer Needed,False,Regular Customer,True
6521-YYTYI,93.3,93.3180124069202,-0.01801240692020656,Normal,No Offer Needed,False,Regular Customer,True
8878-HMWBV,49.15,49.40404804010218,-0.25404804010218385,Normal,No Offer Needed,False,Regular Customer,False
8265-HKSOW,107.45,107.46591697649126,-0.015916976491254786,Normal,No Offer Needed,False,Regular Customer,True
3544-FBCAS,83.6,83.38391389340208,0.21608610659791339,Normal,No Offer Needed,False,Regular Customer,True
5331-RGMTT,99.05,98.9673244793319,0.08267552066810424,Normal,No Offer Needed,False,Regular Customer,True
4759-PXTAN,80.1,79.74982689083795,0.3501731091620428,Normal,No Offer Needed,False,Regular Customer,True
7054-DMVAS,65.3,65.30114974400874,-0.0011497440087424593,Normal,No Offer Needed,False,Regular Customer,True
3428-MMGUB,89.55,89.61918278595928,-0.06918278595928484,Normal,No Offer Needed,False,Regular Customer,True
6549-BTYPG,60.8,60.87804838773987,-0.07804838773986944,Normal,No Offer Needed,False,Regular Customer,True
7823-JSOAG,74.5,74.54575782536182,-0.04575782536181805,Normal,No Offer Needed,False,Regular Customer,False
3705-RHRFR,99.15,99.4306879013349,-0.2806879013349004,Normal,No Offer Needed,False,Regular Customer,True
9374-YOLBJ,19.25,19.78885949712691,-0.5388594971269107,Normal,No Offer Needed,False,Regular Customer,False
9074-KGVOX,39.45,39.62108320019312,-0.17108320019311662,Normal,No Offer Needed,False,Regular Customer,False
6128-DAFVY,44.85,45.23180658174284,-0.3818065817428362,Normal,No Offer Needed,False,Regular Customer,True
9933-QRGTX,97.2,97.5648430308812,-0.36484303088120384,Normal,No Offer Needed,False,Regular Customer,True
4476-OSWTN,110.55,110.21934345545154,0.33065654454846083,Normal,No Offer Needed,False,Regular Customer,True
3751-KTZEL,35.05,35.636335980291406,-0.586335980291409,Normal,No Offer Needed,False,Regular Customer,False
1977-STDKI,73.0,73.06886871387059,-0.06886871387058591,Normal,No Offer Needed,False,Regular Customer,False
5066-GFJMM,19.9,20.102434386022633,-0.20243438602263453,Normal,No Offer Needed,False,Regular Customer,False
2661-GKBTK,76.95,76.7835954763172,0.16640452368280023,Normal,No Offer Needed,False,Regular Customer,True
0458-HEUZG,35.4,35.53833379593817,-0.1383337959381734,Normal,No Offer Needed,False,Regular Customer,False
7268-WNTCP,20.45,20.49020608616804,-0.04020608616804111,Normal,No Offer Needed,False,Regular Customer,True
0824-VWDPO,96.75,96.67361183270457,0.07638816729543407,Normal,No Offer Needed,False,Regular Customer,True
8409-WQJUX,54.2,54.45417524167367,-0.25417524167366423,Normal,No Offer Needed,False,Regular Customer,False
2578-JQPHZ,100.1,100.21997323338708,-0.11997323338708554,Normal,No Offer Needed,False,Regular Customer,True
3278-FSIXX,45.25,45.10551859923426,0.14448140076574134,Normal,No Offer Needed,False,Regular Customer,False
5813-UECBU,83.85,83.68063834448553,0.16936165551446436,Normal,No Offer Needed,False,Regular Customer,True
0328-GRPMV,70.1,70.37230700549178,-0.27230700549178266,Normal,No Offer Needed,False,Regular Customer,False
9746-UGFAC,20.85,21.23714077100057,-0.387140771000567,Normal,No Offer Needed,False,Regular Customer,False
2946-KIQSP,33.45,33.15823934678089,0.2917606532191144,Normal,No Offer Needed,False,Regular Customer,False
0625-AFOHS,20.2,20.27445187836704,-0.07445187836703937,Normal,No Offer Needed,False,Regular Customer,False
6726-WEXXK,85.9,85.64097365181055,0.25902634818945103,Normal,No Offer Needed,False,Regular Customer,True
4636-OLWOE,61.0,60.53101105510345,0.46898894489655163,High Drop,Online Security Add-on,True,Outreach Customer,True
4342-HENTK,70.65,70.92222369550932,-0.2722236955093109,Normal,No Offer Needed,False,Regular Customer,False
4685-ERGHK,86.9,86.95503551756296,-0.055035517562956215,Normal,No Offer Needed,False,Regular Customer,True
0885-HMGPY,69.4,69.06843466790313,0.3315653320968721,Normal,No Offer Needed,False,Regular Customer,True
5003-OKNNK,20.35,20.789135228622122,-0.4391352286221206,Normal,No Offer Needed,False,Regular Customer,False
4195-SMMNX,20.35,20.955454153663315,-0.6054541536633131,Normal,No Offer Needed,False,Regular Customer,False
7208-PSIHR,104.3,104.22052334839549,0.07947665160450867,Normal,No Offer Needed,False,Regular Customer,True
4012-ZTHBR,44.95,44.85676829500539,0.09323170499461497,Normal,No Offer Needed,False,Regular Customer,False
0489-WMEMG,49.45,49.4035231534611,0.046476846538901384,Normal,No Offer Needed,False,Regular Customer,False
7435-ZNUYY,20.6,21.016757490026464,-0.41675749002646256,Normal,No Offer Needed,False,Regular Customer,False
1354-YZFNB,19.55,20.419361258969634,-0.8693612589696329,Normal,No Offer Needed,False,Regular Customer,False
6956-SMUCM,99.0,99.02812782003943,-0.028127820039429707,Normal,No Offer Needed,False,Regular Customer,True
2985-FMWYF,93.5,93.51655897985508,-0.016558979855076927,Normal,No Offer Needed,False,Regular Customer,True
2812-ENYMO,54.55,55.17015120029979,-0.6201512002997944,Normal,No Offer Needed,False,Regular Customer,False
2717-HVIZY,20.05,20.244264664792663,-0.19426466479266224,Normal,No Offer Needed,False,Regular Customer,False
3223-WZWJM,83.95,84.29251694272054,-0.3425169427205361,Normal,No Offer Needed,False,Regular Customer,True
3422-GALYP,79.45,79.24628832189262,0.203711678107382,Normal,No Offer Needed,False,Regular Customer,False
9053-JZFKV,116.2,116.6533094505275,-0.4533094505274988,Normal,No Offer Needed,False,Regular Customer,True
2530-ENDWQ,93.7,94.01007339595773,-0.31007339595772976,Normal,No Offer Needed,False,Regular Customer,True
2890-WFBHU,79.85,79.6287174619268,0.2212825380731971,Normal,No Offer Needed,False,Regular Customer,True
0327-WFZSY,100.0,99.71926091448239,0.2807390855176095,Normal,No Offer Needed,False,Regular Customer,True
7977-HXJKU,19.6,19.979775870816514,-0.37977587081651265,Normal,No Offer Needed,False,Regular Customer,False
6615-ZGEDR,19.7,20.324018028126336,-0.6240180281263363,Normal,No Offer Needed,False,Regular Customer,False
7033-CLAMM,20.2,20.314578237319875,-0.1145782373198756,Normal,No Offer Needed,False,Regular Customer,False
4023-RTIQM,50.4,50.53720071581503,-0.1372007158150339,Normal,No Offer Needed,False,Regular Customer,False
0864-FVJNJ,113.35,113.02078819720624,0.3292118027937505,Normal,No Offer Needed,False,Regular Customer,True
7356-IWLFW,80.0,79.50419626044386,0.49580373955613766,High Drop,Premium Entertainment Bundle,True,Outreach Customer,False
9541-PWTWO,80.95,80.77540120437716,0.17459879562284186,Normal,No Offer Needed,False,Regular Customer,True
3967-VQOGC,24.9,24.4376159294329,0.4623840705670972,High Drop,Personalized Retention Offer,True,Outreach Customer,True
7872-RDDLZ,54.9,54.552120437560504,0.3478795624394948,Normal,No Offer Needed,False,Regular Customer,True
9250-WYPLL,75.55,75.67450390466612,-0.1245039046661276,Normal,No Offer Needed,False,Regular Customer,False
6308-CQRBU,109.25,109.21563542269116,0.034364577308835464,Normal,No Offer Needed,False,Regular Customer,True
2754-XBHTB,77.65,77.65534180718385,-0.005341807183839364,Normal,No Offer Needed,False,Regular Customer,False
1597-LHYNC,95.0,95.09935800376446,-0.0993580037644648,Normal,No Offer Needed,False,Regular Customer,True
0186-CAERR,116.3,116.20525429205338,0.09474570794661474,Normal,No Offer Needed,False,Regular Customer,True
3043-SUDUA,19.9,20.15623866905047,-0.25623866905047166,Normal,No Offer Needed,False,Regular Customer,False
5442-BHQNG,70.35,70.47837143469648,-0.12837143469648993,Normal,No Offer Needed,False,Regular Customer,False
2169-RRLFW,25.6,25.664779024217477,-0.06477902421747572,Normal,No Offer Needed,False,Regular Customer,True
5872-OEQNH,44.45,44.72006998114691,-0.2700699811469036,Normal,No Offer Needed,False,Regular Customer,True
3162-KKZXO,100.15,100.08932659253695,0.060673407463056606,Normal,No Offer Needed,False,Regular Customer,True
7055-VKGDA,105.4,105.78957045207402,-0.3895704520740111,Normal,No Offer Needed,False,Regular Customer,True
0754-UKWQP,95.85,95.87977263798288,-0.029772637982887318,Normal,No Offer Needed,False,Regular Customer,True
8873-GLDMH,73.85,73.4018441358157,0.44815586418430087,High Drop,Premium Entertainment Bundle,True,Outreach Customer,False
5696-JVVQY,70.1,69.98075487086518,0.11924512913481067,Normal,No Offer Needed,False,Regular Customer,False
8946-BFWSG,25.25,24.92815399464825,0.32184600535174823,Normal,No Offer Needed,False,Regular Customer,True
7493-TPUWZ,79.15,79.11229161348777,0.03770838651223585,Normal,No Offer Needed,False,Regular Customer,False
0547-HURJB,21.05,21.699772499681583,-0.6497724996815819,Normal,No Offer Needed,False,Regular Customer,False
8904-OPDCK,24.95,24.952960852736428,-0.002960852736428876,Normal,No Offer Needed,False,Regular Customer,True
8845-LWKGE,64.5,64.00418451402693,0.49581548597306835,High Drop,Online Security Add-on,True,Outreach Customer,False
1577-HKTFG,19.65,19.985606705172646,-0.3356067051726477,Normal,No Offer Needed,False,Regular Customer,False
8752-STIVR,79.0,79.13832377139342,-0.13832377139341645,Normal,No Offer Needed,False,Regular Customer,False
0691-NIKRI,105.95,105.80031438201387,0.14968561798613678,Normal,No Offer Needed,False,Regular Customer,True
5022-JNQEQ,75.85,75.60868427530698,0.24131572469300977,Normal,No Offer Needed,False,Regular Customer,False
4558-FANTW,91.85,91.73277933745574,0.11722066254425556,Normal,No Offer Needed,False,Regular Customer,True
3249-VHRIP,43.6,43.854920847114386,-0.25492084711438423,Normal,No Offer Needed,False,Regular Customer,True
3736-BLEPA,91.25,90.90647039118576,0.34352960881423655,Normal,No Offer Needed,False,Regular Customer,True
4701-LKOZD,89.75,89.77756120513799,-0.027561205137985212,Normal,No Offer Needed,False,Regular Customer,True
6603-QWSPR,104.4,104.27390526032843,0.12609473967157214,Normal,No Offer Needed,False,Regular Customer,True
9921-QFQUL,90.15,89.49045162228569,0.6595483777143158,High Drop,Premium Entertainment Bundle,True,Outreach Customer,True
1929-ZCBHE,40.3,40.24442919925454,0.05557080074545695,Normal,No Offer Needed,False,Regular Customer,False
4378-MYPGO,105.25,105.25589822333939,-0.005898223339386277,Normal,No Offer Needed,False,Regular Customer,True
8651-ENBZX,106.0,106.1222891370038,-0.12228913700380417,Normal,No Offer Needed,False,Regular Customer,True
4129-LYCOI,104.0,104.140415048777,-0.14041504877700106,Normal,No Offer Needed,False,Regular Customer,True
7798-JVXYM,69.65,69.70082493217335,-0.05082493217334161,Normal,No Offer Needed,False,Regular Customer,False
8647-SDTWQ,74.3,74.08142349161972,0.21857650838028064,Normal,No Offer Needed,False,Regular Customer,True
2696-ECXKC,100.9,100.51253682152674,0.3874631784732685,Normal,No Offer Needed,False,Regular Customer,True
2081-KJSQF,20.25,20.686056485773825,-0.4360564857738254,Normal,No Offer Needed,False,Regular Customer,False
7623-TRNQN,49.9,49.79720149540675,0.10279850459324535,Normal,No Offer Needed,False,Regular Customer,False
3323-CPBWR,96.9,96.51902440329559,0.38097559670441683,Normal,No Offer Needed,False,Regular Customer,True
9330-IJWIO,100.35,100.47753319609662,-0.12753319609662128,Normal,No Offer Needed,False,Regular Customer,True
3384-CTMSF,104.1,103.81756178771869,0.2824382122813063,Normal,No Offer Needed,False,Regular Customer,True
0902-RFHOF,20.1,20.162703573199675,-0.06270357319967346,Normal,No Offer Needed,False,Regular Customer,False
9286-DOJGF,74.95,74.79962037567331,0.15037962432668905,Normal,No Offer Needed,False,Regular Customer,False
6048-QBXKL,56.55,56.42828499296362,0.12171500703637861,Normal,No Offer Needed,False,Regular Customer,False
9661-MHUMO,49.25,49.457188149520526,-0.2071881495205261,Normal,No Offer Needed,False,Regular Customer,False
7718-RXDGG,68.6,68.53248581100883,0.06751418899116857,Normal,No Offer Needed,False,Regular Customer,False
1025-FALIX,69.05,69.19874209819392,-0.14874209819392092,Normal,No Offer Needed,False,Regular Customer,False
3451-VAWLI,19.7,20.150156313654705,-0.45015631365470554,Normal,No Offer Needed,False,Regular Customer,False
3407-QGWLG,20.05,20.36564085124838,-0.3156408512483786,Normal,No Offer Needed,False,Regular Customer,False
1842-EZJMK,103.7,103.57757658096318,0.12242341903682075,Normal,No Offer Needed,False,Regular Customer,True
2347-WKKAE,94.4,94.35235313743244,0.04764686256756079,Normal,No Offer Needed,False,Regular Customer,True
8735-DCXNF,54.95,55.08368181252521,-0.13368181252520372,Normal,No Offer Needed,False,Regular Customer,False
3214-IYUUQ,93.7,93.64506286549394,0.05493713450606208,Normal,No Offer Needed,False,Regular Customer,True
1936-UAFEH,110.25,110.6006533588066,-0.3506533588065963,Normal,No Offer Needed,False,Regular Customer,True
3587-PMCOY,98.9,98.8914147684587,0.008585231541303529,Normal,No Offer Needed,False,Regular Customer,True
8079-XRJRS,89.75,89.62741481685563,0.12258518314436628,Normal,No Offer Needed,False,Regular Customer,True
1027-LKKQQ,80.45,80.2963924247604,0.15360757523960444,Normal,No Offer Needed,False,Regular Customer,True
7148-XZPHA,79.4,79.11197384424415,0.2880261557558583,Normal,No Offer Needed,False,Regular Customer,True
8073-IJDCM,20.3,20.812962752083788,-0.5129627520837872,Normal,No Offer Needed,False,Regular Customer,False
5309-TAIKL,62.8,62.628883418410574,0.17111658158942333,Normal,No Offer Needed,False,Regular Customer,False
6856-RAURS,74.9,74.44649172751232,0.45350827248768155,High Drop,Premium Entertainment Bundle,True,Outreach Customer,False
8778-LMWTJ,74.85,74.99989978273324,-0.14989978273324311,Normal,No Offer Needed,False,Regular Customer,False
9717-IOAAF,25.85,26.438377121168465,-0.5883771211684632,Normal,No Offer Needed,False,Regular Customer,False
8884-ADFVN,101.95,101.70151018013928,0.2484898198607226,Normal,No Offer Needed,False,Regular Customer,True
2845-KDHVX,68.3,67.73561649426306,0.5643835057369415,High Drop,Online Security Add-on,True,Outreach Customer,True
0848-SOMKO,48.4,48.730277888383135,-0.33027788838313654,Normal,No Offer Needed,False,Regular Customer,True
2720-WGKHP,94.0,94.12344422265564,-0.12344422265563537,Normal,No Offer Needed,False,Regular Customer,True
6734-FQAJX,105.05,105.60186727211503,-0.5518672721150324,Normal,No Offer Needed,False,Regular Customer,True
2869-ADAWR,89.3,89.2339667717384,0.06603322826160252,Normal,No Offer Needed,False,Regular Customer,True
1535-VTJOQ,25.15,25.780405806604154,-0.6304058066041556,Normal,No Offer Needed,False,Regular Customer,False
6368-TZZDT,19.5,20.375825590060057,-0.8758255900600567,Normal,No Offer Needed,False,Regular Customer,False
0943-ZQPXH,92.95,92.65315029657688,0.29684970342312056,Normal,No Offer Needed,False,Regular Customer,True
1293-BSEUN,20.7,20.287870449382154,0.41212955061784484,Normal,No Offer Needed,False,Regular Customer,True
9894-EZEWG,74.3,74.39015654884432,-0.09015654884431967,Normal,No Offer Needed,False,Regular Customer,False
1302-TPUBN,19.35,19.55793918051605,-0.20793918051604976,Normal,No Offer Needed,False,Regular Customer,True
7851-FLGGQ,44.65,44.96214256317349,-0.312142563173488,Normal,No Offer Needed,False,Regular Customer,False
0637-UBJRP,84.05,84.33325047371109,-0.28325047371109235,Normal,No Offer Needed,False,Regular Customer,True
0940-OUQEC,80.7,80.50448175581676,0.1955182441832477,Normal,No Offer Needed,False,Regular Customer,True
2378-VTKDH,104.35,104.10299170802797,0.24700829197202268,Normal,No Offer Needed,False,Regular Customer,True
0927-CNGRH,19.55,19.909960019588322,-0.35996001958832125,Normal,No Offer Needed,False,Regular Customer,False
8608-OZTLB,74.05,73.51050905028372,0.5394909497162814,High Drop,Personalized Retention Offer,True,Outreach Customer,False
2335-GSODA,40.1,40.17956343004063,-0.07956343004062916,Normal,No Offer Needed,False,Regular Customer,False
1952-DVVSW,20.1,20.26297396314741,-0.16297396314740809,Normal,No Offer Needed,False,Regular Customer,False
0702-PGIBZ,101.7,101.46903316266763,0.23096683733237455,Normal,No Offer Needed,False,Regular Customer,True
6656-GULJQ,83.55,83.56167470274335,-0.01167470274334903,Normal,No Offer Needed,False,Regular Customer,True
9853-JFZDU,56.85,56.50493002927655,0.3450699707234506,Normal,No Offer Needed,False,Regular Customer,False
1963-VAUKV,20.4,20.9329619068425,-0.5329619068425018,Normal,No Offer Needed,False,Regular Customer,False
3777-XROBG,19.55,19.724112675466518,-0.17411267546651743,Normal,No Offer Needed,False,Regular Customer,True
6994-FGRHH,106.15,105.97336417020108,0.17663582979892567,Normal,No Offer Needed,False,Regular Customer,True
4000-VGMQP,78.95,78.44494340719827,0.5050565928017363,High Drop,Online Security Add-on,True,Outreach Customer,False
3999-WRNGR,49.75,49.68148303491439,0.06851696508560678,Normal,No Offer Needed,False,Regular Customer,True
3466-RITXD,92.4,92.23261378190485,0.1673862180951602,Normal,No Offer Needed,False,Regular Customer,True
2680-XKKNJ,58.2,58.01793419195204,0.18206580804796602,Normal,No Offer Needed,False,Regular Customer,False
3058-HJCUY,102.6,102.41825087978913,0.18174912021086698,Normal,No Offer Needed,False,Regular Customer,True
2974-GGUXS,91.95,91.55964661672581,0.39035338327418856,Normal,No Offer Needed,False,Regular Customer,True
7994-XIRTR,65.25,65.10962023111394,0.14037976888606352,Normal,No Offer Needed,False,Regular Customer,True
3259-FDWOY,106.0,106.03248540925911,-0.03248540925910959,Normal,No Offer Needed,False,Regular Customer,True
2101-RANCD,73.1,73.09646541231879,0.0035345876812016286,Normal,No Offer Needed,False,Regular Customer,True
7921-BEPCI,59.75,59.54940955591446,0.20059044408554172,Normal,No Offer Needed,False,Regular Customer,True
0807-ZABDG,55.1,54.92582140972006,0.17417859027994353,Normal,No Offer Needed,False,Regular Customer,False
8510-TMWYB,59.8,59.13071284664434,0.6692871533556541,High Drop,Online Security Add-on,True,Outreach Customer,True
3258-ZKPAI,116.6,116.48918627352376,0.11081372647623766,Normal,No Offer Needed,False,Regular Customer,True
1428-IEDPR,109.3,109.5768883793323,-0.2768883793323056,Normal,No Offer Needed,False,Regular Customer,True
5298-GSTLM,101.4,101.53239982128046,-0.13239982128045824,Normal,No Offer Needed,False,Regular Customer,True
4450-YOOHP,50.65,50.89231962614299,-0.24231962614299363,Normal,No Offer Needed,False,Regular Customer,False
6728-CZFEI,56.15,55.87296720954861,0.2770327904513863,Normal,No Offer Needed,False,Regular Customer,False
5748-RNCJT,106.5,106.82301249626163,-0.32301249626162587,Normal,No Offer Needed,False,Regular Customer,True
3653-NCRDJ,19.2,18.952954850638495,0.24704514936150446,Normal,No Offer Needed,False,Regular Customer,False
6121-TNHBO,83.0,82.37931458923082,0.6206854107691839,High Drop,Personalized Retention Offer,True,Outreach Customer,True
5119-NZPTV,70.1,70.19365607392976,-0.09365607392976472,Normal,No Offer Needed,False,Regular Customer,False
6519-ZHPXP,108.3,108.17188410583186,0.12811589416813263,Normal,No Offer Needed,False,Regular Customer,True
7739-LAXOG,91.05,90.70693132030065,0.34306867969934274,Normal,No Offer Needed,False,Regular Customer,True
3472-QPRCH,25.25,25.58544854398185,-0.3354485439818511,Normal,No Offer Needed,False,Regular Customer,False
8224-UAXBZ,45.35,45.27170694211635,0.07829305788364849,Normal,No Offer Needed,False,Regular Customer,True
9610-WCESF,43.9,44.390164817177926,-0.49016481717792715,Normal,No Offer Needed,False,Regular Customer,True
9776-CLUJA,77.5,77.55437406243045,-0.05437406243045473,Normal,No Offer Needed,False,Regular Customer,True
2486-WYVVE,79.3,78.58838553273797,0.7116144672620237,High Drop,Online Security Add-on,True,Outreach Customer,False
3865-ZYKAD,84.9,84.81079863031704,0.08920136968296788,Normal,No Offer Needed,False,Regular Customer,True
1422-DGUBX,79.25,79.12339276877933,0.12660723122067452,Normal,No Offer Needed,False,Regular Customer,False
2999-AANRQ,71.05,71.14131175054348,-0.09131175054348262,Normal,No Offer Needed,False,Regular Customer,False
8668-KNZTI,53.75,53.71913358062747,0.030866419372529208,Normal,No Offer Needed,False,Regular Customer,True
0480-KYJVA,24.25,24.186579948935048,0.06342005106495208,Normal,No Offer Needed,False,Regular Customer,True
6034-ZRYCV,54.2,54.398397451080896,-0.19839745108089346,Normal,No Offer Needed,False,Regular Customer,True
9746-YKGXB,44.25,44.2559469423694,-0.0059469423693983,Normal,No Offer Needed,False,Regular Customer,True
3926-YZVVX,50.05,49.88406156370717,0.16593843629282645,Normal,No Offer Needed,False,Regular Customer,False
6000-UKLWI,20.15,20.408507376177546,-0.2585073761775476,Normal,No Offer Needed,False,Regular Customer,False
2079-FBMZK,69.25,69.1403130057801,0.10968699421989925,Normal,No Offer Needed,False,Regular Customer,False
6332-FBZRI,69.35,68.74811825548073,0.601881744519261,High Drop,Personalized Retention Offer,True,Outreach Customer,True
2096-XOTMO,19.35,19.32524035420293,0.02475964579707224,Normal,No Offer Needed,False,Regular Customer,False
3266-FTKHB,19.15,19.687298945525463,-0.537298945525464,Normal,No Offer Needed,False,Regular Customer,False
8221-EQDGL,61.0,60.30409043210447,0.6959095678955265,High Drop,Loyalty Discount Offer,True,Outreach Customer,False
2346-LOCWC,20.5,20.689009968413938,-0.1890099684139379,Normal,No Offer Needed,False,Regular Customer,True
6608-QQLVK,50.5,50.74658484085065,-0.2465848408506517,Normal,No Offer Needed,False,Regular Customer,False
0298-XACET,50.2,49.669430807620245,0.5305691923797582,High Drop,Online Security Add-on,True,Outreach Customer,True
7560-QJAVJ,79.6,79.67307987362521,-0.07307987362521828,Normal,No Offer Needed,False,Regular Customer,True
2995-YWTCD,24.9,25.144236135754014,-0.24423613575401504,Normal,No Offer Needed,False,Regular Customer,False
3551-HUAZH,74.4,74.59278305431432,-0.19278305431431875,Normal,No Offer Needed,False,Regular Customer,False
9137-UIYPG,106.9,106.60625214966845,0.29374785033155604,Normal,No Offer Needed,False,Regular Customer,True
2809-ZMYOQ,101.35,101.16280673700106,0.1871932629989317,Normal,No Offer Needed,False,Regular Customer,True
5084-OOVCJ,55.35,55.25979603639035,0.09020396360965321,Normal,No Offer Needed,False,Regular Customer,False
0254-WWRKD,50.55,50.131543139080996,0.4184568609190009,High Drop,Online Security Add-on,True,Outreach Customer,True
7727-SHVZV,19.5,20.01569972262455,-0.5156997226245501,Normal,No Offer Needed,False,Regular Customer,False
6302-JGYRJ,79.45,78.9671465583587,0.4828534416412964,High Drop,Online Security Add-on,True,Outreach Customer,False
5339-PXDVH,90.65,90.57683959836359,0.07316040163641446,Normal,No Offer Needed,False,Regular Customer,True
2205-LPVGL,89.85,89.39415689155089,0.4558431084491019,High Drop,Premium Entertainment Bundle,True,Outreach Customer,True
8782-NUUOL,79.0,78.69034879480208,0.3096512051979232,Normal,No Offer Needed,False,Regular Customer,True
3685-YLCMQ,104.65,104.84788345420657,-0.19788345420656128,Normal,No Offer Needed,False,Regular Customer,True
7601-WFVZV,19.55,20.013442243988326,-0.46344224398832523,Normal,No Offer Needed,False,Regular Customer,False
4609-KNNWG,19.9,20.006041965958342,-0.10604196595834381,Normal,No Offer Needed,False,Regular Customer,False
4868-AADLV,116.25,116.06804271096367,0.18195728903633324,Normal,No Offer Needed,False,Regular Customer,True
9529-OFXHY,87.75,87.54469287734754,0.20530712265245654,Normal,No Offer Needed,False,Regular Customer,True
8634-MPHTR,100.05,100.09799933808246,-0.04799933808246237,Normal,No Offer Needed,False,Regular Customer,True
2669-QVCRG,81.3,81.33830889970181,-0.03830889970181772,Normal,No Offer Needed,False,Regular Customer,True
2478-EEWWM,44.3,44.58197447180552,-0.28197447180552615,Normal,No Offer Needed,False,Regular Customer,True
9174-IHETN,70.35,70.64931565998117,-0.2993156599811755,Normal,No Offer Needed,False,Regular Customer,False
2233-TXSIU,44.45,44.65234378738421,-0.20234378738420844,Normal,No Offer Needed,False,Regular Customer,False
9644-UMGQA,49.15,49.26715998233178,-0.11715998233178482,Normal,No Offer Needed,False,Regular Customer,False
3256-EZDBI,29.45,29.490205184202228,-0.04020518420222885,Normal,No Offer Needed,False,Regular Customer,True
8761-NSOBC,100.55,100.76548438453078,-0.21548438453078234,Normal,No Offer Needed,False,Regular Customer,True
0419-YAAPX,85.3,85.19543656669458,0.10456343330541529,Normal,No Offer Needed,False,Regular Customer,True
8413-VONUO,95.65,95.71846939526007,-0.06846939526006679,Normal,No Offer Needed,False,Regular Customer,True
0872-CASZJ,69.1,68.72905427990513,0.37094572009486626,Normal,No Offer Needed,False,Regular Customer,True
4726-DLWQN,70.35,69.98200123043983,0.36799876956015964,Normal,No Offer Needed,False,Regular Customer,False
8164-OCKUJ,20.6,20.366798656651856,0.23320134334814568,Normal,No Offer Needed,False,Regular Customer,True
3094-JOJAI,74.15,73.83140173086004,0.3185982691399687,Normal,No Offer Needed,False,Regular Customer,False
9494-MRNYX,75.05,75.10492793552449,-0.05492793552448916,Normal,No Offer Needed,False,Regular Customer,False
2599-CZABP,44.6,44.78438093795767,-0.18438093795766974,Normal,No Offer Needed,False,Regular Customer,False
7945-PRBVF,21.45,21.99826510371207,-0.5482651037120689,Normal,No Offer Needed,False,Regular Customer,False
4544-RXFMG,43.45,43.16161533143011,0.28838466856988987,Normal,No Offer Needed,False,Regular Customer,False
0859-YGKFW,20.05,20.337492979316323,-0.28749297931632256,Normal,No Offer Needed,False,Regular Customer,False
1150-FTQGN,94.15,93.71462621052034,0.4353737894796694,High Drop,Premium Entertainment Bundle,True,Outreach Customer,True
9223-UCPVT,94.4,94.37304074267847,0.026959257321536256,Normal,No Offer Needed,False,Regular Customer,True
7196-LIWRH,19.55,20.120524759194105,-0.5705247591941038,Normal,No Offer Needed,False,Regular Customer,False
5448-VWNAM,75.9,75.01845137945631,0.8815486205436969,High Drop,Loyalty Discount Offer,True,Outreach Customer,False
1177-XZBJL,64.15,63.59305951967072,0.5569404803292883,High Drop,Personalized Retention Offer,True,Outreach Customer,True
3518-FSTWG,109.55,109.59280629336627,-0.04280629336626873,Normal,No Offer Needed,False,Regular Customer,True
9330-VOFSZ,110.8,110.70879643441125,0.09120356558874221,Normal,No Offer Needed,False,Regular Customer,True
4351-QLCSU,55.0,55.3089777831472,-0.30897778314719915,Normal,No Offer Needed,False,Regular Customer,False
0939-EREMR,53.45,52.84305999117951,0.6069400088204944,High Drop,Loyalty Discount Offer,True,Outreach Customer,False
9389-ACWBI,69.95,69.88255158169991,0.06744841830008852,Normal,No Offer Needed,False,Regular Customer,False
5419-JPRRN,101.45,101.29221704757414,0.15778295242586182,Normal,No Offer Needed,False,Regular Customer,True
3644-QXEHN,97.0,96.72167039599638,0.2783296040036163,Normal,No Offer Needed,False,Regular Customer,True
2911-IJORQ,90.6,90.12362342721555,0.4763765727844458,High Drop,Personalized Retention Offer,True,Outreach Customer,True
5921-NGYRH,73.55,73.30620779200592,0.2437922079940762,Normal,No Offer Needed,False,Regular Customer,True
2100-BDNSN,67.95,67.43597131569895,0.5140286843010529,High Drop,Loyalty Discount Offer,True,Outreach Customer,False
5998-DZLYR,94.35,94.26110222206441,0.08889777793558551,Normal,No Offer Needed,False,Regular Customer,True
0488-GSLFR,69.5,69.77784695808363,-0.2778469580836287,Normal,No Offer Needed,False,Regular Customer,False
9318-NKNFC,18.85,19.460943814107413,-0.6109438141074115,Normal,No Offer Needed,False,Regular Customer,False
3985-HOYPM,19.4,19.60930782283716,-0.20930782283716098,Normal,No Offer Needed,False,Regular Customer,False
9728-FTTVZ,69.2,69.48061693437954,-0.2806169343795375,Normal,No Offer Needed,False,Regular Customer,False
9548-LERKT,19.75,20.077154088143768,-0.327154088143768,Normal,No Offer Needed,False,Regular Customer,False
6576-FBXOJ,54.6,54.82595853408149,-0.22595853408148514,Normal,No Offer Needed,False,Regular Customer,False
4310-KEDTB,29.8,29.56140813767052,0.23859186232948204,Normal,No Offer Needed,False,Regular Customer,False
7254-IQWOZ,69.65,70.0110548131957,-0.3610548131956932,Normal,No Offer Needed,False,Regular Customer,False
2474-BRUCM,101.85,102.11603247528443,-0.2660324752844332,Normal,No Offer Needed,False,Regular Customer,True
4062-HBMOS,103.05,102.87717056023442,0.17282943976557874,Normal,No Offer Needed,False,Regular Customer,True
0742-NXBGR,82.3,82.07398707329988,0.22601292670012185,Normal,No Offer Needed,False,Regular Customer,True
2676-ISHSF,20.3,20.756517303248533,-0.4565173032485319,Normal,No Offer Needed,False,Regular Customer,False
9236-NDUCW,35.1,35.46166869723986,-0.36166869723985684,Normal,No Offer Needed,False,Regular Customer,False
4753-PADAS,105.7,105.23301488741623,0.46698511258377096,High Drop,Premium Entertainment Bundle,True,Outreach Customer,True
6103-QCKFX,56.25,55.883871838168794,0.366128161831206,Normal,No Offer Needed,False,Regular Customer,False
7781-EWARA,60.35,60.10963579207523,0.2403642079247703,Normal,No Offer Needed,False,Regular Customer,True
6110-OHIHY,79.25,79.49919050521679,-0.24919050521678798,Normal,No Offer Needed,False,Regular Customer,False
7018-FPXHH,59.8,59.429738721470585,0.37026127852941215,Normal,No Offer Needed,False,Regular Customer,True
5889-LFOLL,84.6,84.80746689726371,-0.20746689726371415,Normal,No Offer Needed,False,Regular Customer,True
5708-EVONK,93.4,93.25970386967002,0.1402961303299861,Normal,No Offer Needed,False,Regular Customer,True
8708-XPXHZ,94.2,94.24449049063989,-0.044490490639887526,Normal,No Offer Needed,False,Regular Customer,True
0616-ATFGB,25.05,25.916995616611384,-0.8669956166113835,Normal,No Offer Needed,False,Regular Customer,False
0572-ZJKLT,99.65,99.24621420461457,0.40378579538543136,Normal,No Offer Needed,False,Regular Customer,True
5135-RDDQL,50.65,50.509651635598296,0.14034836440170295,Normal,No Offer Needed,False,Regular Customer,True
1353-LJWEM,60.9,60.62036788289561,0.2796321171043914,Normal,No Offer Needed,False,Regular Customer,False
1794-SWWKL,59.65,59.02370104751053,0.6262989524894707,High Drop,Loyalty Discount Offer,True,Outreach Customer,False
6166-YIPFO,64.7,64.89756658263074,-0.197566582630742,Normal,No Offer Needed,False,Regular Customer,True
7016-BPGEU,25.1,25.739790912740506,-0.639790912740505,Normal,No Offer Needed,False,Regular Customer,False
6876-ADESB,48.95,49.12833664083691,-0.17833664083691048,Normal,No Offer Needed,False,Regular Customer,False
9332-GYWLO,54.85,54.73799952879271,0.1120004712072884,Normal,No Offer Needed,False,Regular Customer,False
1963-SVUCV,45.3,45.81954680454423,-0.519546804544234,Normal,No Offer Needed,False,Regular Customer,False
4184-VODJZ,91.35,91.25092808649369,0.0990719135063074,Normal,No Offer Needed,False,Regular Customer,True
0220-EBGCE,85.85,86.02151538310247,-0.1715153831024736,Normal,No Offer Needed,False,Regular Customer,True
1092-WPIVQ,25.1,25.139297238046908,-0.0392972380469061,Normal,No Offer Needed,False,Regular Customer,False
7233-IOQNP,34.0,34.05022258363963,-0.050222583639630614,Normal,No Offer Needed,False,Regular Customer,False
2834-JKOOW,45.9,45.622609848974506,0.277390151025493,Normal,No Offer Needed,False,Regular Customer,False
2754-VDLTR,95.2,95.26204026932953,-0.062040269329528996,Normal,No Offer Needed,False,Regular Customer,True
2400-FEQME,20.5,20.39048375888374,0.10951624111626046,Normal,No Offer Needed,False,Regular Customer,True
3190-XFANI,100.6,100.67180674489322,-0.07180674489322314,Normal,No Offer Needed,False,Regular Customer,True
7551-DACSP,55.3,54.68299247052749,0.6170075294725095,High Drop,Loyalty Discount Offer,True,Outreach Customer,False
4957-SREEC,20.35,20.498304767980112,-0.14830476798011105,Normal,No Offer Needed,False,Regular Customer,True
7235-NXZCP,74.85,74.65285062920023,0.1971493707997638,Normal,No Offer Needed,False,Regular Customer,False
0230-UBYPQ,36.1,36.10237349758676,-0.002373497586759754,Normal,No Offer Needed,False,Regular Customer,True
4923-ADWXJ,65.8,65.59591586405156,0.20408413594843466,Normal,No Offer Needed,False,Regular Customer,False
1763-KUAAW,20.35,20.79076528176754,-0.4407652817675398,Normal,No Offer Needed,False,Regular Customer,False
1104-TNLZA,105.8,105.47724148626774,0.3227585137322535,Normal,No Offer Needed,False,Regular Customer,True
5195-KPUNQ,96.75,96.52930665218855,0.2206933478114479,Normal,No Offer Needed,False,Regular Customer,True
0520-FDVVT,102.35,102.22599232526977,0.12400767473022256,Normal,No Offer Needed,False,Regular Customer,True
3439-GVUSX,24.4,24.845328300773605,-0.44532830077360686,Normal,No Offer Needed,False,Regular Customer,False
1444-VVSGW,115.65,115.754910058913,-0.1049100589129921,Normal,No Offer Needed,False,Regular Customer,True
5712-PTIWW,79.85,79.84547360964613,0.0045263903538597106,Normal,No Offer Needed,False,Regular Customer,False
5949-HGVJL,73.05,72.79795939893519,0.25204060106480597,Normal,No Offer Needed,False,Regular Customer,False
5203-XEHAX,64.35,64.43672251640155,-0.08672251640155082,Normal,No Offer Needed,False,Regular Customer,False
1635-HDGFT,20.5,20.817626453693247,-0.31762645369324716,Normal,No Offer Needed,False,Regular Customer,False
3315-TOTBP,76.0,75.7961667897241,0.20383321027590284,Normal,No Offer Needed,False,Regular Customer,False
8050-XGRVL,54.75,54.41523098702047,0.3347690129795282,Normal,No Offer Needed,False,Regular Customer,True
6661-HBGWL,104.75,104.41708991768051,0.3329100823194864,Normal,No Offer Needed,False,Regular Customer,True
1518-VOWAV,74.65,74.8020546034027,-0.15205460340268928,Normal,No Offer Needed,False,Regular Customer,False
9828-QHFBK,51.15,51.41274276311999,-0.2627427631199879,Normal,No Offer Needed,False,Regular Customer,False
3908-MKIMJ,41.95,42.007764434631355,-0.057764434631351946,Normal,No Offer Needed,False,Regular Customer,True
5012-YSPJJ,54.35,53.61488154528121,0.7351184547187941,High Drop,Loyalty Discount Offer,True,Outreach Customer,False
5909-ECHUI,56.25,56.724901255289446,-0.4749012552894456,Normal,No Offer Needed,False,Regular Customer,False
1309-BXVOQ,106.1,105.85635723787736,0.24364276212263292,Normal,No Offer Needed,False,Regular Customer,True
6728-VOIFY,96.0,96.02523003766166,-0.025230037661657434,Normal,No Offer Needed,False,Regular Customer,True
9317-WZPGV,79.75,79.94487723456805,-0.19487723456805384,Normal,No Offer Needed,False,Regular Customer,False
4891-NLUBA,61.45,61.21847445717777,0.23152554282223292,Normal,No Offer Needed,False,Regular Customer,True
2856-HYAPG,68.65,68.9566177044461,-0.30661770444609715,Normal,No Offer Needed,False,Regular Customer,False
8969-PRHFK,19.65,19.954987569922373,-0.30498756992237475,Normal,No Offer Needed,False,Regular Customer,False
0661-KQHNK,19.0,19.54042548185666,-0.5404254818566585,Normal,No Offer Needed,False,Regular Customer,False
8709-KRDVL,100.0,99.82957691700314,0.17042308299686226,Normal,No Offer Needed,False,Regular Customer,True
4488-PSYCG,20.25,20.935849186460022,-0.6858491864600218,Normal,No Offer Needed,False,Regular Customer,False
1427-VERSM,98.7,98.6038340314467,0.09616596855330783,Normal,No Offer Needed,False,Regular Customer,True
9801-NOSHQ,19.8,19.935130157063895,-0.13513015706389453,Normal,No Offer Needed,False,Regular Customer,False
6339-YPSAH,73.8,73.76897766814716,0.031022331852838647,Normal,No Offer Needed,False,Regular Customer,False
3621-CEOVK,100.2,99.94157731714824,0.2584226828517586,Normal,No Offer Needed,False,Regular Customer,True
6906-ANDWJ,74.9,74.70176106306009,0.1982389369399158,Normal,No Offer Needed,False,Regular Customer,False
2159-TURXX,20.05,20.889892420571034,-0.839892420571033,Normal,No Offer Needed,False,Regular Customer,False
1548-FEHVL,106.2,106.22292001063043,-0.022920010630429033,Normal,No Offer Needed,False,Regular Customer,True
3795-CAWEX,116.55,116.62599463014979,-0.07599463014979335,Normal,No Offer Needed,False,Regular Customer,True
6215-NQCPY,99.7,99.77010243212025,-0.07010243212025102,Normal,No Offer Needed,False,Regular Customer,True
5647-URDKA,19.7,20.09367440895244,-0.39367440895244243,Normal,No Offer Needed,False,Regular Customer,False
2229-DPMBI,19.5,19.817785357297264,-0.3177853572972644,Normal,No Offer Needed,False,Regular Customer,False
9626-WEQRM,29.15,29.487889470298963,-0.33788947029896477,Normal,No Offer Needed,False,Regular Customer,False
2188-SXWVT,55.0,54.5893196224591,0.41068037754089914,Normal,No Offer Needed,False,Regular Customer,False
6258-PVZWJ,90.8,90.77101211133842,0.028987888661575312,Normal,No Offer Needed,False,Regular Customer,True
1094-BKOSX,51.0,50.642461460899135,0.3575385391008652,Normal,No Offer Needed,False,Regular Customer,False
6969-MVBAI,90.1,89.67625102803517,0.42374897196482664,High Drop,Premium Entertainment Bundle,True,Outreach Customer,True
2978-XXSOG,59.05,58.59452455954578,0.4554754404542152,High Drop,Loyalty Discount Offer,True,Outreach Customer,False
2342-CKIAO,20.3,20.661081826470816,-0.36108182647081577,Normal,No Offer Needed,False,Regular Customer,False
6953-PBDIN,72.95,72.43053940369168,0.5194605963083205,High Drop,Online Security Add-on,True,Outreach Customer,True
3898-BSJYF,73.55,73.34215740679109,0.20784259320890897,Normal,No Offer Needed,False,Regular Customer,False
3938-YFPXD,84.3,84.53561261251839,-0.23561261251839483,Normal,No Offer Needed,False,Regular Customer,True
7696-AMHOD,78.0,77.58577077779472,0.4142292222052788,Normal,No Offer Needed,False,Regular Customer,False
2453-SAFNS,72.1,71.33272832669049,0.7672716733095086,High Drop,Online Security Add-on,True,Outreach Customer,True
9558-IHEZX,106.75,106.93125659694209,-0.18125659694209162,Normal,No Offer Needed,False,Regular Customer,True
9617-UDPEU,19.25,19.392299692425357,-0.14229969242535745,Normal,No Offer Needed,False,Regular Customer,False
6340-DACFT,20.55,20.83511580605384,-0.28511580605383813,Normal,No Offer Needed,False,Regular Customer,False
4955-VCWBI,20.0,19.690634864060513,0.3093651359394869,Normal,No Offer Needed,False,Regular Customer,False
6813-GZQCG,24.65,24.844183900077343,-0.19418390007734487,Normal,No Offer Needed,False,Regular Customer,False
7426-GSWPO,103.5,103.51471508404084,-0.014715084040844317,Normal,No Offer Needed,False,Regular Customer,True
3389-KTRXV,23.85,23.866695058065535,-0.016695058065533175,Normal,No Offer Needed,False,Regular Customer,False
3118-UHVVQ,25.8,25.913778025262754,-0.1137780252627536,Normal,No Offer Needed,False,Regular Customer,True
1031-IIDEO,70.85,71.11538206475198,-0.26538206475198933,Normal,No Offer Needed,False,Regular Customer,False
5832-XKAES,69.8,70.19650326750751,-0.3965032675075122,Normal,No Offer Needed,False,Regular Customer,False
3205-MXZRA,59.45,59.53944814447128,-0.08944814447127669,Normal,No Offer Needed,False,Regular Customer,False
4701-AHWMW,54.55,54.59628707408412,-0.046287074084119695,Normal,No Offer Needed,False,Regular Customer,True
8317-BVKSO,20.05,20.73645248190862,-0.6864524819086206,Normal,No Offer Needed,False,Regular Customer,False
5702-KVQRD,82.55,82.7253542308805,-0.17535423088050095,Normal,No Offer Needed,False,Regular Customer,True
0083-PIVIK,81.25,80.93646148340802,0.31353851659197574,Normal,No Offer Needed,False,Regular Customer,True
9210-IAHGH,70.75,70.99729311226562,-0.24729311226562345,Normal,No Offer Needed,False,Regular Customer,False
6169-PGNCD,74.3,74.14887150421235,0.15112849578764553,Normal,No Offer Needed,False,Regular Customer,True
0023-XUOPT,94.1,93.5315067765591,0.5684932234408961,High Drop,Premium Entertainment Bundle,True,Outreach Customer,True
4592-IWTJI,29.7,30.422481302649725,-0.7224813026497259,Normal,No Offer Needed,False,Regular Customer,False
4909-JOUPP,109.7,109.81468026701278,-0.11468026701277267,Normal,No Offer Needed,False,Regular Customer,True
4657-FWVFY,96.35,95.67559304637358,0.6744069536264163,High Drop,Premium Entertainment Bundle,True,Outreach Customer,True
2257-BOVXD,66.6,66.39637688323431,0.20362311676568368,Normal,No Offer Needed,False,Regular Customer,False
7729-JTEEC,44.5,44.607822563657614,-0.10782256365761356,Normal,No Offer Needed,False,Regular Customer,False
7632-MNYOY,110.9,111.05792124979975,-0.15792124979974176,Normal,No Offer Needed,False,Regular Customer,True
6518-LGAOV,105.0,104.80141453537051,0.19858546462948823,Normal,No Offer Needed,False,Regular Customer,True
7242-QZLXF,25.3,26.16246520399023,-0.8624652039902294,Normal,No Offer Needed,False,Regular Customer,False
4576-CSAJH,55.15,55.28739193714249,-0.13739193714248898,Normal,No Offer Needed,False,Regular Customer,False
1000-AJSLD,20.1,20.699402246207757,-0.599402246207756,Normal,No Offer Needed,False,Regular Customer,False
9696-RMYBA,80.1,79.76774543261367,0.33225456738632886,Normal,No Offer Needed,False,Regular Customer,True
8690-UPCZI,69.05,68.61452564523644,0.43547435476355645,High Drop,Personalized Retention Offer,True,Outreach Customer,False
1062-LHZOD,69.9,69.64020509090027,0.2597949090997389,Normal,No Offer Needed,False,Regular Customer,False
9770-LXDBK,20.4,20.749518804708188,-0.34951880470818963,Normal,No Offer Needed,False,Regular Customer,False
4086-WITJG,19.7,19.805599943031137,-0.1055999430311374,Normal,No Offer Needed,False,Regular Customer,True
8344-WFMFH,50.1,50.07745559627924,0.022544403720758055,Normal,No Offer Needed,False,Regular Customer,False
9600-NAXZN,101.4,101.56775487866673,-0.16775487866672734,Normal,No Offer Needed,False,Regular Customer,True
8822-KNBHV,83.45,83.16409241749334,0.2859075825066668,Normal,No Offer Needed,False,Regular Customer,True
8404-FYDIB,86.65,86.56057047743882,0.08942952256118986,Normal,No Offer Needed,False,Regular Customer,True
2791-SFVEW,20.15,20.678314924001143,-0.528314924001144,Normal,No Offer Needed,False,Regular Customer,False
6457-USBER,80.8,81.22007793652767,-0.4200779365276759,Normal,No Offer Needed,False,Regular Customer,True
6762-NSODU,19.4,19.733262127786556,-0.3332621277865577,Normal,No Offer Needed,False,Regular Customer,False
4662-EKDPQ,62.05,62.28717683503009,-0.23717683503009113,Normal,No Offer Needed,False,Regular Customer,False
9248-OJYKK,76.45,76.6238548829589,-0.17385488295889218,Normal,No Offer Needed,False,Regular Customer,False
9888-ZCUMM,60.05,60.14273752368705,-0.09273752368705601,Normal,No Offer Needed,False,Regular Customer,True
3398-FSHON,91.3,91.06265443516149,0.2373455648385061,Normal,No Offer Needed,False,Regular Customer,True
3319-DWOEP,95.75,95.67763679649717,0.07236320350283165,Normal,No Offer Needed,False,Regular Customer,True
1074-WVEVG,20.35,19.991819861037413,0.35818013896258805,Normal,No Offer Needed,False,Regular Customer,True
9979-RGMZT,94.05,93.5202984306583,0.5297015693416967,High Drop,Premium Entertainment Bundle,True,Outreach Customer,True
6437-UDQJM,84.1,84.02404833786028,0.07595166213971538,Normal,No Offer Needed,False,Regular Customer,True
1226-IENZN,78.75,79.04584019086433,-0.29584019086432534,Normal,No Offer Needed,False,Regular Customer,False
2108-GLPQB,55.55,55.31158443924146,0.23841556075853987,Normal,No Offer Needed,False,Regular Customer,False
9259-PACGQ,62.65,62.456976246581114,0.19302375341888478,Normal,No Offer Needed,False,Regular Customer,False
4415-IJZTP,74.5,74.6022810712654,-0.10228107126539498,Normal,No Offer Needed,False,Regular Customer,False
1465-VINDH,102.1,101.54635118157357,0.5536488184264243,High Drop,Premium Entertainment Bundle,True,Outreach Customer,True
5474-LAMUQ,20.1,20.207924806572795,-0.10792480657279313,Normal,No Offer Needed,False,Regular Customer,False
3468-DRVQJ,70.3,69.82796473487205,0.4720352651279427,High Drop,Personalized Retention Offer,True,Outreach Customer,False
1122-YJBCS,53.65,53.48897520293168,0.16102479706832185,Normal,No Offer Needed,False,Regular Customer,True
4990-ALDGW,20.75,20.825522671703197,-0.07552267170319737,Normal,No Offer Needed,False,Regular Customer,True
4816-OKWNX,103.4,102.92026526082206,0.4797347391779425,High Drop,Premium Entertainment Bundle,True,Outreach Customer,True
3315-IKYZQ,50.8,50.407259863172506,0.3927401368274914,Normal,No Offer Needed,False,Regular Customer,False
2810-FTLEM,50.15,50.51233336847642,-0.3623333684764205,Normal,No Offer Needed,False,Regular Customer,False
4747-LCAQL,79.0,78.58921972048995,0.4107802795100497,Normal,No Offer Needed,False,Regular Customer,False
3411-WLRSQ,74.6,74.21248528721104,0.3875147127889562,Normal,No Offer Needed,False,Regular Customer,False
0898-XCGTF,96.5,96.4378178129057,0.062182187094293795,Normal,No Offer Needed,False,Regular Customer,True
8006-PYCSW,20.1,20.46267213562482,-0.3626721356248197,Normal,No Offer Needed,False,Regular Customer,False
8249-THVEC,19.4,19.096846350580208,0.30315364941979084,Normal,No Offer Needed,False,Regular Customer,True
8722-PRFDV,77.55,77.65611220261648,-0.10611220261648668,Normal,No Offer Needed,False,Regular Customer,True
2164-SOQXL,20.05,19.985200931608997,0.0647990683910038,Normal,No Offer Needed,False,Regular Customer,False
4020-KIUDI,19.85,20.455073562481434,-0.605073562481433,Normal,No Offer Needed,False,Regular Customer,False
5850-BDWCY,20.2,20.518410318835834,-0.31841031883583426,Normal,No Offer Needed,False,Regular Customer,False
2038-YSEZE,67.45,66.76427214857233,0.6857278514276715,High Drop,Loyalty Discount Offer,True,Outreach Customer,False
0827-ITJPH,18.55,19.28119018367806,-0.7311901836780592,Normal,No Offer Needed,False,Regular Customer,False
8799-OXZMD,29.75,29.585645398410918,0.164354601589082,Normal,No Offer Needed,False,Regular Customer,False
1925-TIBLE,86.5,86.32465665217808,0.17534334782192218,Normal,No Offer Needed,False,Regular Customer,True
1705-GUHPV,24.2,24.04377586856304,0.1562241314369608,Normal,No Offer Needed,False,Regular Customer,True
4779-ZGICK,23.55,23.388439301015488,0.16156069898451264,Normal,No Offer Needed,False,Regular Customer,False
0048-PIHNL,20.45,20.396636851732197,0.05336314826780253,Normal,No Offer Needed,False,Regular Customer,False
0818-OCPZO,81.45,81.4339614782183,0.01603852178170939,Normal,No Offer Needed,False,Regular Customer,True
3967-KXAPS,92.3,92.30562470149103,-0.005624701491029782,Normal,No Offer Needed,False,Regular Customer,True
1447-GIQMR,69.15,69.38850302044916,-0.2385030204491585,Normal,No Offer Needed,False,Regular Customer,False
3704-IEAXF,53.65,53.75101958897292,-0.10101958897292462,Normal,No Offer Needed,False,Regular Customer,True
6810-VCAEX,39.65,39.80810566955672,-0.15810566955671845,Normal,No Offer Needed,False,Regular Customer,False
0674-EYYZV,54.65,54.761971769926795,-0.11197176992679658,Normal,No Offer Needed,False,Regular Customer,False
4480-MBMLB,104.8,104.31720247561638,0.48279752438361356,High Drop,Premium Entertainment Bundle,True,Outreach Customer,True
1395-OFUWC,29.3,29.32627033260009,-0.026270332600088153,Normal,No Offer Needed,False,Regular Customer,False
0822-QGCXA,83.85,83.24802390827796,0.6019760917220367,High Drop,Loyalty Discount Offer,True,Outreach Customer,True
0872-NXJYS,79.55,79.912106656395,-0.3621066563949995,Normal,No Offer Needed,False,Regular Customer,False
2832-KJCRD,103.65,103.42127933507396,0.22872066492604404,Normal,No Offer Needed,False,Regular Customer,True
3588-WSTTJ,99.05,99.16513156105557,-0.11513156105557698,Normal,No Offer Needed,False,Regular Customer,True
5090-EMGTC,100.05,99.85349557556405,0.1965044244359433,Normal,No Offer Needed,False,Regular Customer,True
2346-CZYIL,20.35,21.189250070600178,-0.8392500706001762,Normal,No Offer Needed,False,Regular Customer,False
3798-EPWRR,43.95,44.233927029524345,-0.28392702952434234,Normal,No Offer Needed,False,Regular Customer,False
6258-NGCNG,23.5,23.737663669107643,-0.23766366910764347,Normal,No Offer Needed,False,Regular Customer,False
4186-ZBUEW,70.7,70.11778548320085,0.582214516799155,High Drop,Online Security Add-on,True,Outreach Customer,False
5274-XHAKY,94.3,93.70432317270448,0.5956768272955202,High Drop,Premium Entertainment Bundle,True,Outreach Customer,True
1442-BQPVU,29.15,29.559500309913595,-0.40950030991359654,Normal,No Offer Needed,False,Regular Customer,False
3978-YNKDD,20.85,21.68980950338172,-0.8398095033817192,Normal,No Offer Needed,False,Regular Customer,False
4940-KHCWD,37.7,37.68653902040025,0.013460979599756229,Normal,No Offer Needed,False,Regular Customer,True
9412-ARGBX,95.5,95.03394445584306,0.4660555441569443,High Drop,Premium Entertainment Bundle,True,Outreach Customer,True
1389-CXMLU,91.05,90.86386983782972,0.18613016217027223,Normal,No Offer Needed,False,Regular Customer,True
9589-ABEPT,92.45,92.05637583021027,0.3936241697897316,Normal,No Offer Needed,False,Regular Customer,True
9388-ZEYVT,44.15,44.47049666752944,-0.32049666752944006,Normal,No Offer Needed,False,Regular Customer,False
0305-SQECB,36.05,36.12602925170993,-0.07602925170993302,Normal,No Offer Needed,False,Regular Customer,False
7605-SNLQG,50.25,49.95375788942312,0.2962421105768769,Normal,No Offer Needed,False,Regular Customer,False
4670-TABXH,109.75,109.80848922415944,-0.058489224159444575,Normal,No Offer Needed,False,Regular Customer,True
5561-NWEVX,79.2,78.95829617221105,0.24170382778895316,Normal,No Offer Needed,False,Regular Customer,False
0064-SUDOG,20.3,20.793212685802626,-0.4932126858026251,Normal,No Offer Needed,False,Regular Customer,False
8561-NMTBD,112.35,111.96648972997629,0.38351027002370586,Normal,No Offer Needed,False,Regular Customer,True
5161-XEUVX,94.3,93.73650592847588,0.5634940715241186,High Drop,Premium Entertainment Bundle,True,Outreach Customer,True
8292-FRFZQ,41.15,41.200239306140645,-0.050239306140646534,Normal,No Offer Needed,False,Regular Customer,False
8591-NXRCV,74.65,74.3376061388344,0.31239386116560297,Normal,No Offer Needed,False,Regular Customer,False
7895-VONWT,48.25,48.56036793800572,-0.3103679380057187,Normal,No Offer Needed,False,Regular Customer,False
4526-RMTLL,76.15,76.12370801256363,0.026291987436380282,Normal,No Offer Needed,False,Regular Customer,False
6253-GNHWH,71.1,70.27940867216016,0.8205913278398356,High Drop,Personalized Retention Offer,True,Outreach Customer,True
4566-NECEV,96.55,96.19351861852793,0.3564813814720651,Normal,No Offer Needed,False,Regular Customer,True
8080-POTJR,79.3,79.1984325085066,0.10156749149339817,Normal,No Offer Needed,False,Regular Customer,False
6906-MPARY,89.6,89.7139649034955,-0.11396490349549993,Normal,No Offer Needed,False,Regular Customer,True
3662-FXJFO,20.5,20.50053915783939,-0.00053915783939118,Normal,No Offer Needed,False,Regular Customer,True
8107-RZLNV,106.3,106.2220391232097,0.07796087679029995,Normal,No Offer Needed,False,Regular Customer,True
0516-OOHAR,100.35,99.8036643715418,0.5463356284581948,High Drop,Premium Entertainment Bundle,True,Outreach Customer,True
2027-CWDNU,85.6,85.57917041626355,0.02082958373644317,Normal,No Offer Needed,False,Regular Customer,True
2737-WFVYW,45.25,46.0486479360124,-0.7986479360124008,Normal,No Offer Needed,False,Regular Customer,False
9912-OMZDS,106.15,105.73494925807384,0.41505074192616576,Normal,No Offer Needed,False,Regular Customer,True
3733-ZEECP,51.1,51.01588473883056,0.08411526116944401,Normal,No Offer Needed,False,Regular Customer,False
7878-RTCZG,19.9,20.27561776171639,-0.3756177617163914,Normal,No Offer Needed,False,Regular Customer,False
2452-MRMZF,25.7,25.743089748713064,-0.043089748713065035,Normal,No Offer Needed,False,Regular Customer,True
2272-QAGFO,74.3,74.42842627399192,-0.12842627399191997,Normal,No Offer Needed,False,Regular Customer,False
7103-IPXPJ,99.4,99.4579924529027,-0.05799245290269539,Normal,No Offer Needed,False,Regular Customer,True
4342-HFXWS,69.7,69.03587359926152,0.664126400738482,High Drop,Personalized Retention Offer,True,Outreach Customer,False
3545-CNWRG,98.35,98.05467892456606,0.2953210754339324,Normal,No Offer Needed,False,Regular Customer,True
1785-BPHTP,85.45,85.09330049449864,0.35669950550136775,Normal,No Offer Needed,False,Regular Customer,True
4989-LIXVT,95.9,95.85173633270075,0.04826366729925269,Normal,No Offer Needed,False,Regular Customer,True
7315-WYOAW,100.75,100.66941664077174,0.08058335922825677,Normal,No Offer Needed,False,Regular Customer,True
1173-XZPYF,89.2,88.78621563447903,0.41378436552096787,Normal,No Offer Needed,False,Regular Customer,True
9850-OWRHQ,74.1,74.11934415406809,-0.019344154068093644,Normal,No Offer Needed,False,Regular Customer,False
3768-NLUBH,100.6,100.69759071409607,-0.09759071409607145,Normal,No Offer Needed,False,Regular Customer,True
8676-TRMJS,75.0,74.81332068596802,0.18667931403197713,Normal,No Offer Needed,False,Regular Customer,False
2509-TFPJU,25.75,25.877510069879932,-0.12751006987993208,Normal,No Offer Needed,False,Regular Customer,True
9530-GRMJG,84.1,83.82232736029673,0.27767263970326894,Normal,No Offer Needed,False,Regular Customer,True
6898-RBTLU,79.3,78.92874662985597,0.37125337014403215,Normal,No Offer Needed,False,Regular Customer,False
5481-NTDOH,107.05,107.09228586387844,-0.04228586387844757,Normal,No Offer Needed,False,Regular Customer,True
2068-WWXQZ,20.05,20.48509759303795,-0.43509759303794837,Normal,No Offer Needed,False,Regular Customer,False
7359-SSBJK,70.2,70.41864099988199,-0.21864099988198404,Normal,No Offer Needed,False,Regular Customer,True
2061-VVFST,19.5,19.599816064303987,-0.0998160643039867,Normal,No Offer Needed,False,Regular Customer,False
0685-MLYYM,70.75,71.04487171460408,-0.2948717146040849,Normal,No Offer Needed,False,Regular Customer,False
0749-IRGQE,45.3,45.76119706047149,-0.4611970604714912,Normal,No Offer Needed,False,Regular Customer,False
2380-DAMQP,115.15,115.25230894093023,-0.10230894093022869,Normal,No Offer Needed,False,Regular Customer,True
2256-YLYLP,72.95,72.74305746502145,0.20694253497855186,Normal,No Offer Needed,False,Regular Customer,True
1272-ILHFG,19.65,19.75346829851233,-0.10346829851233252,Normal,No Offer Needed,False,Regular Customer,False
0164-XAIRP,19.55,20.128824949747326,-0.5788249497473252,Normal,No Offer Needed,False,Regular Customer,False
5666-CYCYZ,89.55,89.55719860784085,-0.007198607840848581,Normal,No Offer Needed,False,Regular Customer,True
4011-ARPHK,50.35,50.23638751606105,0.11361248393895096,Normal,No Offer Needed,False,Regular Customer,False
8182-PNAGI,50.25,50.446990970774095,-0.19699097077409533,Normal,No Offer Needed,False,Regular Customer,False
6365-HITVU,87.25,87.1763958089198,0.073604191080193,Normal,No Offer Needed,False,Regular Customer,True
7558-IMLMT,20.8,20.533016149913628,0.2669838500863726,Normal,No Offer Needed,False,Regular Customer,True
9488-FYQAU,109.25,108.97511758333553,0.2748824166644681,Normal,No Offer Needed,False,Regular Customer,True
3590-TCXTB,20.35,20.806055640532545,-0.45605564053254355,Normal,No Offer Needed,False,Regular Customer,False
6994-KERXL,55.9,56.293849873907206,-0.3938498739072074,Normal,No Offer Needed,False,Regular Customer,False
7957-RYHQD,79.2,79.39738141836754,-0.19738141836754153,Normal,No Offer Needed,False,Regular Customer,False
2180-DXNEG,96.0,95.97534172593001,0.024658274069992103,Normal,No Offer Needed,False,Regular Customer,True
1960-UOTYM,79.2,79.11320327137395,0.08679672862605514,Normal,No Offer Needed,False,Regular Customer,True
2740-JFBOK,24.0,24.565426011029018,-0.5654260110290181,Normal,No Offer Needed,False,Regular Customer,False
6500-JVEGC,101.35,101.11284686273072,0.23715313726927434,Normal,No Offer Needed,False,Regular Customer,True
5515-AKOAJ,100.1,100.3361459556052,-0.23614595560520968,Normal,No Offer Needed,False,Regular Customer,True
8976-OQHGT,56.5,55.956006001735226,0.5439939982647743,High Drop,Loyalty Discount Offer,True,Outreach Customer,False
5245-VDBUR,35.45,35.097351169023895,0.3526488309761078,Normal,No Offer Needed,False,Regular Customer,True
6230-BSUXY,85.0,85.09766467844142,-0.09766467844141857,Normal,No Offer Needed,False,Regular Customer,True
8469-SNFFH,79.4,78.7196739089697,0.6803260910303095,High Drop,Personalized Retention Offer,True,Outreach Customer,True
2144-ESWKO,35.2,35.498690219276945,-0.29869021927694206,Normal,No Offer Needed,False,Regular Customer,False
1241-FPMOF,19.65,19.792423793429,-0.1424237934289998,Normal,No Offer Needed,False,Regular Customer,True
9928-BZVLZ,49.85,50.121407112421544,-0.27140711242154225,Normal,No Offer Needed,False,Regular Customer,False
4114-QMKVN,68.75,68.31782030665511,0.43217969334489226,High Drop,Personalized Retention Offer,True,Outreach Customer,True
9003-CPATH,79.9,79.75508627037489,0.14491372962511662,Normal,No Offer Needed,False,Regular Customer,False
1754-GKYPY,89.75,89.66609251191366,0.0839074880863393,Normal,No Offer Needed,False,Regular Customer,True
5294-CDGWY,59.3,59.42038751807563,-0.1203875180756313,Normal,No Offer Needed,False,Regular Customer,True
7956-XQWGU,19.4,19.966257389545788,-0.5662573895457896,Normal,No Offer Needed,False,Regular Customer,False
1591-MQJTP,93.65,93.51484070383229,0.13515929616771416,Normal,No Offer Needed,False,Regular Customer,True
5295-PCJOO,49.4,49.810776946993904,-0.41077694699390577,Normal,No Offer Needed,False,Regular Customer,False
2369-FEVNO,19.9,20.33928812478573,-0.43928812478572965,Normal,No Offer Needed,False,Regular Customer,False
9863-JZAIC,55.0,54.885619765799575,0.11438023420042498,Normal,No Offer Needed,False,Regular Customer,False
7471-MQPOS,72.9,72.20836901332311,0.6916309866768984,High Drop,Online Security Add-on,True,Outreach Customer,True
7660-HDPJV,69.2,69.48061693437954,-0.2806169343795375,Normal,No Offer Needed,False,Regular Customer,False
5115-SQAAU,25.6,25.329820076504475,0.270179923495526,Normal,No Offer Needed,False,Regular Customer,True
9845-QOMAD,19.75,19.862853561369004,-0.11285356136900404,Normal,No Offer Needed,False,Regular Customer,False
7672-VFMXZ,55.7,55.64579591969035,0.054204080309652625,Normal,No Offer Needed,False,Regular Customer,True
9739-JLPQJ,117.5,117.58334668286396,-0.08334668286396152,Normal,No Offer Needed,False,Regular Customer,True
9916-AYHTC,19.85,20.45463601694126,-0.6046360169412601,Normal,No Offer Needed,False,Regular Customer,False
3855-ONCAR,78.9,78.25803997612158,0.6419600238784255,High Drop,Premium Entertainment Bundle,True,Outreach Customer,False
1488-SYSFC,20.65,20.925945122801927,-0.27594512280192873,Normal,No Offer Needed,False,Regular Customer,False
7931-PXHFC,62.3,62.08652896326977,0.21347103673022616,Normal,No Offer Needed,False,Regular Customer,False
3990-QYKBE,92.5,92.67785897640483,-0.17785897640483483,Normal,No Offer Needed,False,Regular Customer,True
0970-QXPXW,19.65,20.027926075296325,-0.37792607529632605,Normal,No Offer Needed,False,Regular Customer,False
3259-KNMRR,79.75,79.52934054775406,0.22065945224593975,Normal,No Offer Needed,False,Regular Customer,True
6120-RJKLU,79.95,80.02997744988677,-0.07997744988676914,Normal,No Offer Needed,False,Regular Customer,True
9572-WUKSB,29.9,30.449472980807524,-0.5494729808075256,Normal,No Offer Needed,False,Regular Customer,False
5893-KCLGT,19.75,19.492106850439285,0.2578931495607151,Normal,No Offer Needed,False,Regular Customer,True
0076-LVEPS,45.0,44.57523589781596,0.42476410218404226,High Drop,Loyalty Discount Offer,True,Outreach Customer,False
3640-JQGJG,44.8,44.70075412239263,0.09924587760736614,Normal,No Offer Needed,False,Regular Customer,False
4919-MOAVT,69.65,69.93001940760519,-0.28001940760518096,Normal,No Offer Needed,False,Regular Customer,False
1596-OQSPS,51.1,51.08726749404876,0.012732505951241535,Normal,No Offer Needed,False,Regular Customer,False
9867-XOBQA,53.15,52.88640973355203,0.2635902664479701,Normal,No Offer Needed,False,Regular Customer,False
9546-KDTRB,24.7,24.951500362446286,-0.2515003624462864,Normal,No Offer Needed,False,Regular Customer,False
3090-HAWSU,111.6,112.1621509088955,-0.5621509088955037,Normal,No Offer Needed,False,Regular Customer,True
9820-RMCQV,48.55,49.00737625619908,-0.4573762561990833,Normal,No Offer Needed,False,Regular Customer,False
3174-RKMOW,109.95,109.33595363560039,0.6140463643996128,High Drop,Premium Entertainment Bundle,True,Outreach Customer,True
1760-CAZHT,20.8,20.874908201965557,-0.07490820196555603,Normal,No Offer Needed,False,Regular Customer,False
7839-QRKXN,20.2,20.713886077515756,-0.5138860775157568,Normal,No Offer Needed,False,Regular Customer,False
8441-SHIPE,25.6,25.616067859890443,-0.016067859890441127,Normal,No Offer Needed,False,Regular Customer,True
5204-QZXPU,39.65,40.09831199764052,-0.44831199764052343,Normal,No Offer Needed,False,Regular Customer,False
4597-ELFTS,24.9,25.191283943243477,-0.29128394324347795,Normal,No Offer Needed,False,Regular Customer,True
1320-GVNHT,108.4,108.50769536112712,-0.10769536112711364,Normal,No Offer Needed,False,Regular Customer,True
1047-RNXZV,19.55,19.799326011520716,-0.24932601152071499,Normal,No Offer Needed,False,Regular Customer,False
3541-ZNUHK,85.1,84.73879966358764,0.3612003364123524,Normal,No Offer Needed,False,Regular Customer,True
8450-JOVAH,56.7,56.433758120520615,0.26624187947938793,Normal,No Offer Needed,False,Regular Customer,False
8725-JEDFD,69.05,68.83707500021382,0.21292499978618196,Normal,No Offer Needed,False,Regular Customer,False
7562-UXTPG,70.15,69.86273663920075,0.2872633607992583,Normal,No Offer Needed,False,Regular Customer,False
8071-SBTRN,111.15,110.97587666463082,0.17412333536918823,Normal,No Offer Needed,False,Regular Customer,True
1113-IUJYX,105.95,105.412275415767,0.5377245842330041,High Drop,Premium Entertainment Bundle,True,Outreach Customer,True
6668-CNMFP,89.35,88.94472030371244,0.40527969628755045,Normal,No Offer Needed,False,Regular Customer,True
5626-MGTUK,89.1,88.85689590343436,0.2431040965656308,Normal,No Offer Needed,False,Regular Customer,True
5681-LLOEI,91.25,90.94091560014587,0.30908439985412883,Normal,No Offer Needed,False,Regular Customer,True
8212-DJRCH,90.35,89.78023377771295,0.5697662222870434,High Drop,Premium Entertainment Bundle,True,Outreach Customer,True
4323-OHFOW,105.55,105.26077875437863,0.28922124562136275,Normal,No Offer Needed,False,Regular Customer,True
4933-BSAIP,19.1,19.16721957813704,-0.06721957813703838,Normal,No Offer Needed,False,Regular Customer,False
2030-BTZRO,20.4,21.218082815919068,-0.8180828159190696,Normal,No Offer Needed,False,Regular Customer,False
1116-DXXDF,100.45,100.79424512548832,-0.3442451254883139,Normal,No Offer Needed,False,Regular Customer,True
9274-CNFMO,74.95,75.03547029874079,-0.0854702987407876,Normal,No Offer Needed,False,Regular Customer,False
7758-XKCBS,29.7,30.43071638759183,-0.7307163875918299,Normal,No Offer Needed,False,Regular Customer,False
8992-JQYUN,50.35,50.86166532474002,-0.5116653247400151,Normal,No Offer Needed,False,Regular Customer,False
6563-VNPMN,85.7,85.45089159393763,0.24910840606237628,Normal,No Offer Needed,False,Regular Customer,True
0617-AQNWT,47.85,48.321431284126376,-0.4714312841263748,Normal,No Offer Needed,False,Regular Customer,True
2267-WTPYD,94.0,93.75816020120688,0.2418397987931229,Normal,No Offer Needed,False,Regular Customer,True
0270-THENM,69.85,69.31520802122171,0.5347919787782871,High Drop,Personalized Retention Offer,True,Outreach Customer,True
2446-PLQVO,70.3,70.65505319788787,-0.3550531978878695,Normal,No Offer Needed,False,Regular Customer,False
4707-MAXGU,25.85,25.978274327371736,-0.1282743273717344,Normal,No Offer Needed,False,Regular Customer,True
2710-WYVXG,71.1,70.9757840847848,0.12421591521518849,Normal,No Offer Needed,False,Regular Customer,False
3005-NFMTA,98.8,99.29862802777426,-0.4986280277742594,Normal,No Offer Needed,False,Regular Customer,True
6300-BWMJX,93.35,92.92754807999648,0.4224519200035104,High Drop,Premium Entertainment Bundle,True,Outreach Customer,True
8784-CGILN,99.85,99.69988670624053,0.15011329375946048,Normal,No Offer Needed,False,Regular Customer,True
5389-FFVKB,80.3,80.67953490711001,-0.37953490711001336,Normal,No Offer Needed,False,Regular Customer,True
7009-LGECI,50.55,50.66079356031319,-0.11079356031319065,Normal,No Offer Needed,False,Regular Customer,False
8444-WRIDW,80.45,80.4628169792723,-0.01281697927230141,Normal,No Offer Needed,False,Regular Customer,True
5022-KVDQT,81.3,81.12825595715896,0.17174404284104128,Normal,No Offer Needed,False,Regular Customer,True
7976-CICYS,20.7,21.52561603146437,-0.8256160314643708,Normal,No Offer Needed,False,Regular Customer,False
1036-GUDCL,79.05,78.8883955679725,0.1616044320275023,Normal,No Offer Needed,False,Regular Customer,True
2005-DWQZJ,19.05,19.380485045405816,-0.33048504540581547,Normal,No Offer Needed,False,Regular Customer,False
8148-WOCMK,19.6,20.41966524556801,-0.8196652455680074,Normal,No Offer Needed,False,Regular Customer,False
7815-PDTHL,20.2,20.503759808254966,-0.3037598082549664,Normal,No Offer Needed,False,Regular Customer,False
9451-LPGOO,86.8,87.05741121837704,-0.25741121837704384,Normal,No Offer Needed,False,Regular Customer,True
9173-IVZVP,20.9,20.72591225280156,0.17408774719843834,Normal,No Offer Needed,False,Regular Customer,True
9129-UXERG,103.6,103.2773915796149,0.3226084203850945,Normal,No Offer Needed,False,Regular Customer,True
3635-JBPSG,38.8,39.139205238917945,-0.3392052389179483,Normal,No Offer Needed,False,Regular Customer,False
7964-ZRKKG,88.4,88.00548920641029,0.39451079358971697,Normal,No Offer Needed,False,Regular Customer,True
5868-YWPDW,84.2,84.30123152862659,-0.10123152862658458,Normal,No Offer Needed,False,Regular Customer,True
6229-LSCKB,79.7,79.77025238068639,-0.07025238068638373,Normal,No Offer Needed,False,Regular Customer,False
2025-JKFWI,99.0,98.68662890621962,0.31337109378037553,Normal,No Offer Needed,False,Regular Customer,True
4078-SAYYN,100.75,100.5808279822869,0.16917201771309465,Normal,No Offer Needed,False,Regular Customer,True
1724-IQWNM,19.3,19.64134585297756,-0.34134585297756104,Normal,No Offer Needed,False,Regular Customer,False
8217-QYOHV,55.75,55.58917004645036,0.16082995354963714,Normal,No Offer Needed,False,Regular Customer,False
5546-QUERU,19.95,20.274816695538778,-0.3248166955387788,Normal,No Offer Needed,False,Regular Customer,False
9940-HPQPG,91.75,91.15755881862276,0.5924411813772394,High Drop,Premium Entertainment Bundle,True,Outreach Customer,True
6897-UUBNU,89.65,89.1071733190354,0.542826680964609,High Drop,Premium Entertainment Bundle,True,Outreach Customer,True
6127-IYJOZ,45.85,45.798680312139545,0.05131968786045604,Normal,No Offer Needed,False,Regular Customer,False
6618-RYATB,79.55,79.01373581150138,0.5362641884986203,High Drop,Premium Entertainment Bundle,True,Outreach Customer,False
8930-XOTDP,55.95,55.411480070410995,0.5385199295890075,High Drop,Loyalty Discount Offer,True,Outreach Customer,False
5916-QEWPT,69.0,68.87097871261291,0.12902128738708996,Normal,No Offer Needed,False,Regular Customer,False
5060-TQUQN,83.55,82.94176411834185,0.6082358816581461,High Drop,Premium Entertainment Bundle,True,Outreach Customer,True
0531-XBKMM,65.7,65.47290902409011,0.22709097590988847,Normal,No Offer Needed,False,Regular Customer,True
8465-SBRXP,94.9,94.45519548338608,0.44480451661392806,High Drop,Premium Entertainment Bundle,True,Outreach Customer,True
2408-PSJVE,61.9,60.964794222611076,0.9352057773889229,High Drop,Loyalty Discount Offer,True,Outreach Customer,False
9079-YEXQJ,111.1,110.99008471346343,0.10991528653656246,Normal,No Offer Needed,False,Regular Customer,True
9700-ZCLOT,20.0,20.4466929776755,-0.4466929776755002,Normal,No Offer Needed,False,Regular Customer,False
8738-JOKAR,67.7,67.33335948746576,0.36664051253424645,Normal,No Offer Needed,False,Regular Customer,False
4534-WGCIR,25.15,25.233719758661586,-0.0837197586615872,Normal,No Offer Needed,False,Regular Customer,True
1930-WNXSB,92.85,92.77169700001461,0.07830299998538237,Normal,No Offer Needed,False,Regular Customer,True
2685-SREOM,89.1,88.91429793889051,0.18570206110948106,Normal,No Offer Needed,False,Regular Customer,True
3508-CFVZL,111.3,111.11555004511344,0.1844499548865599,Normal,No Offer Needed,False,Regular Customer,True
0402-CQAJN,101.9,101.49934771077119,0.400652289228816,Normal,No Offer Needed,False,Regular Customer,True
6692-UDPJC,91.65,91.30128000199213,0.3487199980078799,Normal,No Offer Needed,False,Regular Customer,True
1273-MTETI,88.85,88.79737736997599,0.052622630024004025,Normal,No Offer Needed,False,Regular Customer,True
0657-DOGUM,60.6,60.22459190450797,0.375408095492034,Normal,No Offer Needed,False,Regular Customer,False
5480-HPRRX,25.3,26.187852645318163,-0.8878526453181621,Normal,No Offer Needed,False,Regular Customer,False
8792-AOROI,65.5,65.48160951082801,0.01839048917199193,Normal,No Offer Needed,False,Regular Customer,False
0295-PPHDO,95.45,95.5516431345328,-0.10164313453279306,Normal,No Offer Needed,False,Regular Customer,True
5146-YYFRZ,19.95,20.152120009036985,-0.20212000903698524,Normal,No Offer Needed,False,Regular Customer,True
1195-OIYEJ,91.1,91.41066584495644,-0.31066584495644634,Normal,No Offer Needed,False,Regular Customer,True
5906-CVLHP,54.15,53.870222719169675,0.2797772808303236,Normal,No Offer Needed,False,Regular Customer,False
3452-SRFEG,74.6,74.51104387650369,0.08895612349630255,Normal,No Offer Needed,False,Regular Customer,False
4070-OKWVH,94.6,93.92477138762243,0.6752286123775662,High Drop,Premium Entertainment Bundle,True,Outreach Customer,True
5297-MDOIR,81.15,81.10467726899793,0.045322731002073624,Normal,No Offer Needed,False,Regular Customer,True
6369-MCAKO,89.05,88.62919217337112,0.4208078266288737,High Drop,Personalized Retention Offer,True,Outreach Customer,True
4926-UMJZD,49.2,48.6838147944887,0.5161852055113059,High Drop,Loyalty Discount Offer,True,Outreach Customer,False
6848-HJTXY,19.45,19.664242130226764,-0.21424213022676497,Normal,No Offer Needed,False,Regular Customer,True
6341-AEVKX,104.3,104.35038914406985,-0.05038914406985384,Normal,No Offer Needed,False,Regular Customer,True
4501-EQDRN,69.7,69.83992676795333,-0.1399267679533267,Normal,No Offer Needed,False,Regular Customer,False
2990-HWIML,89.5,89.72819994425659,-0.22819994425658763,Normal,No Offer Needed,False,Regular Customer,True
0682-USIXD,86.05,85.82858560305029,0.22141439694971154,Normal,No Offer Needed,False,Regular Customer,True
6976-BWGLQ,25.2,24.932941332302008,0.2670586676979916,Normal,No Offer Needed,False,Regular Customer,True
7078-NVFAM,35.15,35.179212265984674,-0.029212265984675412,Normal,No Offer Needed,False,Regular Customer,False
8065-QBYTO,99.65,99.62923794747451,0.02076205252549812,Normal,No Offer Needed,False,Regular Customer,True
2133-TSRRM,105.35,104.92780966828764,0.42219033171235765,High Drop,Premium Entertainment Bundle,True,Outreach Customer,True
7384-GHBPI,35.15,36.04299058788496,-0.8929905878849596,Normal,No Offer Needed,False,Regular Customer,False
7603-USHJS,73.75,73.88060621363248,-0.1306062136324755,Normal,No Offer Needed,False,Regular Customer,False
7234-FECYN,101.35,101.17238378978794,0.17761621021205087,Normal,No Offer Needed,False,Regular Customer,True
2511-ALLCS,24.3,24.40151015589503,-0.10151015589502776,Normal,No Offer Needed,False,Regular Customer,False
3191-CSNMG,80.7,80.43135245089823,0.2686475491017717,Normal,No Offer Needed,False,Regular Customer,True
7952-OBOYL,89.85,89.1517309506426,0.6982690493573926,High Drop,Premium Entertainment Bundle,True,Outreach Customer,True
7470-DYNOE,61.1,61.176043605767155,-0.07604360576715408,Normal,No Offer Needed,False,Regular Customer,True
7853-OETYL,29.05,29.653732735733907,-0.6037327357339066,Normal,No Offer Needed,False,Regular Customer,False
1545-ACTAS,99.7,99.46566958040016,0.2343304195998428,Normal,No Offer Needed,False,Regular Customer,True
5876-HZVZM,55.9,55.92320239525295,-0.023202395252951646,Normal,No Offer Needed,False,Regular Customer,False
1400-MMYXY,105.9,105.41554942704333,0.4844505729566748,High Drop,Premium Entertainment Bundle,True,Outreach Customer,True
5126-RCXYW,46.0,46.274290730271886,-0.2742907302718862,Normal,No Offer Needed,False,Regular Customer,True
3085-QUOZK,43.95,44.00952809020674,-0.0595280902067401,Normal,No Offer Needed,False,Regular Customer,False
2363-BJLSL,80.4,80.02368161714581,0.37631838285419406,Normal,No Offer Needed,False,Regular Customer,True
1956-YIFGE,100.05,99.19512289548385,0.8548771045161487,High Drop,Premium Entertainment Bundle,True,Outreach Customer,True
3926-CUQZX,45.1,45.44347495576045,-0.34347495576044906,Normal,No Offer Needed,False,Regular Customer,False
7921-LMDFQ,94.0,94.00798678524428,-0.007986785244284533,Normal,No Offer Needed,False,Regular Customer,True
2925-MXLSX,68.95,68.44904229145168,0.5009577085483272,High Drop,Online Security Add-on,True,Outreach Customer,False
5820-PTRYM,68.45,67.91232003903903,0.5376799609609719,High Drop,Personalized Retention Offer,True,Outreach Customer,True
9609-BENEA,69.0,68.56371901477101,0.43628098522898995,High Drop,Online Security Add-on,True,Outreach Customer,False
6211-WHMYA,43.85,43.71404957373542,0.13595042626457854,Normal,No Offer Needed,False,Regular Customer,True
4459-BBGHE,44.5,44.95738528456882,-0.4573852845688222,Normal,No Offer Needed,False,Regular Customer,False
9945-PSVIP,18.7,18.791513504576585,-0.0915135045765858,Normal,No Offer Needed,False,Regular Customer,False
1041-RXHRA,70.25,70.37021910950403,-0.1202191095040348,Normal,No Offer Needed,False,Regular Customer,False
1750-CSKKM,55.35,55.58129532551354,-0.2312953255135355,Normal,No Offer Needed,False,Regular Customer,False
9108-EJFJP,53.55,53.099764010183776,0.45023598981622115,High Drop,Loyalty Discount Offer,True,Outreach Customer,False
0530-IJVDB,114.6,114.72567341019374,-0.12567341019374112,Normal,No Offer Needed,False,Regular Customer,True
0508-SQWPL,20.1,20.069748393316214,0.030251606683787458,Normal,No Offer Needed,False,Regular Customer,True
2215-ZAFGX,85.5,85.39797841697117,0.10202158302882935,Normal,No Offer Needed,False,Regular Customer,True
8213-TAZPM,108.75,108.19695552037193,0.5530444796280705,High Drop,Premium Entertainment Bundle,True,Outreach Customer,True
7142-HVGBG,103.0,102.80214233920195,0.19785766079805,Normal,No Offer Needed,False,Regular Customer,True
1304-SEGFY,97.85,97.95124586049828,-0.1012458604982811,Normal,No Offer Needed,False,Regular Customer,True
7242-EDTYC,19.55,19.899425943691416,-0.3494259436914149,Normal,No Offer Needed,False,Regular Customer,False
2904-GGUAZ,84.05,83.94080882199158,0.10919117800841605,Normal,No Offer Needed,False,Regular Customer,True
8267-ZNYVZ,103.75,103.71664178873083,0.033358211269174376,Normal,No Offer Needed,False,Regular Customer,True
5136-GFPMB,89.4,89.5143158641857,-0.1143158641856985,Normal,No Offer Needed,False,Regular Customer,True
2595-KIWPV,19.7,20.437144629824484,-0.7371446298244848,Normal,No Offer Needed,False,Regular Customer,False
5243-SAOTC,79.85,79.57884994579238,0.2711500542076095,Normal,No Offer Needed,False,Regular Customer,True
9398-MMQTO,74.45,74.48303870173177,-0.03303870173176904,Normal,No Offer Needed,False,Regular Customer,False
7619-PLRLP,74.1,73.56661957311105,0.5333804268889395,High Drop,Personalized Retention Offer,True,Outreach Customer,True
6457-GIRWB,69.35,69.71382478949161,-0.36382478949161623,Normal,No Offer Needed,False,Regular Customer,False
6508-NJYRO,18.8,19.006926962408016,-0.20692696240801567,Normal,No Offer Needed,False,Regular Customer,False
1450-SKCVI,73.85,73.9226669037638,-0.07266690376380325,Normal,No Offer Needed,False,Regular Customer,True
4710-NKCAW,64.4,64.0735170203377,0.3264829796623019,Normal,No Offer Needed,False,Regular Customer,False
5306-BVTKJ,55.8,55.31568904055606,0.4843109594439383,High Drop,Online Security Add-on,True,Outreach Customer,False
0357-NVCRI,20.05,20.47602476542306,-0.4260247654230582,Normal,No Offer Needed,False,Regular Customer,False
5570-PTWEH,75.15,75.1570217345055,-0.007021734505499921,Normal,No Offer Needed,False,Regular Customer,False
2371-KFUOG,99.15,99.28521615988817,-0.13521615988815938,Normal,No Offer Needed,False,Regular Customer,True
0463-ZSDNT,56.75,56.94353589286121,-0.1935358928612132,Normal,No Offer Needed,False,Regular Customer,False
6502-MJQAE,69.6,69.96151647591167,-0.3615164759116709,Normal,No Offer Needed,False,Regular Customer,False
6257-DTAYD,104.15,104.39664544147536,-0.2466454414753514,Normal,No Offer Needed,False,Regular Customer,True
4616-ULAOA,110.8,110.6580596208954,0.14194037910459656,Normal,No Offer Needed,False,Regular Customer,True
7693-LCKZL,80.15,79.87630018356114,0.27369981643886376,Normal,No Offer Needed,False,Regular Customer,True
7746-AWNQW,35.75,35.49785190191492,0.25214809808507965,Normal,No Offer Needed,False,Regular Customer,False
5996-EBTKM,69.9,69.50488916681324,0.395110833186763,Normal,No Offer Needed,False,Regular Customer,True
2758-RNWXS,89.2,89.557629756408,-0.3576297564080022,Normal,No Offer Needed,False,Regular Customer,True
2314-TNDJQ,55.65,55.67295981408145,-0.02295981408145309,Normal,No Offer Needed,False,Regular Customer,True
2405-LBMUW,50.7,50.53013279164811,0.16986720835189573,Normal,No Offer Needed,False,Regular Customer,True
3454-JFUBC,20.0,20.38367397157226,-0.3836739715722608,Normal,No Offer Needed,False,Regular Customer,True
0032-PGELS,30.5,31.037191981375287,-0.5371919813752868,Normal,No Offer Needed,False,Regular Customer,False
9039-ZVJDC,19.1,19.523312559186945,-0.4233125591869431,Normal,No Offer Needed,False,Regular Customer,False
6797-LNAQX,98.3,98.46087386491459,-0.160873864914592,Normal,No Offer Needed,False,Regular Customer,True
9013-AQORL,45.55,45.535647800773205,0.014352199226792095,Normal,No Offer Needed,False,Regular Customer,False
2898-MRKPI,101.05,100.9821231114446,0.06787688855540353,Normal,No Offer Needed,False,Regular Customer,True
2750-BJLSB,103.7,103.71058091449103,-0.010580914491029603,Normal,No Offer Needed,False,Regular Customer,True
3648-GZPHF,36.25,35.845393413649134,0.4046065863508659,Normal,No Offer Needed,False,Regular Customer,False
2075-RMJIK,49.4,49.04414260661128,0.35585739338871747,Normal,No Offer Needed,False,Regular Customer,False
9588-YRFHY,19.9,20.49070563006388,-0.59070563006388,Normal,No Offer Needed,False,Regular Customer,False
6394-MFYNG,107.4,107.11566157603521,0.28433842396479747,Normal,No Offer Needed,False,Regular Customer,True
1564-NTYXF,82.0,82.23957799698954,-0.23957799698953863,Normal,No Offer Needed,False,Regular Customer,True
9364-YKUVW,19.8,20.087773726695207,-0.28777372669520673,Normal,No Offer Needed,False,Regular Customer,False
5392-AKEMH,45.05,45.23811938312763,-0.18811938312763488,Normal,No Offer Needed,False,Regular Customer,False
2451-YMUXS,64.55,64.37849722409665,0.17150277590334895,Normal,No Offer Needed,False,Regular Customer,True
3914-FDRHP,86.25,86.21910978426372,0.030890215736278037,Normal,No Offer Needed,False,Regular Customer,True
3078-ZKNTS,19.75,20.216921055439585,-0.4669210554395846,Normal,No Offer Needed,False,Regular Customer,False
1024-KPRBB,89.1,88.90277859898745,0.19722140101254126,Normal,No Offer Needed,False,Regular Customer,True
4690-PKDQG,95.55,94.92597419484088,0.6240258051591212,High Drop,Premium Entertainment Bundle,True,Outreach Customer,True
8155-IBNHG,75.4,75.41027839219522,-0.010278392195218089,Normal,No Offer Needed,False,Regular Customer,False
0886-QGENL,101.25,101.25604534536207,-0.006045345362068133,Normal,No Offer Needed,False,Regular Customer,True
9547-ITEFG,102.6,101.94301701249877,0.6569829875012232,High Drop,Premium Entertainment Bundle,True,Outreach Customer,True
1264-FUHCX,56.3,56.36950352133428,-0.06950352133428339,Normal,No Offer Needed,False,Regular Customer,False
7789-CRUVC,94.2,93.81265972184366,0.3873402781563442,Normal,No Offer Needed,False,Regular Customer,True
6598-KELSS,43.05,42.99624389371027,0.05375610628972538,Normal,No Offer Needed,False,Regular Customer,False
8739-WWKDU,89.5,89.40058974816945,0.09941025183054819,Normal,No Offer Needed,False,Regular Customer,True
8685-WHQPW,74.4,74.37541870316964,0.024581296830362476,Normal,No Offer Needed,False,Regular Customer,False
4745-LSPLO,20.5,21.116631424670558,-0.6166314246705582,Normal,No Offer Needed,False,Regular Customer,False
8083-YTZES,74.35,74.53313820327476,-0.1831382032747655,Normal,No Offer Needed,False,Regular Customer,False
7240-FQLHE,99.75,99.51223882095579,0.23776117904421312,Normal,No Offer Needed,False,Regular Customer,True
6664-FPDAC,111.95,111.89085517717393,0.059144822826070254,Normal,No Offer Needed,False,Regular Customer,True
9972-VAFJJ,94.0,93.50408149001264,0.4959185099873622,High Drop,Premium Entertainment Bundle,True,Outreach Customer,True
0422-UXFAP,98.85,98.63194801699295,0.21805198300704376,Normal,No Offer Needed,False,Regular Customer,True
1904-WAJAA,64.35,63.98489551304429,0.3651044869557012,Normal,No Offer Needed,False,Regular Customer,False
5130-YPIRV,72.0,71.75964639505364,0.24035360494636393,Normal,No Offer Needed,False,Regular Customer,True
2843-CQMEG,49.7,49.3240554336126,0.37594456638740326,Normal,No Offer Needed,False,Regular Customer,False
6439-PKTRR,80.7,80.22210061206701,0.47789938793299314,High Drop,Personalized Retention Offer,True,Outreach Customer,True
5351-QESIO,24.2,24.54369272723755,-0.3436927272375492,Normal,No Offer Needed,False,Regular Customer,False
0786-VSSUD,39.0,39.128419594241045,-0.12841959424104488,Normal,No Offer Needed,False,Regular Customer,False
5568-DMXZS,65.45,65.21033656992918,0.23966343007082003,Normal,No Offer Needed,False,Regular Customer,False
8468-FZTOE,74.35,74.14440043886636,0.20559956113363853,Normal,No Offer Needed,False,Regular Customer,True
6633-SYEUS,83.2,82.6796694490488,0.5203305509512006,High Drop,Premium Entertainment Bundle,True,Outreach Customer,True
6447-GORXK,25.0,25.46650316477637,-0.46650316477636977,Normal,No Offer Needed,False,Regular Customer,False
6967-PEJLL,40.2,40.219964527843636,-0.01996452784363356,Normal,No Offer Needed,False,Regular Customer,False
3976-BWUCK,94.1,93.76449469420147,0.3355053057985202,Normal,No Offer Needed,False,Regular Customer,True
5981-ZVXOT,108.35,108.04728668619677,0.3027133138032241,Normal,No Offer Needed,False,Regular Customer,True
1684-FLBGS,69.5,68.90517248085965,0.5948275191403525,High Drop,Loyalty Discount Offer,True,Outreach Customer,False
1389-WNUIB,76.0,75.70261847420304,0.29738152579696475,Normal,No Offer Needed,False,Regular Customer,False
0376-OIWME,93.6,93.79287029710684,-0.19287029710685033,Normal,No Offer Needed,False,Regular Customer,True
3585-ISXZP,95.65,95.56776300633908,0.08223699366092774,Normal,No Offer Needed,False,Regular Customer,True
0218-QNVAS,100.55,100.33989878348767,0.21010121651232794,Normal,No Offer Needed,False,Regular Customer,True
6583-QGCSI,88.05,87.83365275970608,0.2163472402939135,Normal,No Offer Needed,False,Regular Customer,True
0804-YGEQV,24.45,24.216594821023087,0.2334051789769127,Normal,No Offer Needed,False,Regular Customer,False
7164-BPTUT,89.55,89.04396735391994,0.5060326460800582,High Drop,Personalized Retention Offer,True,Outreach Customer,True
4174-LPGTI,66.5,66.21881093686612,0.2811890631338798,Normal,No Offer Needed,False,Regular Customer,False
2523-EWWZL,76.1,75.8790738527044,0.22092614729560012,Normal,No Offer Needed,False,Regular Customer,False
0928-XUTSN,80.5,80.69154980641063,-0.19154980641063446,Normal,No Offer Needed,False,Regular Customer,True
2108-XWMPY,35.45,35.80790379494187,-0.3579037949418691,Normal,No Offer Needed,False,Regular Customer,False
0052-YNYOT,20.55,20.598852080010307,-0.048852080010306054,Normal,No Offer Needed,False,Regular Customer,True
6304-IJFSQ,49.9,49.773130589305474,0.12686941069452473,Normal,No Offer Needed,False,Regular Customer,False
9586-JGQKH,105.4,105.34024206755312,0.05975793244688532,Normal,No Offer Needed,False,Regular Customer,True
4501-VCPFK,35.75,36.034924558437496,-0.28492455843749553,Normal,No Offer Needed,False,Regular Customer,False
6075-SLNIL,95.1,94.95110837156687,0.14889162843311965,Normal,No Offer Needed,False,Regular Customer,True
9347-AERRL,19.3,19.846767617519646,-0.5467676175196452,Normal,No Offer Needed,False,Regular Customer,False
0093-XWZFY,104.5,104.41372312229736,0.08627687770264458,Normal,No Offer Needed,False,Regular Customer,True
2274-XUATA,63.1,63.14774747884598,-0.0477474788459773,Normal,No Offer Needed,False,Regular Customer,True
1980-KXVPM,75.05,75.1985585706288,-0.14855857062880773,Normal,No Offer Needed,False,Regular Customer,False
7703-ZEKEF,81.0,80.97829584251012,0.02170415748987864,Normal,No Offer Needed,False,Regular Customer,True
0723-DRCLG,74.45,74.4305601284319,0.019439871568096123,Normal,No Offer Needed,False,Regular Customer,False
5482-NUPNA,60.4,60.107380416021506,0.2926195839784924,Normal,No Offer Needed,False,Regular Customer,False
6691-CCIHA,84.95,84.90312453560347,0.04687546439653545,Normal,No Offer Needed,False,Regular Customer,True
1685-BQULA,93.4,92.754873788323,0.6451262116770096,High Drop,Premium Entertainment Bundle,True,Outreach Customer,True
9053-EJUNL,89.2,89.00122198273814,0.1987780172618585,Normal,No Offer Needed,False,Regular Customer,True
0666-UXTJO,85.2,85.00451159677382,0.19548840322617878,Normal,No Offer Needed,False,Regular Customer,True
1471-GIQKQ,49.95,49.99841088796056,-0.04841088796055715,Normal,No Offer Needed,False,Regular Customer,False
4807-IZYOZ,20.65,20.943667516548214,-0.293667516548215,Normal,No Offer Needed,False,Regular Customer,True
1122-JWTJW,70.65,70.38328015016047,0.26671984983953223,Normal,No Offer Needed,False,Regular Customer,False
9710-NJERN,20.15,20.359581104049223,-0.20958110404922436,Normal,No Offer Needed,False,Regular Customer,False
9837-FWLCH,19.2,19.681565011492324,-0.4815650114923251,Normal,No Offer Needed,False,Regular Customer,False
1699-HPSBG,59.8,60.03675345714309,-0.23675345714309515,Normal,No Offer Needed,False,Regular Customer,False
7203-OYKCT,104.95,104.93769618512337,0.012303814876631236,Normal,No Offer Needed,False,Regular Customer,True
1035-IPQPU,103.5,103.18586297579874,0.31413702420125844,Normal,No Offer Needed,False,Regular Customer,True
7398-LXGYX,84.8,84.6057943561955,0.19420564380449434,Normal,No Offer Needed,False,Regular Customer,True
2823-LKABH,95.05,94.61217392664277,0.437826073357229,High Drop,Premium Entertainment Bundle,True,Outreach Customer,True
8775-CEBBJ,44.2,44.42145496593253,-0.22145496593253,Normal,No Offer Needed,False,Regular Customer,False
0550-DCXLH,73.35,72.91932387010445,0.43067612989554505,High Drop,Loyalty Discount Offer,True,Outreach Customer,False
9281-CEDRU,64.1,63.742940587341124,0.3570594126588702,Normal,No Offer Needed,False,Regular Customer,True
2235-DWLJU,44.4,45.02640170526965,-0.6264017052696502,Normal,No Offer Needed,False,Regular Customer,False
0871-OPBXW,20.05,20.392104509104307,-0.34210450910430623,Normal,No Offer Needed,False,Regular Customer,False
3605-JISKB,60.0,59.78548805116588,0.21451194883412228,Normal,No Offer Needed,False,Regular Customer,True
6894-LFHLY,75.75,75.9303181609827,-0.1803181609826936,Normal,No Offer Needed,False,Regular Customer,False
9767-FFLEM,69.5,69.71834203625211,-0.21834203625211046,Normal,No Offer Needed,False,Regular Customer,False
0639-TSIQW,102.95,102.89776112073466,0.05223887926534587,Normal,No Offer Needed,False,Regular Customer,True
8456-QDAVC,78.7,78.6318071944494,0.06819280555060914,Normal,No Offer Needed,False,Regular Customer,False
7750-EYXWZ,60.65,60.71536125780606,-0.06536125780606028,Normal,No Offer Needed,False,Regular Customer,False
2569-WGERO,21.15,21.181728168092796,-0.03172816809279766,Normal,No Offer Needed,False,Regular Customer,True
6840-RESVB,84.8,84.00525024557042,0.7947497544295743,High Drop,Personalized Retention Offer,True,Outreach Customer,True
2234-XADUH,103.2,102.8885112824038,0.31148871759620533,Normal,No Offer Needed,False,Regular Customer,True
4801-JZAZL,29.6,30.034227053247424,-0.4342270532474224,Normal,No Offer Needed,False,Regular Customer,False
8361-LTMKD,74.4,74.08140423597484,0.31859576402516154,Normal,No Offer Needed,False,Regular Customer,False
3186-AJIEK,105.65,105.95724983432032,-0.3072498343203165,Normal,No Offer Needed,False,Regular Customer,True
